0x0000007101AA6008,_ZN10EdRefBound11mShapeTypesE
0x0000007101AA6038,_ZTV5Bound
0x0000007101AA6298,_ZTV22BoundEdPlaceableHelper
0x0000007101AA6400,_ZTV10EdRefBound
0x0000007101AA64A0,_ZTV17CreatureSetSystem
0x0000007101AA65F0,_ZTV18CreatureSetManager
0x0000007101AA66B8,_ZTV17CreatureSetHelper
0x0000007101AA6820,LegoCityExtraActionData
0x0000007101AA9F80,_ZTV15LCDialogueEntry
0x0000007101AA9FA0,_ZTV16LCDialogueSystem
0x0000007101AAA0F0,g_LCDialogueTypeNames
0x0000007101AAA100,g_LCDialogueTypeMap
0x0000007101AAACB0,_ZTV26DynamicallyAvailableObject
0x0000007101AAACF0,_ZTV17DynamicScriptStub
0x0000007101AAAD68,_ZTV14CustomRenderer
0x0000007101AAADC0,_ZTV20CustomRendererClient
0x0000007101AAADF0,_ZN18CustomRenderSystem25s_DefaultDynamicGroupNameE
0x0000007101AAADF8,_ZTV18CustomRenderSystem
0x0000007101AAAF48,_ZTV18TestCustomRenderer
0x0000007101AAAFA0,_ZTV22TestCustomRenderClient
0x0000007101AAB218,_ZTV16KestrelAbilities
0x0000007101AAB360,_ZTV16KestrelDropInOut
0x0000007101AAB4C8,_ZTV16DropOutInhibitor
0x0000007101AAB740,_ZTV37SAction_Achievements_MarkChapterStart
0x0000007101AAB780,_ZTV40SAction_Achievements_MarkChapterComplete
0x0000007101AAB7C0,_ZTV10LegoCityAI
0x0000007101AABA80,_ZTV19GenericEventCreatorI21GameObjectScriptEventE
0x0000007101AABA98,_ZTV18ScriptEventCreator
0x0000007101AABAB0,_ZTV6CStackIP14ScriptVariableLi16EE
0x0000007101AABAD0,_ZTV19GenericEventCreatorI18VanillaScriptEventE
0x0000007101AABAE8,_ZTV19GenericEventCreatorI27PlayerGameObjectScriptEventE
0x0000007101AABB00,_ZTV19GenericEventCreatorI18VehicleScriptEventE
0x0000007101AABB18,_ZTV19GenericEventCreatorI24PlayerVehicleScriptEventE
0x0000007101AABB30,_ZTV19GenericEventCreatorI25KrawlieVehicleScriptEventE
0x0000007101AABB48,_ZTV19GenericEventCreatorIN15LegoCityPickups27AllGoldBricksCollectedEventEE
0x0000007101AABB60,_ZTV19GenericEventCreatorI38VehicleToVehicleInteractionScriptEventE
0x0000007101AABB78,_ZTV19GenericEventCreatorI16GizmoScriptEventE
0x0000007101AABB90,_ZTV19GenericEventCreatorI21FastTravelScriptEventE
0x0000007101AABBA8,_ZTV19GenericEventCreatorI27LegacyFastTravelScriptEventE
0x0000007101AABE20,legocity_aiactiondefs
0x0000007101AAC060,legocity_aiconditiondefs
0x0000007101AAC180,_ZN15LegoCityBlowups15CitySaveVersionE
0x0000007101AAC188,_ZTV14LegoCityBlowup
0x0000007101AAC730,_ZTV15LegoCityBlowups
0x0000007101AACA70,_ZTV18LegoCityCharacters
0x0000007101AACC68,id_Alien
0x0000007101AACC6A,id_Cat
0x0000007101AACC6C,id_TransportWorker
0x0000007101AACC6E,id_Workman
0x0000007101AACC70,id_TowTruckDriver
0x0000007101AACC72,id_Novelty_Conduit
0x0000007101AACC74,id_Novelty_Megafig
0x0000007101AACC76,id_Cameo_PiranhaPlant
0x0000007101AACC78,id_Novelty_Prowler
0x0000007101AACC7A,id_Shark
0x0000007101AACC7C,id_Pig
0x0000007101AACC7E,id_TRex
0x0000007101AACC80,CharFixUp_LegoCity
0x0000007101AACD50,_ZTV13LegoCityCData
0x0000007101AACF30,_ZN18LegoCityCharacters17sCustomCharactersE
0x0000007101AACF70,CarName
0x0000007101AAD4E0,_ZTV22LegoCityCharacterDebug
0x0000007101AAD630,_ZTV25LCNoCollisionDynoListener
0x0000007101AAD6E0,_ZTVN18LegoCityCharacters8SaveLoadE
0x0000007101AAD720,_ZTV10COLLECTION
0x0000007101AAD740,_ZTV20cLoadSaveManagerItem
0x0000007101AAD780,_ZN22LegoCityShopCategories30m_brickBoardToColourTableIndexE
0x0000007101AAD7A0,_ZTV15LegoCityDigging
0x0000007101AAD9D8,_ZTV13LegoCityDoors
0x0000007101AADC78,_ZN15DropPointGizmos16s_inputDropPointE
0x0000007101AADC7C,DROPPOINT_ZOFFSET
0x0000007101AADC80,_ZN15DropPointGizmos17CONTEXT_DROPPOINTE
0x0000007101AADC88,_ZTV15DropPointGizmos
0x0000007101AADEE0,_ZN15DropPointGizmos8MainMenu11m_vehicleIDE
0x0000007101AADEE4,_ZN15DropPointGizmos8MainMenu12m_creatureIDE
0x0000007101AADEE8,_ZTV14DropPointGizmo
0x0000007101AAE430,_ZTV19DroppedVehicleAddOn
0x0000007101AAE6A0,_ZTV21DropPointGizmoManager
0x0000007101AAE8C8,_ZTV23DropPointContextHandler
0x0000007101AAE9A0,_ZTV20DropPointGizmoHelper
0x0000007101AAEB20,_ZTV21DropPointInputTrigger
0x0000007101AAEB60,_ZTVN9NuMechPtrI5GizmoLi16EE11ManagedBaseE
0x0000007101AAEB80,_ZTV22LegoContextHandlerBaseI23DropPointContextHandlerE
0x0000007101AAEC98,_ZN16LegoCityFighting16CONTEXT_HANDCUFFE
0x0000007101AAEC9C,_ZN16LegoCityFighting18CONTEXT_HANDCUFFEDE
0x0000007101AAECA0,_ZN16LegoCityFighting15sm_FinishChanceE
0x0000007101AAECA4,_ZN16LegoCityFighting14sm_inputTackleE
0x0000007101AAECA8,_ZN16LegoCityFighting15sm_inputCounterE
0x0000007101AAECAC,_ZN16LegoCityFighting13sm_inputThrowE
0x0000007101AAECB0,_ZN16LegoCityFighting12sm_inputGrabE
0x0000007101AAECB4,_ZN16LegoCityFighting14sm_inputArrestE
0x0000007101AAECB8,_ZTV16LegoCityFighting
0x0000007101AAEF70,_ZTV26MechKrawlieSimpleHookHitBy
0x0000007101AAEF88,_ZTV16LegoCityFloating
0x0000007101AAF110,_ZTV18LegoCityFlowHelper
0x0000007101AAF2A8,_ZTV18LegoCityFlowSystem
0x0000007101AAF3F8,_ZTV27LegoCityVehiclePerfOverride
0x0000007101AAF418,s_vehiclePerfOverride
0x0000007101AAF420,_ZTV35LegoCityLiveReflectionsPerfOverride
0x0000007101AAF440,s_liveReflectionsPerfOverride
0x0000007101AAF448,_ZTV30LegoCityPedestrianPerfOverride
0x0000007101AAF468,s_pedestrianPerfOverride
0x0000007101AAF470,CheatList_LegoCity
0x0000007101AAF990,g_bLoadPermCityDataOnStartup
0x0000007101AAF998,_ZTV12LegoCityGame
0x0000007101AB0388,aDefault_0
0x0000007101AB03D0,aLadder2_0
0x0000007101AB0460,aCityLadder
0x0000007101AB0AF8,_ZTV20SAction_SetTimeOfDay
0x0000007101AB0B38,_ZTV26SAction_UseLiveReflections
0x0000007101AB0B78,_ZTV22SAction_UsePedestrians
0x0000007101AB0BB8,_ZTV27SAction_ReplayingStandalone
0x0000007101AB0BF8,_ZTV23NuPerfOverridePVSVolume
0x0000007101AB0C10,_ZTV19FirstPointCollector
0x0000007101AB0C38,_ZTV8SVarBool
0x0000007101AB0C90,_ZTV10SVarScalarIbE
0x0000007101AB0CE8,_ZTVN17DummyMenu_NoPause14CloseEventDataE
0x0000007101AB0D28,_ZN19LegoCityGameObjects11CONTEXT_UFOE
0x0000007101AB0D2C,_ZN19LegoCityGameObjects20CONTEXT_CHERRYPICKERE
0x0000007101AB0D30,_ZN19LegoCityGameObjects18CONTEXT_DRILLSHOCKE
0x0000007101AB0D34,_ZN19LegoCityGameObjects21CONTEXT_KNOCKDOWN_HITE
0x0000007101AB0D38,_ZN19LegoCityGameObjects17CONTEXT_KNOCKDOWNE
0x0000007101AB0D3C,_ZN19LegoCityGameObjects23CONTEXT_KNOCKDOWN_GETUPE
0x0000007101AB0D40,_ZN19LegoCityGameObjects17CONTEXT_TREADMILLE
0x0000007101AB0D44,_ZN19LegoCityGameObjects18CONTEXT_BENCHPRESSE
0x0000007101AB0D48,_ZN19LegoCityGameObjects21CONTEXT_BUCKINGBRONCOE
0x0000007101AB0D4C,_ZN19LegoCityGameObjects17CONTEXT_RIDEALONGE
0x0000007101AB0D50,_ZN19LegoCityGameObjects17CONTEXT_LABYRINTHE
0x0000007101AB0D54,_ZN19LegoCityGameObjects15CONTEXT_FISHINGE
0x0000007101AB0D58,_ZN19LegoCityGameObjects18CONTEXT_BASKETBALLE
0x0000007101AB0D5C,_ZN19LegoCityGameObjects17CONTEXT_HOOKADUCKE
0x0000007101AB0D60,_ZN19LegoCityGameObjects20CONTEXT_VERTICALMAZEE
0x0000007101AB0D64,_ZN19LegoCityGameObjects18CONTEXT_PIPEPUZZLEE
0x0000007101AB0D68,_ZN19LegoCityGameObjects14CONTEXT_DJDECKE
0x0000007101AB0D6C,_ZN19LegoCityGameObjects18CONTEXT_COCONUTSHYE
0x0000007101AB0D70,_ZN19LegoCityGameObjects11s_RexFuryIdE
0x0000007101AB0D78,_ZTV18LegoCityGameObject
0x0000007101AB0DF8,_ZTV19LegoCityGameObjects
0x0000007101AB1318,_ZN12OverHeadIcon11gFadeUpTimeE
0x0000007101AB1320,_ZTV21DynamicScriptVariableI12ApiCharacterE
0x0000007101AB13B8,_ZTV12OverHeadIcon
0x0000007101AB13D8,_ZTV13BoltEventData
0x0000007101AB1428,_ZTV22LegoContextHandlerBaseI19KnockdownHitContextE
0x0000007101AB1500,_ZTV22LegoContextHandlerBaseI21KnockdownGetupContextE
0x0000007101AB15D8,_ZTV22LegoContextHandlerBaseI17ButtonGameContextE
0x0000007101AB16B0,_ZTV25LegoCityLegoGlowTargeting
0x0000007101AB1830,_ZN16CityGizmoGrapple10SubVersionE
0x0000007101AB1838,_ZTV16LegoCityGrapples
0x0000007101AB1B10,_ZTV16CityGizmoGrapple
0x0000007101AB2068,_ZN13LegoCityHints16s_shrunHintTableE
0x0000007101AB3598,_ZTV13LegoCityHints
0x0000007101AB3760,classItems
0x0000007101AB3CA0,_ZTV13LegoCityItems
0x0000007101AB40C0,_ZTV19LegoCityItemManager
0x0000007101AB42E8,_ZTVN19LegoCityItemManager16ItemHintListenerE
0x0000007101AB4318,_ZTV25LegoItemItemOnlyEventData
0x0000007101AB45E0,_ZTV14LegoCityLedges
0x0000007101AB4898,_ZTV13LegoCityLedge
0x0000007101AB4DF0,_ZTV22LegoCityLedgesListener
0x0000007101AB4E20,_ZTV20LegoCityLedgeManager
0x0000007101AB5050,_ZN17LegoCityObstacles21sSpecialButtonPressedE
0x0000007101AB5054,CONTEXT_DETECTIVE_MODE
0x0000007101AB5058,_ZTV16LegoCityObstacle
0x0000007101AB5648,_ZTV23LegoCityObstacleManager
0x0000007101AB5870,_ZTV27DetectiveModeContextHandler
0x0000007101AB5948,_ZTV17LegoCityObstacles
0x0000007101AB5C98,_ZTV13BoolEventDataI13DetectiveModeE
0x0000007101AB5CC0,_ZTV22LegoContextHandlerBaseI27DetectiveModeContextHandlerE
0x0000007101AB5D98,GizmoPickupTypeLegoCity
0x0000007101AB6F20,PickupSys_LegoCity
0x0000007101AB6F58,_ZN15LegoCityPickups19s_UpdatePickupTimerE
0x0000007101AB6F60,_ZTV15LegoCityPickups
0x0000007101AB7218,_ZTVN15LegoCityPickups8SaveLoadE
0x0000007101AB7258,_ZTV15CityGizmoPickup
0x0000007101AB7790,_ZTVN15LegoCityPickups27AllGoldBricksCollectedEventE
0x0000007101AB77C0,_ZTV18LegoCityPoleClimbs
0x0000007101AB79F0,_ZTV17LegoCityPushBlock
0x0000007101AB7F80,_ZTV18LegoCityPushBlocks
0x0000007101AB8210,_ZTV22LegoCityProgressSystem
0x0000007101AB8378,_ZN16SuperBuildGizmos17s_inputSuperBuildE
0x0000007101AB837C,SUPERBUILD_ZOFFSET
0x0000007101AB8380,_ZN16SuperBuildGizmos18CONTEXT_SUPERBUILDE
0x0000007101AB8384,SUPERBUILD_FADETIME
0x0000007101AB8388,_ZTV16SuperBuildGizmos
0x0000007101AB85F0,_ZTV15SuperBuildGizmo
0x0000007101AB8B38,_ZTV22SuperBuildGizmoManager
0x0000007101AB8D60,_ZTV24SuperBuildContextHandler
0x0000007101AB8E38,_ZTV21SuperBuildGizmoHelper
0x0000007101AB8FB8,_ZTV22SuperBuildInputTrigger
0x0000007101AB8FF8,_ZTV22LegoContextHandlerBaseI24SuperBuildContextHandlerE
0x0000007101AB9100,_ZN15LegoCityTagging18s_CanShowTagButtonE
0x0000007101AB9108,_ZTV15LegoCityTagging
0x0000007101AB9318,_ZTV18CityGizmoLightBeam
0x0000007101AB9850,_ZTV18LegoCityLightBeams
0x0000007101AB9AB0,_ZTV24LegoCityLightBeamManager
0x0000007101AB9CE0,_ZTV15CityGizmoPuzzle
0x0000007101ABA210,_ZTV22CityGizmoPuzzleManager
0x0000007101ABA448,_ZTV15LegoCityPuzzles
0x0000007101ABA6D8,_ZTV15LegoCityRemotes
0x0000007101ABA8D0,_ZTV23LegoCityRenderContainer
0x0000007101ABA998,_ZTV14LegoCityRender
0x0000007101ABAB00,_ZTV20LegoCityRenderHelper
0x0000007101ABAC68,_ZN21LegoCitySplashScreens18s_postcardFadeTimeE
0x0000007101ABAC6C,_ZN21LegoCitySplashScreens19s_postcardPauseTimeE
0x0000007101ABAC70,_ZN21LegoCitySplashScreens25s_postcardBlankScreenTimeE
0x0000007101ABAC74,_ZN21LegoCitySplashScreens28s_debugShortPostcardFadeTimeE
0x0000007101ABAC78,_ZN21LegoCitySplashScreens29s_debugShortPostcardPauseTimeE
0x0000007101ABAC7C,_ZN21LegoCitySplashScreens35s_debugShortPostcardBlankScreenTimeE
0x0000007101ABAC80,_ZTV21LegoCitySplashScreens
0x0000007101ABACE0,_ZTV21LegoCitySuperCounters
0x0000007101ABAE30,_ZTV22SAction_SuperCounterUI
0x0000007101ABAE70,_ZTV29SAction_SuperCounterUIAndAnim
0x0000007101ABAEB0,_ZTV34SAction_SuperCounterUI_NoGoldBrick
0x0000007101ABAEF0,_ZTV39SAction_SuperCounterUI_NoGoldBrick_Text
0x0000007101ABAF30,_ZTV46SAction_SuperCounterUI_NoGoldBrickAndAnim_Text
0x0000007101ABAF70,_ZTV41SAction_SuperCounterUI_NoGoldBrickAndAnim
0x0000007101ABAFB0,_ZTV28SAction_RegisterSuperCounter
0x0000007101ABAFF0,_ZTV14LegoCitySwitch
0x0000007101ABB598,_ZN16LegoCitySwitches29m_buttonMash_OnPressIncrementE
0x0000007101ABB59C,_ZN16LegoCitySwitches20m_buttonMash_TimeOutE
0x0000007101ABB5A0,_ZN16LegoCitySwitches22m_buttonMash_ChainTimeE
0x0000007101ABB5B0,_ZN16LegoCitySwitches24m_buttonMash_FailPenaltyE
0x0000007101ABB5B4,_ZN16LegoCitySwitches21m_buttonMash_HoldTimeE
0x0000007101ABB5B8,_ZTV16LegoCitySwitches
0x0000007101ABB898,_ZTV21LegoCitySwitchManager
0x0000007101ABBAC0,_ZTV26LegoCitySwitchInputTrigger
0x0000007101ABBB10,_ZTV28LegoCitySwitchContextHandler
0x0000007101ABBBE8,_ZTV34GizmoAction_LegoGizmoSwapperColour
0x0000007101ABBC30,_ZTV37GizmoAction_LegoGizmoGetSwapperColour
0x0000007101ABBC78,_ZTV9SVarFloat
0x0000007101ABBCD0,_ZTV10SVarScalarIfE
0x0000007101ABBD28,_ZTV22LegoContextHandlerBaseI24LegoSwitchContextHandlerE
0x0000007101ABBE20,TargetIsSimpleProp
0x0000007101ABBE28,_ZTV16LegoCityShooting
0x0000007101ABC058,_ZTV16LegoCitySaveGame
0x0000007101ABC1E0,_ZN14CityAutoCheats15AutoCheatIDListE
0x0000007101ABC1F4,_ZN14CityAutoCheats17AutoCheatListSizeE
0x0000007101ABC1F8,_ZTV23SAction_TriggerAutoSave
0x0000007101ABC238,_ZTV17CityResumeHandler
0x0000007101ABC268,_ZTV19CityRestoreLoadSave
0x0000007101ABC2A8,_ZTV24SAction_CityResume_Reset
0x0000007101ABC2E8,_ZTV30SAction_CityResume_SetCutscene
0x0000007101ABC328,_ZTV26SAction_CityResume_SetDoor
0x0000007101ABC368,TechnoType_LEGOCITY
0x0000007101ABC8A8,_ZTV15CityGizmoTechno
0x0000007101ABCDF0,_ZTV15LegoCityTechnos
0x0000007101ABD048,_ZTV26LegoCityGizmoTechnoManager
0x0000007101ABD518,_ZTV25GizmoTeleportViaDoorAddOn
0x0000007101ABD790,_ZTV17LegoCityTeleports
0x0000007101ABDA18,_ZTV18LegoCityTightRopes
0x0000007101ABDC38,_ZTV24LegoCityTightRopeManager
0x0000007101ABDE60,_ZTV13LegoCityTubes
0x0000007101ABE098,_ZTV15LegoCityTurrets
0x0000007101ABE2C0,Citygizturret_test_ang
0x0000007101ABE2C4,Citygizturret_rapid_fire_rate
0x0000007101ABE2C8,_ZTV15CityGizmoTurret
0x0000007101ABE800,_ZTV25FlowCommonInterface_Gizmo
0x0000007101ABE938,_ZTV25LegoGizmoPhantomInterface
0x0000007101ABE988,_ZTV22CityGizmoTurretManager
0x0000007101ABEBB0,_ZTV19CityGizTurretHelper
0x0000007101ABED30,_ZTV15LegoCityUnlocks
0x0000007101ABEE80,_ZTV23LegoCityUnlocksSaveLoad
0x0000007101ABEEC0,_ZTV25SAction_IsAbilityUnlocked
0x0000007101ABEF00,_ZTV21SAction_UnlockAbility
0x0000007101ABEF40,_ZTV19SAction_LockAbility
0x0000007101ABEF80,_ZTV22SAction_UnlockSequence
0x0000007101ABEFC0,_ZTV29SAction_UnlockSequenceAndAnim
0x0000007101ABF000,_ZTV22AbilityUnlockEventData
0x0000007101ABF028,VehicleClass_Names
0x0000007101ABF0B0,_ZTV16LegoCityVehicles
0x0000007101ABF268,_ZTV13LegoCityWhips
0x0000007101ABF3C8,_ZTV24LegoCityGizmoPlugManager
0x0000007101ABF5F0,_ZTV13LegoCityPlugs
0x0000007101ABF858,_ZN11LegoParkour16CONTEXT_MOVESEEKE
0x0000007101ABF85C,_ZN11LegoParkour12CONTEXT_MOVEE
0x0000007101ABF860,_ZN11LegoParkour15CONTEXT_MOVEENDE
0x0000007101ABF864,_ZN11LegoParkour18CONTEXT_MOVEEND_TRE
0x0000007101ABF868,_ZN11LegoParkour11CONTEXT_QTEE
0x0000007101ABF86C,_ZN11LegoParkour11REWARD_TIMEE
0x0000007101ABF870,_ZN11LegoParkour21m_useNewParkourStreakE
0x0000007101ABF878,_ZTV11LegoParkour
0x0000007101ABF9C8,_ZTVN11LegoParkour11MoveContextE
0x0000007101ABFAA0,_ZTVN11LegoParkour14MoveEndContextE
0x0000007101ABFB78,_ZTVN11LegoParkour23MoveEndTrackRootContextE
0x0000007101ABFC50,_ZTVN11LegoParkour10QTEContextE
0x0000007101AC0158,_ZTV18LegoParkourManager
0x0000007101AC0220,_ZN10QTEHandler12sm_qteChanceE
0x0000007101AC0224,_ZN10QTEHandler15sm_qteDownSpeedE
0x0000007101AC0228,_ZN10QTEHandler16sm_qteCameraZoomE
0x0000007101AC0230,_ZTV22LegoContextHandlerBaseIN11LegoParkour11MoveContextEE
0x0000007101AC0308,_ZTV22LegoContextHandlerBaseIN11LegoParkour14MoveEndContextEE
0x0000007101AC03E0,_ZTV22LegoContextHandlerBaseIN11LegoParkour23MoveEndTrackRootContextEE
0x0000007101AC04B8,_ZTV22LegoContextHandlerBaseIN11LegoParkour10QTEContextEE
0x0000007101AC0590,_ZN11SkidContext12CONTEXT_SKIDE
0x0000007101AC0598,_ZTV11SkidContext
0x0000007101AC0670,_ZTV22LegoContextHandlerBaseI11SkidContextE
0x0000007101AC0748,_ZN12VaultContext13CONTEXT_VAULTE
0x0000007101AC0750,_ZTV12VaultContext
0x0000007101AC0828,_ZTV22LegoContextHandlerBaseI12VaultContextE
0x0000007101AC0900,_ZN14WallRunContext15CONTEXT_WALLRUNE
0x0000007101AC0904,_ZN14WallRunContext24WALLRUN_Y_MAX_FOR_TARGETE
0x0000007101AC0908,_ZN14WallRunContext13WALLRUN_Y_MAXE
0x0000007101AC090C,_ZN14WallRunContext13WALLRUN_X_MAXE
0x0000007101AC0910,_ZN14WallRunContext24WALLRUN_Y_MAX_AFTER_PROPE
0x0000007101AC0914,_ZN14WallRunContext24WALLRUN_X_MAX_AFTER_PROPE
0x0000007101AC0918,_ZN14WallRunContext27WALLRUN_LAUNCH_MAX_X_TARGETE
0x0000007101AC091C,_ZN14WallRunContext25WALLRUN_LAUNCH_FACING_TOLE
0x0000007101AC0920,_ZN14WallRunContext19WALLRUN_SPEED_SCALEE
0x0000007101AC0924,_ZN14WallRunContext25WALLRUN_SLIDE_SPEED_SCALEE
0x0000007101AC0928,_ZN14WallRunContext18WALLRUN_JUMP_ANGLEE
0x0000007101AC092C,_ZN14WallRunContext18WALLRUN_JUMP_SCALEE
0x0000007101AC0930,_ZN14WallRunContext24WALLRUN_JUMP_SPEED_SCALEE
0x0000007101AC0934,_ZN14WallRunContext13WALLRUN_DELAYE
0x0000007101AC0938,_ZN14WallRunContext14WALLRUN_SFX_IDE
0x0000007101AC093C,_ZN14WallRunContext29WALLRUN_CORNER_GRAB_TOLERANCEE
0x0000007101AC0940,_ZN14WallRunContext23WALLRUN_CORNER_Y_OFFSETE
0x0000007101AC0944,_ZN14WallRunContext23WALLRUN_CORNER_X_OFFSETE
0x0000007101AC0948,_ZN14WallRunContext16JUMP_ACTION_LEFTE
0x0000007101AC094A,_ZN14WallRunContext17JUMP_ACTION_RIGHTE
0x0000007101AC094C,_ZN14WallRunContext27JUMP_ACTION_LEFT_FROM_STANDE
0x0000007101AC094E,_ZN14WallRunContext28JUMP_ACTION_RIGHT_FROM_STANDE
0x0000007101AC0950,_ZTV19WallRunPropListener
0x0000007101AC0A00,_ZTV18WallRunPropPhantom
0x0000007101AC0A78,_ZTV14WallRunContext
0x0000007101AC0B50,_ZTV22LegoContextHandlerBaseI14WallRunContextE
0x0000007101AC0C28,_ZTV19WallHugStartPhantom
0x0000007101AC0CA0,_ZN14WallHugContext15WALLHUG_ZOFFSETE
0x0000007101AC0CA4,_ZN14WallHugContext15WALLHUG_YOFFSETE
0x0000007101AC0CA8,_ZN14WallHugContext15CONTEXT_WALLHUGE
0x0000007101AC0CAC,_ZN14WallHugContext25WALLHUG_START_Y_TOLERANCEE
0x0000007101AC0CB0,_ZN14WallHugContext17WALLHUG_ENDBUFFERE
0x0000007101AC0CB4,_ZN14WallHugContext25WALLHUG_OUTERCORNERBUFFERE
0x0000007101AC0CB8,_ZN14WallHugContext25WALLHUG_INNERCORNERBUFFERE
0x0000007101AC0CC0,_ZTV14WallHugContext
0x0000007101AC0D98,_ZTV22LegoContextHandlerBaseI14WallHugContextE
0x0000007101AC0E70,_ZN14PostHopContext16MAX_HOP_DISTANCEE
0x0000007101AC0E74,_ZN14PostHopContext14MAX_HOP_HEIGHTE
0x0000007101AC0E78,_ZTV14PostHopManager
0x0000007101AC0F40,_ZN14PostHopContext15CONTEXT_POSTHOPE
0x0000007101AC0F44,_ZN14PostHopContext13ANG_TOLERANCEE
0x0000007101AC0F48,_ZN14PostHopContext14ATTRACT_RADIUSE
0x0000007101AC0F4C,_ZN14PostHopContext14ATTRACT_HEIGHTE
0x0000007101AC0F50,_ZN14PostHopContext10LAND_RANGEE
0x0000007101AC0F54,_ZN14PostHopContext17FALL_Z_SPEED_MULTE
0x0000007101AC0F58,_ZN14PostHopContext19HOP_JUMP_SPEED_MULTE
0x0000007101AC0F5C,_ZN14PostHopContext19HOP_JUMP_MAX_HEIGHTE
0x0000007101AC0F60,_ZN14PostHopContext19ACT_POSTHOP_JUMP_ONE
0x0000007101AC0F62,_ZN14PostHopContext21ACT_POSTHOP_INTO_LANDE
0x0000007101AC0F64,_ZN14PostHopContext13s_aimAngleCosE
0x0000007101AC0F68,_ZTV14PostHopContext
0x0000007101AC10F8,_ZTV22LegoContextHandlerBaseI14PostHopContextE
0x0000007101AC11D0,_ZTV15SatNavUIHandler
0x0000007101AC11F8,_ZTV16CitySatNavSystem
0x0000007101AC13C0,_ZN12CityKrawlies10s_bEnabledE
0x0000007101AC13C8,_ZTV12CityKrawlies
0x0000007101AC1588,_ZTV37CityKrawlieSimpleHookCivilianAttacked
0x0000007101AC15A0,_ZTV26MechVehicleObjectEventData
0x0000007101AC15C8,_ZTV18CityKrawlieManager
0x0000007101AC16F0,_ZTV35MechKrawlieSimpleHookOverrideTypeId
0x0000007101AC1708,_ZTV40MechKrawlieSimpleHookBigScaryObjectClose
0x0000007101AC1720,_ZTV32SAction_TriggerKrawliesMassPanic
0x0000007101AC1760,_ZTV33SAction_ConvertKrawlieToCharacter
0x0000007101AC17A0,_ZTV27SAction_SetKrawlieRendering
0x0000007101AC17E0,_ZTV28SAction_SetKrawlieProcessing
0x0000007101AC1820,_ZTV35SAction_OverrideKrawlieLODDistances
0x0000007101AC1860,_ZTV40SAction_ClearKrawlieLODDistanceOverrides
0x0000007101AC18A0,_ZTV30SAction_DestroyKrawliesInGroup
0x0000007101AC18E0,_ZTV25SAction_PauseKrawlieGroup
0x0000007101AC1920,_ZTV27SAction_PauseKrawlieSpawner
0x0000007101AC1960,_ZTV24SAction_KrawliePartyTime
0x0000007101AC19A0,_ZTV26CityKrawlieSimpleHookDance
0x0000007101AC19B8,FlagKeywords
0x0000007101AC19E8,_ZTV26CityKrawlieTypeDefinitions
0x0000007101AC1B28,_ZTV31CityKrawlieStationaryController
0x0000007101AC1DF8,_ZTV29CityKrawlieContextBlastDamage
0x0000007101AC1E60,_ZTV27CityKrawlieContextKnockBack
0x0000007101AC1EC8,_ZTV27CityKrawlieContextKnockDown
0x0000007101AC1F30,_ZTV37MechKrawlieSimpleHookContextCompleted
0x0000007101AC1F48,_ZTV22CityKrawlieContextStun
0x0000007101AC1FB0,_ZTV25CityKrawlieContextTakeHit
0x0000007101AC2018,_ZTV31CityPedestrianKrawlieController
0x0000007101AC22E8,_ZTV35CityPedestrianKrawlieDefaultContext
0x0000007101AC2350,_ZTV46CityPedestrianKrawlieInteractWithPlayerContext
0x0000007101AC23B8,_ZTV50CityPedestrianKrawlieInteractWithPedestrianContext
0x0000007101AC2420,_ZTV26CityPedestrianKrawlieStuck
0x0000007101AC2488,_ZTV36CityPedestrianFollowCharacterContext
0x0000007101AC24F0,_ZTV23CityKrawliePaintedAddon
0x0000007101AC2548,_ZTV23CityKrawlieRespawnAddon
0x0000007101AC25A0,_ZTV22LegoCityLevelContainer
0x0000007101AC2718,_ZTV17LegoCityTargeting
0x0000007101AC28F0,_ZN19GizmoCitySimpleProp17Default_coinValueE
0x0000007101AC28F8,_ZTV19LegoCitySimpleProps
0x0000007101AC2B40,_ZTV19GizmoCitySimpleProp
0x0000007101AC30A8,_ZTV20SimpleBoltPaintAddOn
0x0000007101AC30E0,_ZTV26GizmoCitySimplePropManager
0x0000007101AC3308,_ZTV19GizSimplePropHelper
0x0000007101AC3488,_ZTV27SimplePropCollisionListener
0x0000007101AC3578,_ZTV27cLegoCityPhotographyManager
0x0000007101AC3640,_ZTV24cLegoCityPhotographyBase
0x0000007101AC3790,_ZTV26cLegoCityPhotographyHelper
0x0000007101AC38F8,_ZTV10LegoCityFX
0x0000007101AC3A60,_ZTV22LegoPointerHandleTableIP6FXTypes8FXTypeIDE
0x0000007101AC3A80,_ZTV15LegoHandleTableIP6FXTypes8FXTypeIDE
0x0000007101AC3AA0,_ZTV17CityGizmoPainting
0x0000007101AC4010,_ZTV17LegoCityPaintings
0x0000007101AC4258,_ZTV24CityGizmoPaintingManager
0x0000007101AC4480,_ZTV28ConversationLocatorIconAddOn
0x0000007101AC46F0,_ZN28ConversationLocatorIconAddOn7s_ScaleE
0x0000007101AC46F8,_ZTV24FacialAnimPreserverAddOn
0x0000007101AC49A8,g_pcNoSubtitleString
0x0000007101AC49B0,_ZTV16LC_Conversations
0x0000007101AC4B10,g_fCurrentSubtitleY
0x0000007101AC4B18,_ZTV22LC_ConversationsHelper
0x0000007101AC4C80,_ZTV14NuSoundWeakPtrI12NuSoundVoiceE
0x0000007101AC4CA8,_ZTV18SoundEventDataDuck
0x0000007101AC4CE0,_ZN20LegoCityMechToggling17s_bCanCycleToggleE
0x0000007101AC4CE8,_ZTV20LegoCityMechToggling
0x0000007101AC4E58,_ZTV22LegoCityDistrictSystem
0x0000007101AC4FA8,_ZTV23LegoCityDistrictManager
0x0000007101AC50C0,_ZN36CityDistrictGroupLoader_ParserConfig22m_CurrentDistrictGroupE
0x0000007101AC5108,_ZTV31SAction_IsDistrictGroupUnlocked
0x0000007101AC5148,_ZTV27SAction_UnlockDistrictGroup
0x0000007101AC5188,_ZTV22LegoCityDistrictHelper
0x0000007101AC52F0,_ZN18LegoCityLoadScreen20sScreenChangeTimeMaxE
0x0000007101AC52F4,_ZN18LegoCityLoadScreen18sScreenFadeTimeMaxE
0x0000007101AC52F8,_ZTV18LegoCityLoadScreen
0x0000007101AC5428,_ZTV19LegoCityLoadScreens
0x0000007101AC5630,_ZN19LegoCityCustomisers17m_LineUpIdleAnimsE
0x0000007101AC5640,_ZTV19LegoCityCustomisers
0x0000007101AC5938,_ZTV29CitySideMissionsPlayerManager
0x0000007101AC5968,_ZTV23CitySideMissionsManager
0x0000007101AC5A30,_ZTV20LegoCitySideMissions
0x0000007101AC5B80,_ZTV30SideMissionMenuQuitScriptEvent
0x0000007101AC5BB0,_ZTV31SideMissionMenuRetryScriptEvent
0x0000007101AC5BE0,_ZTV31SideMissionMenuStartScriptEvent
0x0000007101AC5C10,_ZTV29SAction_SideMissions_IsActive
0x0000007101AC5C50,_ZTV31SAction_SideMissions_SetCurrent
0x0000007101AC5C90,_ZTV36SAction_SideMissions_ShowStartScreen
0x0000007101AC5CD0,_ZTV35SAction_SideMissions_ShowExitScreen
0x0000007101AC5D10,_ZTV36SAction_SideMissions_ShowAbortScreen
0x0000007101AC5D50,_ZTV38SAction_SideMissions_ShowCountDownText
0x0000007101AC5D90,_ZTV32SAction_SideMissions_ExitCurrent
0x0000007101AC5DD0,_ZTV36SAction_SideMissions_CompleteCurrent
0x0000007101AC5E10,_ZTVN20LegoCitySideMissions20MenuRequestEventDataE
0x0000007101AC5E38,_ZTV26LegoCitySideMissionsHelper
0x0000007101AC5FA0,_ZTV19GenericEventCreatorI30SideMissionMenuQuitScriptEventE
0x0000007101AC5FB8,_ZTV19GenericEventCreatorI31SideMissionMenuRetryScriptEventE
0x0000007101AC5FD0,_ZTV19GenericEventCreatorI31SideMissionMenuStartScriptEventE
0x0000007101AC5FE8,_ZTV9SafeGuard
0x0000007101AC6018,_ZTV28SAction_SafeGuard_ProtectFor
0x0000007101AC6058,_ZTV25cLegoCityAttractorManager
0x0000007101AC6138,_ZTV26cLegoCityAttractorManagers
0x0000007101AC6270,_ZTV18cLegoCityAttractor
0x0000007101AC62E0,_ZTV24Task_KrawlieUseAttractor
0x0000007101AC6338,_ZTV24cLegoCitySwitchAttractor
0x0000007101AC63A8,_ZTV26cLegoCityAnimatedAttractor
0x0000007101AC6418,_ZTV23Task_AnimateAtAttractor
0x0000007101AC6470,_ZTV20LegoCityGadgetSystem
0x0000007101AC65A8,_ZTV26LegoCityGadgetPropTemplate
0x0000007101AC6860,_ZTV26LegoCityGadgetPropInstance
0x0000007101AC6C10,_ZTV19LegoCityGadgetProps
0x0000007101AC6DB8,_ZTV32LegoCityGadgetPropTemplateHelper
0x0000007101AC6F50,_ZTV32LegoCityGadgetPropInstanceHelper
0x0000007101AC70E8,_ZTV34LegoCityGadgetTrafficLightTemplate
0x0000007101AC73A0,_ZTV34LegoCityGadgetTrafficLightInstance
0x0000007101AC7750,_ZTV27LegoCityGadgetTrafficLights
0x0000007101AC78E8,_ZTV40LegoCityGadgetTrafficLightTemplateHelper
0x0000007101AC7A80,_ZTV40LegoCityGadgetTrafficLightInstanceHelper
0x0000007101AC7C18,_ZN35LegoCityGadgetComponentBricksHelper22meBrickColourEnumItemsE
0x0000007101AC7D38,_ZTV29LegoCityGadgetComponentBricks
0x0000007101AC7D68,_ZTV35LegoCityGadgetComponentBricksHelper
0x0000007101AC7EC8,_ZN34LegoCityGadgetComponentAnimsHelper15meAnimEnumItemsE
0x0000007101AC7EF8,_ZTV28LegoCityGadgetComponentAnims
0x0000007101AC7F28,_ZTV34LegoCityGadgetComponentAnimsHelper
0x0000007101AC8088,_ZTV23WorldAreaScriptVariable
0x0000007101AC80E0,_ZTV22SAction_Text2WorldArea
0x0000007101AC8120,_ZTV22SAction_WorldArea2Text
0x0000007101AC8160,_ZTV36SAction_WorldArea_IsCurrentWorldArea
0x0000007101AC81A0,_ZTV28SAction_WorldArea_GetCurrent
0x0000007101AC81E0,_ZTV8JobValue
0x0000007101AC8268,_ZTV12JobValue_Int
0x0000007101AC82F0,_ZN12JobValue_Int10typeStringE
0x0000007101AC82F8,_ZTV13JobValue_Bool
0x0000007101AC8380,_ZN13JobValue_Bool10typeStringE
0x0000007101AC8388,_ZTV16JobDataMapLoader
0x0000007101AC83B0,_ZTV10ClassTableI8JobValueE
0x0000007101AC83D0,_ZTV15JobDataSaveLoad
0x0000007101AC8448,_ZTV12JobComponent
0x0000007101AC8488,_ZTV19JobComponentManager
0x0000007101AC8508,_ZTVN3Job19TransitionEventDataE
0x0000007101AC8530,_ZTV6CStackIP3JobLi64EE
0x0000007101AC8550,_ZTV10LoaderBase
0x0000007101AC8578,_ZTV13JobTreeLoader
0x0000007101AC85A0,_ZTV10JobManager
0x0000007101AC8668,_ZTV9JobSystem
0x0000007101AC87D0,JobSystemGizAction_SetJobValue_Params
0x0000007101AC87F0,JobSystemGizAction_SetJobValue_Def
0x0000007101AC8810,_ZTV16JobManagerHelper
0x0000007101AC8978,_ZTVN13JobDebugViews11JobTreeView4SlotE
0x0000007101AC8998,_ZTVN13JobDebugViews11JobTreeViewE
0x0000007101AC8A40,_ZTVN13JobDebugViews11JobInfoViewE
0x0000007101AC8A98,_ZTVN13JobDebugViews14JobControlViewE
0x0000007101AC8AF0,_ZTVN13JobDebugViews16JobStateMenuPageE
0x0000007101AC8B48,_ZTVN13JobDebugViews20JobScriptVarListPageE
0x0000007101AC8BA0,_ZTVN8JobDebug10ViewHolderE
0x0000007101AC8BF0,_ZTV6CStackIP3JobLi32EE
0x0000007101AC8C28,_ZTV16JobFlowInterface
0x0000007101AC8D60,_ZTV13JobFlowObject
0x0000007101AC8DB0,_ZTV19JobFlowObjectHelper
0x0000007101AC8F10,_ZTV18EdRefJobFlowObject
0x0000007101AC8FB0,_ZTV13JobFlowTarget
0x0000007101AC8FF8,_ZN20JobScheduleComponent10s_TypeNameE
0x0000007101AC9000,_ZTV20JobScheduleComponent
0x0000007101AC9040,_ZTVN20JobScheduleComponent9ConditionE
0x0000007101AC9078,_ZTV12JobScheduler
0x0000007101AC90F8,_ZN21JobScheduleConditions12ValueCompare10typeStringE
0x0000007101AC9100,_ZN21JobScheduleConditions12CompositeAnd10typeStringE
0x0000007101AC9108,_ZN21JobScheduleConditions11CompositeOr10typeStringE
0x0000007101AC9110,_ZN21JobScheduleConditions11LevelLoaded10typeStringE
0x0000007101AC9118,_ZTVN21JobScheduleConditions12ValueCompareE
0x0000007101AC9150,_ZTVN21JobScheduleConditions13CompositeBaseE
0x0000007101AC9188,_ZTVN21JobScheduleConditions12CompositeAndE
0x0000007101AC91C0,_ZTVN21JobScheduleConditions11CompositeOrE
0x0000007101AC91F8,_ZTVN21JobScheduleConditions11LevelLoadedE
0x0000007101AC9230,_ZTVN21JobScheduleConditions11LevelLoaded7HandlerE
0x0000007101AC9260,_ZN17JobMutexComponent10s_TypeNameE
0x0000007101AC9268,_ZTV17JobMutexComponent
0x0000007101AC92A8,_ZTVN17JobMutexComponent7ManagerE
0x0000007101AC9328,_ZTV25SAction_Job_IsMutexLocked
0x0000007101AC9368,_ZTV23SAction_Job_GetMutexJob
0x0000007101AC93A8,_ZTV20SAction_Job_HasMutex
0x0000007101AC93E8,_ZTV21SAction_Job_LockMutex
0x0000007101AC9428,_ZTV10ClassTableIN20JobScheduleComponent9ConditionEE
0x0000007101AC9448,_ZTV19JobRuntimeComponent
0x0000007101AC94B8,_ZTV17JobRuntimeManager
0x0000007101AC9538,_ZTV16JobScriptContext
0x0000007101AC9570,_ZN18ScriptJobComponent10s_TypeNameE
0x0000007101AC9578,_ZTV18ScriptJobComponent
0x0000007101AC95E8,_ZTVN18ScriptJobComponent7ManagerE
0x0000007101AC9668,_ZTV7SVarJob
0x0000007101AC96C0,_ZTV16SAction_Job_Stop
0x0000007101AC9700,_ZTV21SAction_Job_TextToJob
0x0000007101AC9740,_ZTV21SAction_Job_JobToText
0x0000007101AC9780,_ZTV16SAction_Job_This
0x0000007101AC97C0,_ZTV21SAction_Job_GetParent
0x0000007101AC9800,_ZTV20SAction_Job_GetChild
0x0000007101AC9840,_ZTV17SAction_Job_Start
0x0000007101AC9880,_ZTV25SAction_Job_ExistsInLevel
0x0000007101AC98C0,_ZTV21SAction_Job_IsRunning
0x0000007101AC9900,_ZTV20SAction_Job_GetValue
0x0000007101AC9940,_ZTV25SAction_Job_GetValue_TEXT
0x0000007101AC9980,_ZTV20SAction_Job_SetValue
0x0000007101AC99C0,_ZTV17SAction_Job_Debug
0x0000007101AC9A00,_ZTV24SAction_Job_ScriptNotify
0x0000007101AC9A40,_ZTV24SAction_Job_ScriptGetVar
0x0000007101AC9A80,_ZTV24SAction_Job_ScriptSetVar
0x0000007101AC9AC0,_ZTV23SAction_Job_StartupLock
0x0000007101AC9B00,_ZTV21SAction_Job_InStartup
0x0000007101AC9B40,_ZTV17SAction_Job_Break
0x0000007101AC9B80,_ZTVN15ScriptArrayData14SharedInstanceE
0x0000007101AC9BA0,_ZTV13SVarCityArray
0x0000007101AC9BF8,_ZTV35SAction_CityArray_NumberToCityArray
0x0000007101AC9C38,_ZTV22SAction_CityArray_Size
0x0000007101AC9C78,_ZTV24SAction_CityArray_Create
0x0000007101AC9CB8,_ZTV21SAction_CityArray_Add
0x0000007101AC9CF8,_ZTV23SAction_CityArray_Clear
0x0000007101AC9D38,_ZTV24SAction_CityArray_Remove
0x0000007101AC9D78,_ZTV21SAction_CityArray_Get
0x0000007101AC9DB8,_ZTV21SAction_CityArray_Set
0x0000007101AC9DF8,_ZTV28SAction_CityArray_CreateCopy
0x0000007101AC9E38,_ZTVN12FlowTreeView4SlotE
0x0000007101AC9E58,_ZTV12FlowTreeView
0x0000007101AC9F00,_ZTV8GoToFlow
0x0000007101ACA050,_ZTV15FlowTreeCounter
0x0000007101ACA090,_ZTV18FlowTreeParserBase
0x0000007101ACA0D0,_ZTV10EasyParser
0x0000007101ACA110,_ZTV6CStackIiLi64EE
0x0000007101ACA130,_ZTVN8FlowTree6ParserE
0x0000007101ACA170,_ZTVN8GoToFlow10ViewHolderE
0x0000007101ACA1C0,_ZTVN8GoToFlow15ExecutiveParserE
0x0000007101ACA200,_ZTV6CStackIP14FlowPresetNodeLi64EE
0x0000007101ACA220,_ZTVN27ScannableObjectiveTypeTable6ParserE
0x0000007101ACA258,_ZTVN31ScannableObjectiveInstanceTable6ParserE
0x0000007101ACA290,_ZTV17SVarCityObjective
0x0000007101ACA2E8,_ZTV36SAction_CityObjective_LinkGizmo_TEXT
0x0000007101ACA328,_ZTV31SAction_CityObjective_LinkGizmo
0x0000007101ACA368,_ZTV40SAction_CityObjective_LinkCharacter_TEXT
0x0000007101ACA3A8,_ZTV35SAction_CityObjective_LinkCharacter
0x0000007101ACA3E8,_ZTV38SAction_CityObjective_SetComplete_TEXT
0x0000007101ACA428,_ZTV33SAction_CityObjective_SetComplete
0x0000007101ACA468,_ZTV37SAction_CityObjective_IsComplete_TEXT
0x0000007101ACA4A8,_ZTV32SAction_CityObjective_IsComplete
0x0000007101ACA4E8,_ZTV36SAction_CityObjective_SetHidden_TEXT
0x0000007101ACA528,_ZTV31SAction_CityObjective_SetHidden
0x0000007101ACA568,_ZTV35SAction_CityObjective_IsHidden_TEXT
0x0000007101ACA5A8,_ZTV30SAction_CityObjective_IsHidden
0x0000007101ACA5E8,_ZTV35SAction_CityObjective_RefreshReport
0x0000007101ACA628,_ZTV36SAction_CityObjective_GetReportCount
0x0000007101ACA668,_ZTV34SAction_CityObjective_GetReportMax
0x0000007101ACA6A8,_ZTV34SAction_CityObjective_SuppressType
0x0000007101ACA6E8,_ZTV38SAction_CityObjective_SuppressAllTypes
0x0000007101ACA728,_ZTV31SAction_PDA_ProgressPanelActive
0x0000007101ACA768,_ZTV31SAction_Job_TextToCityObjective
0x0000007101ACA7A8,_ZTV23ScannableObjectiveAddon
0x0000007101ACAA18,_ZTV35ScannableObjectiveEdPlaceableHelper
0x0000007101ACAB80,_ZTV25ScannableObjectiveLocator
0x0000007101ACADE0,_ZTV25ScannableObjectiveManager
0x0000007101ACAEA8,_ZTV23EdRefScannableObjective
0x0000007101ACAF48,_ZTV21ObjectiveLoadSaveItem
0x0000007101ACAF88,_ZTV24ScannableObjectiveSystem
0x0000007101ACB0D8,_ZTVN26ScannableObjectiveProgress13CompleteEventE
0x0000007101ACB108,_ZTVN26ScannableObjectiveProgress12MapOpenEventE
0x0000007101ACB138,_ZTVN26ScannableObjectiveProgress13MapCloseEventE
0x0000007101ACB168,_ZTV31ScannableObjectiveManagerHelper
0x0000007101ACB2D0,_ZTV16HotSpotCondition
0x0000007101ACB300,_ZTV15HotSpotResponse
0x0000007101ACB328,_ZTV7HotSpot
0x0000007101ACB588,_ZTV13HotSpotSystem
0x0000007101ACB6E0,_ZTV14HotSpotManager
0x0000007101ACB7A8,_ZTV34HotSpotSinglePlayerInsideCondition
0x0000007101ACB7D8,_ZTV29HotSpotScriptCallbackResponse
0x0000007101ACB800,_ZTVN7HotSpot11TypeLibrary6ParserE
0x0000007101ACB838,_ZTV20HotSpotManagerHelper
0x0000007101ACB9A0,_ZTV24HotSpotEdPlaceableHelper
0x0000007101ACBB08,_ZTV21DynamicScriptVariableI7HotSpotE
0x0000007101ACBBA0,_ZTV21HotSpotScriptVariable
0x0000007101ACBC38,_ZTV15SAction_HotSpot
0x0000007101ACBC78,_ZTV20SAction_Text2HotSpot
0x0000007101ACBCB8,_ZTV24SAction_HotSpot2Position
0x0000007101ACBCF8,_ZTV23HotSpotAction_SetActive
0x0000007101ACBD38,_ZTV21HotSpotAction_SetIcon
0x0000007101ACBD78,_ZTV28HotSpotAction_SetHaloVisible
0x0000007101ACBDB8,_ZTV28HotSpotAction_SetAutoDisable
0x0000007101ACBDF8,_ZTV21HotSpotAction_Trigger
0x0000007101ACBE38,_ZTV31HotSpotAction_ContainsCharacter
0x0000007101ACBE78,_ZTV29HotSpotAction_ContainsVehicle
0x0000007101ACBEB8,_ZTV32SAction_HotSpot_WaitForSafeGuard
0x0000007101ACBEF8,_ZTV27SAction_HotSpotAction_Clear
0x0000007101ACBF38,_ZTV28HotSpotAction_ScriptResponse
0x0000007101ACBF78,_ZTV25HotSpotAction_NoCondition
0x0000007101ACBFB8,_ZTV26HotSpotAction_TriggerDummy
0x0000007101ACBFF8,_ZTV20SAction_HotSpot2Text
0x0000007101ACC038,_ZTV15cTakeDownOnFoot
0x0000007101ACC090,_ZTV15cLCPlayerOnFoot
0x0000007101ACC0E8,_ZTV30cGetAttckableStillValidFunctor
0x0000007101ACC110,_ZTV20cGetAttckableFunctor
0x0000007101ACC138,_ZTV8TaxiTask
0x0000007101ACC190,_ZTV19TaxiLanePathFunctor
0x0000007101ACC1C8,_ZTV16TaxiGoalTargeter
0x0000007101ACC1F0,_ZTV22TaxiPlanningDecomposer
0x0000007101ACC230,_ZTV17LaneFinderContext
0x0000007101ACC250,_ZTV11cArrestTask
0x0000007101ACC2A8,_ZTV11cAttackTask
0x0000007101ACC338,_ZTV28AIFocusPoint_ChrysPivaTarget
0x0000007101ACC3A8,_ZTV12cMeleeMaster
0x0000007101ACC400,_ZTV11cMeleeSlave
0x0000007101ACC460,_ZTV15cEnforcerOnFoot
0x0000007101ACC4B8,_ZTV21cCriminalDailyRoutine
0x0000007101ACC510,_ZTV21cEnforcerDailyRoutine
0x0000007101ACC568,_ZTV21cLegoCityAISectorNode
0x0000007101ACC5B0,_ZTV20cLegoCityAIWorldNode
0x0000007101ACC5F8,_ZTV26LegoCityPopulationAISystem
0x0000007101ACC750,_ZTV15cAITrafficLight
0x0000007101ACC770,_ZTV23cLegoCityAIJunctionNode
0x0000007101ACC7B8,_ZTV20cLegoCityAIContainer
0x0000007101ACC880,_ZTV17cLegoCityAISystem
0x0000007101ACC9D0,_ZTV17cLegoCityAIHelper
0x0000007101ACCB38,gDataEdAICharacters
0x0000007101AD2D10,gDataEdAIVehicles
0x0000007101AD6908,_ZTV25SAction_CreateAICharacter
0x0000007101AD6948,_ZTV26SAction_CreateAIApiVehicle
0x0000007101AD6988,_ZTV28SAction_RequestParkedVehicle
0x0000007101AD69C8,_ZTV31SAction_EnablePursueFromTraffic
0x0000007101AD6A08,_ZTV32SAction_DisablePursueFromTraffic
0x0000007101AD6A48,_ZTV43SAction_EnableAggressiveVehiclesFromTraffic
0x0000007101AD6A88,_ZTV44SAction_DisableAggressiveVehiclesFromTraffic
0x0000007101AD6AC8,_ZTV25SAction_SetPlayerMovement
0x0000007101AD6B08,_ZTV24SAction_PlayerInsideArea
0x0000007101AD6B48,_ZTV22SAction_RemoveFromArea
0x0000007101AD6B88,_ZTV30SAction_RemoveCriticalFromArea
0x0000007101AD6BC8,_ZTV19SAction_CountInArea
0x0000007101AD6C08,_ZTV18SAction_SetHotSpot
0x0000007101AD6C48,_ZTV28SAction_UI_ShowMissionPrompt
0x0000007101AD6C88,_ZTV24SAction_UI_SetStatsStuds
0x0000007101AD6CC8,_ZTV29SAction_UI_ShowMissionCounter
0x0000007101AD6D08,_ZTV31SAction_UI_ShowMissionDamageBar
0x0000007101AD6D48,_ZTV28SAction_UI_SetMissionCounter
0x0000007101AD6D88,_ZTV30SAction_UI_SetMissionDamageBar
0x0000007101AD6DC8,_ZTV28SAction_UI_SetMissionMessage
0x0000007101AD6E08,_ZTV29SAction_UI_SetMissionHelpText
0x0000007101AD6E48,_ZTV32SAction_UI_RemoveMissionHelpText
0x0000007101AD6E88,_ZTV23SAction_UI_ShowHUDTimer
0x0000007101AD6EC8,_ZTV22SAction_UI_SetHUDTimer
0x0000007101AD6F08,_ZTV20SAction_UI_PhoneCall
0x0000007101AD6F48,_ZTV20SAction_UI_RadioCall
0x0000007101AD6F88,_ZTV30SAction_UI_ShowObjectiveScreen
0x0000007101AD6FC8,_ZTV36SAction_UI_ConfirmLevelSummaryScreen
0x0000007101AD7008,_ZTV24SAction_UI_Map_SetLocked
0x0000007101AD7048,_ZTV28SAction_UI_Map_PanToPosition
0x0000007101AD7088,_ZTV35SAction_UI_Map_PanToPosition_Queued
0x0000007101AD70C8,_ZTV18SAction_FadeScreen
0x0000007101AD7108,_ZTV26SAction_SetObjectiveMarker
0x0000007101AD7148,_ZTV33SAction_EnableSkydiveConstantMove
0x0000007101AD7188,_ZTV34SAction_DisableSkydiveConstantMove
0x0000007101AD71C8,_ZTV20SAction_CutscenePlay
0x0000007101AD7208,_ZTV24SAction_PlayConversation
0x0000007101AD7248,_ZTV26SAction_AllowCharacterSwap
0x0000007101AD7288,_ZTV30SAction_OverrideTrafficDensity
0x0000007101AD72C8,_ZTV26SAction_KillSpawnedTraffic
0x0000007101AD7308,_ZTV26SAction_KillTrafficVehicle
0x0000007101AD7348,_ZTV29SAction_PurgeVehicleModelPool
0x0000007101AD7388,_ZTV31SAction_DustOffVehicleModelPool
0x0000007101AD73C8,_ZTV32SAction_EnableNonPursuingTraffic
0x0000007101AD7408,_ZTV31SAction_PursueFromTrafficDriver
0x0000007101AD7448,_ZTV37SAction_DestroyVehiclesFromPopulation
0x0000007101AD7488,_ZTV32SAction_StreamedCharacterPreLoad
0x0000007101AD74C8,_ZTV33SAction_StreamedCharacterIsLoaded
0x0000007101AD7508,_ZTV32SAction_StreamedCharacterRelease
0x0000007101AD7548,_ZTV35SAction_StreamedCharacterReleaseAll
0x0000007101AD7588,_ZTV27SAction_PlayerPressedButton
0x0000007101AD75C8,_ZTV24SAction_PlayerHeldButton
0x0000007101AD7608,_ZTV32SAction_PlayerPressedButton_ApiC
0x0000007101AD7648,_ZTV33SAction_PlayerPressedButton_Index
0x0000007101AD7688,_ZTV21SAction_GoThroughDoor
0x0000007101AD76C8,_ZTV26SAction_PlayerSetCharacter
0x0000007101AD7708,_ZTV26SAction_CharacterAvailable
0x0000007101AD7748,_ZTV28SAction_UnlockCharacterDebug
0x0000007101AD7788,_ZTV26SAction_LockCharacterDebug
0x0000007101AD77C8,_ZTV22SAction_AwardCharacter
0x0000007101AD7808,_ZTV27SAction_EnableNetworkInArea
0x0000007101AD7848,_ZTV28SAction_DisableNetworkInArea
0x0000007101AD7888,_ZTV23SAction_GivePlayerStuds
0x0000007101AD78C8,_ZTV23SAction_UI_StartMission
0x0000007101AD7908,_ZTV21SAction_UI_EndMission
0x0000007101AD7948,_ZTV31SAction_UI_IsEndMissionComplete
0x0000007101AD7988,_ZTV23SAction_UI_ResetMission
0x0000007101AD79C8,_ZTV28SAction_UI_LoadMissionPrompt
0x0000007101AD7A08,_ZTV28SAction_UI_HideMissionPrompt
0x0000007101AD7A48,_ZTV33SAction_UI_SetStatsIsStoryMission
0x0000007101AD7A88,_ZTV29SAction_UI_SetStatsGoldBricks
0x0000007101AD7AC8,_ZTV28SAction_UI_SetStatsRedBricks
0x0000007101AD7B08,_ZTV29SAction_UI_SetStatsGoldPlates
0x0000007101AD7B48,_ZTV31SAction_UI_SetStatsRacePosition
0x0000007101AD7B88,_ZTV34SAction_UI_SetMissionDamageBarText
0x0000007101AD7BC8,_ZTV31SAction_UI_RemoveMissionMessage
0x0000007101AD7C08,_ZTV18SAction_UI_ShowHUD
0x0000007101AD7C48,_ZTV24SAction_UI_ShowPlayerHUD
0x0000007101AD7C88,_ZTV26SAction_UI_GetHUDTimerTime
0x0000007101AD7CC8,_ZTV37SAction_UI_PauseHUDTimerDuringMinicut
0x0000007101AD7D08,_ZTV28SAction_UI_HighlightHUDTimer
0x0000007101AD7D48,_ZTV23SAction_UI_StopHUDTimer
0x0000007101AD7D88,_ZTV31SAction_UI_HideBuildPointPrompt
0x0000007101AD7DC8,_ZTV31SAction_UI_ShowBuildPointPrompt
0x0000007101AD7E08,_ZTV34SAction_UI_LoadBuildPointResources
0x0000007101AD7E48,_ZTV24SAction_UI_SetHeroBarMax
0x0000007101AD7E88,_ZTV24SAction_UI_ShowMapUnlock
0x0000007101AD7EC8,_ZTV21SAction_UI_ShowScreen
0x0000007101AD7F08,_ZTV30SAction_UI_HideObjectiveScreen
0x0000007101AD7F48,_ZTV28SAction_UI_ShowDisguiseWheel
0x0000007101AD7F88,_ZTV32SAction_UI_IsDisguiseWheelActive
0x0000007101AD7FC8,_ZTV33SAction_UI_ShowLevelSummaryScreen
0x0000007101AD8008,_ZTV33SAction_UI_HideLevelSummaryScreen
0x0000007101AD8048,_ZTV31SAction_UI_ShowJoinPlayerScreen
0x0000007101AD8088,_ZTV31SAction_UI_Map_SetLocatorActive
0x0000007101AD80C8,_ZTV29SAction_UI_Map_SetLocatorType
0x0000007101AD8108,_ZTV21SAction_IsScreenFaded
0x0000007101AD8148,_ZTV36SAction_IsScreenFaded_PlayerSpecific
0x0000007101AD8188,_ZTV39SAction_UI_ReturnToPoliceStationEnabled
0x0000007101AD81C8,_ZTV39SAction_UI_WarnAboutProgressOnExitLevel
0x0000007101AD8208,_ZTV18SAction_IsLanguage
0x0000007101AD8248,_ZTV21SAction_PrintToScreen
0x0000007101AD8288,_ZTV23SAction_SnapCameraToDir
0x0000007101AD82C8,_ZTV21SAction_PlayersInArea
0x0000007101AD8308,_ZTV23SAction_GetPlayerBricks
0x0000007101AD8348,_ZTV24SAction_GetClassUnlocked
0x0000007101AD8388,_ZTV26SAction_RemovePlayerBricks
0x0000007101AD83C8,_ZTV29SAction_SetDetectiveFootprint
0x0000007101AD8408,_ZTV26SAction_AllowDetectiveMode
0x0000007101AD8448,_ZTV23SAction_PlayActionMusic
0x0000007101AD8488,_ZTV26SAction_TechnoControlledBy
0x0000007101AD84C8,_ZTV22SAction_ShowSpeechIcon
0x0000007101AD8508,_ZTV25SAction_ShowCharacterIcon
0x0000007101AD8548,_ZTV27SAction_ShowObjectiveMarker
0x0000007101AD8588,_ZTV32SAction_SetParachuteDeployHeight
0x0000007101AD85C8,_ZTV27SAction_LoadSkydiveSettings
0x0000007101AD8608,_ZTV32SAction_LoadConversationManifest
0x0000007101AD8648,_ZTV30SAction_AddCharacterToManifest
0x0000007101AD8688,_ZTV35SAction_RemoveCharacterFromManifest
0x0000007101AD86C8,_ZTV33SAction_AddDRCCharacterToManifest
0x0000007101AD8708,_ZTV28SAction_AddLocatorToManifest
0x0000007101AD8748,_ZTV33SAction_RemoveLocatorFromManifest
0x0000007101AD8788,_ZTV34SAction_AddCharacterToConversation
0x0000007101AD87C8,_ZTV35SAction_SetConversationDuckingScale
0x0000007101AD8808,_ZTV32SAction_SetBKConversationFallOff
0x0000007101AD8848,_ZTV34SAction_UnloadConversationManifest
0x0000007101AD8888,_ZTV35SAction_ConversationIsSamplePlaying
0x0000007101AD88C8,_ZTV39SAction_ConversationManifestPAKIsLoaded
0x0000007101AD8908,_ZTV32SAction_ConversationsInAManifest
0x0000007101AD8948,_ZTV24SAction_StopConversation
0x0000007101AD8988,_ZTV36SAction_GetConversationLineInSeconds
0x0000007101AD89C8,_ZTV38SAction_GetConversationLengthInSeconds
0x0000007101AD8A08,_ZTV32SAction_GetConversationLineCount
0x0000007101AD8A48,_ZTV32SAction_ConversationLineFinished
0x0000007101AD8A88,_ZTV31SAction_ConversationLineStarted
0x0000007101AD8AC8,_ZTV37SAction_HasConversationManifestLoaded
0x0000007101AD8B08,_ZTV26SAction_ToggleSpeechBubble
0x0000007101AD8B48,_ZTV33SAction_FaceConversationCharacter
0x0000007101AD8B88,_ZTV47SAction_LCUITargetTypeSwitchToBgLoadedFlashFile
0x0000007101AD8BC8,_ZTV35SAction_LCUITargetMainFrameSetState
0x0000007101AD8C08,_ZTV14SAction_SlowMo
0x0000007101AD8C48,_ZTV17SAction_EndE3Demo
0x0000007101AD8C88,_ZTV29SAction_TutorialSetNoFighting
0x0000007101AD8CC8,_ZTV37SAction_TutorialSetNoDeathFromFalling
0x0000007101AD8D08,_ZTV32SAction_CreateLegoProgressBackup
0x0000007101AD8D48,_ZTV31SAction_ApplyLegoProgressBackup
0x0000007101AD8D88,_ZTV33SAction_DestroyLegoProgressBackup
0x0000007101AD8DC8,_ZTV28SAction_IsStatusScreenActive
0x0000007101AD8E08,_ZTV26SAction_DisableSkydiveWind
0x0000007101AD8E48,_ZTV25SAction_EnableSkydiveWind
0x0000007101AD8E88,_ZTV19SAction_Play2DSound
0x0000007101AD8EC8,_ZTV26SAction_UnlockVehicleGroup
0x0000007101AD8F08,_ZTV18SAction_ScreenText
0x0000007101AD8F48,_ZTV23SAction_LocatorOnScreen
0x0000007101AD8F88,_ZTV18SAction_SpawnStuds
0x0000007101AD8FC8,_ZTV23SAction_GetSafePosition
0x0000007101AD9008,_ZTV25SAction_DisablePoliceCars
0x0000007101AD9048,_ZTV23SAction_SpawnBulletBill
0x0000007101AD9088,_ZTV26SAction_IsBulletBillActive
0x0000007101AD90C8,_ZTV20SAction_TakeSnapShot
0x0000007101AD9108,_ZTV27SAction_StopStudDecayUpdate
0x0000007101AD9148,_ZTV21SAction_AttachAnimate
0x0000007101AD9188,_ZTV31SAction_SafeToInterruptGameplay
0x0000007101AD91C8,_ZTV30SAction_GetGoldBricksCollected
0x0000007101AD9208,_ZTV25SAction_GetGoldBrickTotal
0x0000007101AD9248,_ZTV24SAction_GetVehicleInArea
0x0000007101AD9288,_ZTV23SAction_ShowTaggingIcon
0x0000007101AD92C8,_ZTV26SAction_CommitCollectables
0x0000007101AD9308,_ZTV25SAction_SetInhibitDropOut
0x0000007101AD9348,_ZTV21DynamicScriptVariableI10ApiVehicleE
0x0000007101AD93E0,_ZTV47SAction_SVarSoundListener_Constructor_Character
0x0000007101AD9420,_ZTV30SAction_SVarSoundListener_Base
0x0000007101AD9468,_ZTV49SAction_SVarSoundListener_SetFocusPositionEnabled
0x0000007101AD94B0,_ZTV17SVarSoundListener
0x0000007101AD9508,_ZTV33CharacterAction_OverrideAnimation
0x0000007101AD9550,_ZTV24CharacterAction_Teleport
0x0000007101AD9598,_ZTV31CharacterAction_ReleaseTakeOver
0x0000007101AD95E0,_ZTV23CharacterAction_Release
0x0000007101AD9628,_ZTV20CharacterAction_Flee
0x0000007101AD9670,_ZTV23CharacterAction_Flee_To
0x0000007101AD96B8,_ZTV27CharacterAction_Flee_InArea
0x0000007101AD9700,_ZTV27CharacterAction_ExitVehicle
0x0000007101AD9748,_ZTV23CharacterAction_DriveTo
0x0000007101AD9790,_ZTV29CharacterAction_SetDriveSpeed
0x0000007101AD97D8,_ZTV37CharacterAction_SetWaypointDriveSpeed
0x0000007101AD9820,_ZTV31CharacterAction_SetDriveToBoost
0x0000007101AD9868,_ZTV34CharacterAction_AddDriveRubberBand
0x0000007101AD98B0,_ZTV26CharacterAction_SetCanRamp
0x0000007101AD98F8,_ZTV22CharacterAction_Pursue
0x0000007101AD9940,_ZTV27PlayerGameObjectScriptEvent
0x0000007101AD9970,_ZTV25SAction_Text2ApiCharacter
0x0000007101AD99B0,_ZTV33SAction_IsGameCompleteCheatActive
0x0000007101AD99F0,_ZTV31CharacterAction_SetAvoidVehicle
0x0000007101AD9A38,_ZTV20CharacterAction_IsOn
0x0000007101AD9A80,_ZTV24CharacterAction_GetClass
0x0000007101AD9AC8,_ZTV28CharacterAction_GetModelName
0x0000007101AD9B10,_ZTV33CharacterAction_HasClassAbilities
0x0000007101AD9B58,_ZTV26CharacterAction_GetVehicle
0x0000007101AD9BA0,_ZTV25CharacterAction_GetRidden
0x0000007101AD9BE8,_ZTV27CharacterAction_IsSkydiving
0x0000007101AD9C30,_ZTV36CharacterAction_PlayContextAnimation
0x0000007101AD9C78,_ZTV28CharacterAction_ClearContext
0x0000007101AD9CC0,_ZTV23CharacterAction_FadeOut
0x0000007101AD9D08,_ZTV22CharacterAction_FadeIn
0x0000007101AD9D50,_ZTV25CharacterAction_SetScript
0x0000007101AD9D98,_ZTV26CharacterAction_FaceCamera
0x0000007101AD9DE0,_ZTV29CharacterAction_FaceCharacter
0x0000007101AD9E28,_ZTV27CharacterAction_FaceLocator
0x0000007101AD9E70,_ZTV31CharacterAction_FollowCharacter
0x0000007101AD9EB8,_ZTV34CharacterAction_PutAwayCurrentItem
0x0000007101AD9F00,_ZTV24CharacterAction_TakeOver
0x0000007101AD9F48,_ZTV22CharacterAction_MoveTo
0x0000007101AD9F90,_ZTV33CharacterAction_MoveToChangeSpeed
0x0000007101AD9FD8,_ZTV20CharacterAction_Stop
0x0000007101ADA020,_ZTV28CharacterAction_EnterVehicle
0x0000007101ADA068,_ZTV26CharacterAction_SetVehicle
0x0000007101ADA0B0,_ZTV34CharacterAction_MakeChaseCamFollow
0x0000007101ADA0F8,_ZTV28CharacterAction_ClearVehicle
0x0000007101ADA140,_ZTV22CharacterAction_Attack
0x0000007101ADA188,_ZTV29CharacterAction_SetAIOverride
0x0000007101ADA1D0,_ZTV31CharacterAction_DeployParachute
0x0000007101ADA218,_ZTV33CharacterAction_SetAlternateChute
0x0000007101ADA260,_ZTV35CharacterAction_StartSkydiveMidfall
0x0000007101ADA2A8,_ZTV26CharacterAction_EndSkydive
0x0000007101ADA2F0,_ZTV38CharacterAction_SkydiveRotateToHeading
0x0000007101ADA338,_ZTV40CharacterAction_ConstrainSkydiveToSpline
0x0000007101ADA380,_ZTV26CharacterAction_GetItemOut
0x0000007101ADA3C8,_ZTV31CharacterAction_SetWantedRating
0x0000007101ADA410,_ZTV35CharacterAction_MakeSimpleCharacter
0x0000007101ADA458,_ZTV22ChangeDisguiseSequence
0x0000007101ADA4A0,_ZTV30ChangeDisguiseSequence_2Player
0x0000007101ADA4E8,_ZTV39PushExtraCharUnlockWithDisguiseSequence
0x0000007101ADA530,_ZTV28CharacterAction_GetDirection
0x0000007101ADA578,_ZTV27CharacterAction_GetPosition
0x0000007101ADA5C0,_ZTV29CharacterAction_SetArrestable
0x0000007101ADA608,_ZTV29CharacterAction_SetArrestTime
0x0000007101ADA650,_ZTV31CharacterAction_ResetArrestTime
0x0000007101ADA698,_ZTV29CharacterAction_SetRexStunned
0x0000007101ADA6E0,_ZTV29CharacterAction_SetTargetable
0x0000007101ADA728,_ZTV35CharacterAction_SetSilverBossHearts
0x0000007101ADA770,_ZTV27CharacterAction_EmitPickups
0x0000007101ADA7B8,_ZTV27CharacterAction_LockInPlace
0x0000007101ADA800,_ZTV28CharacterAction_AllowParkour
0x0000007101ADA848,_ZTV32CharacterAction_CutDownCharacter
0x0000007101ADA890,_ZTV27CharacterAction_IsOnCoaster
0x0000007101ADA8D8,_ZTV19GizmoAction_SetIcon
0x0000007101ADA920,_ZTV26GizmoAction_CameraShutDown
0x0000007101ADA968,_ZTV25GizmoAction_CameraStartUp
0x0000007101ADA9B0,_ZTV30GizmoAction_SetMiniCutCanSplit
0x0000007101ADA9F8,_ZTV21GizmoAction_GetColour
0x0000007101ADAA40,_ZTV21GizmoAction_SetColour
0x0000007101ADAA88,_ZTV22GizmoAction_RemoveIcon
0x0000007101ADAAD0,_ZTV29GizmoAction_DestroySimpleProp
0x0000007101ADAB18,_ZTV27GizmoAction_ResetSimpleProp
0x0000007101ADAB60,_ZTV21GizmoAction_GetCentre
0x0000007101ADABA8,_ZTV30GizmoAction_GetSuperBuildValue
0x0000007101ADABF0,_ZTV27SAction_SetSuperBuildTarget
0x0000007101ADAC30,_ZTV36SAction_SetSuperBuildTargetCompleted
0x0000007101ADAC70,_ZTV17SAction_TileGizmo
0x0000007101ADACB0,_ZTV22GizmoAction_DistanceTo
0x0000007101ADACF8,_ZTV28SAction_GetFailedGlidePlayer
0x0000007101ADAD38,_ZTV21DynamicScriptVariableI5GizmoE
0x0000007101ADADD0,_ZTV15SAction_SetHint
0x0000007101ADAE10,_ZTV22SAction_SetHintIconDRC
0x0000007101ADAE50,_ZTV23SAction_SetHintComplete
0x0000007101ADAE90,_ZTV28SAction_SetGizmoHintComplete
0x0000007101ADAED0,_ZTV18SAction_CancelHint
0x0000007101ADAF10,_ZTV21SAction_SuppressHints
0x0000007101ADAF50,_ZTV23VehicleAction_SetParked
0x0000007101ADAF98,_ZTV34VehicleAction_AttachToSpline_YFree
0x0000007101ADAFE0,_ZTV22VehicleAction_Teleport
0x0000007101ADB028,_ZTV31VehicleAction_DriverlessDriveTo
0x0000007101ADB070,_ZTV39VehicleAction_DriverlessSetDriveToBoost
0x0000007101ADB0B8,_ZTV42VehicleAction_DriverlessAddDriveRubberBand
0x0000007101ADB100,_ZTV24VehicleAction_SetCanRamp
0x0000007101ADB148,_ZTV30VehicleAction_DriverlessPursue
0x0000007101ADB190,_ZTV28VehicleAction_DriverlessFlee
0x0000007101ADB1D8,_ZTV33VehicleAction_CreateKrawlieDriver
0x0000007101ADB220,_ZTV33VehicleAction_AddKrawliePassenger
0x0000007101ADB268,_ZTV18VehicleScriptEvent
0x0000007101ADB298,_ZTV24PlayerVehicleScriptEvent
0x0000007101ADB2C8,_ZTV25KrawlieVehicleScriptEvent
0x0000007101ADB2F8,_ZTV38VehicleToVehicleInteractionScriptEvent
0x0000007101ADB328,_ZTV16GizmoScriptEvent
0x0000007101ADB358,_ZTV23SAction_Text2ApiVehicle
0x0000007101ADB398,_ZTV18SAction_GetVehicle
0x0000007101ADB3D8,_ZTV25VehicleAction_SetPosition
0x0000007101ADB420,_ZTV25VehicleAction_GetPosition
0x0000007101ADB468,_ZTV26VehicleAction_SetDirection
0x0000007101ADB4B0,_ZTV26VehicleAction_GetDirection
0x0000007101ADB4F8,_ZTV22VehicleAction_GetSpeed
0x0000007101ADB540,_ZTV32VehicleAction_TriggerAutoUpright
0x0000007101ADB588,_ZTV25VehicleAction_IsOnItsSide
0x0000007101ADB5D0,_ZTV32VehicleAction_TechnoControlledBy
0x0000007101ADB618,_ZTV24VehicleAction_GetTrailer
0x0000007101ADB660,_ZTV31VehicleAction_SetLimitsOnSpline
0x0000007101ADB6A8,_ZTV29VehicleAction_DisableControls
0x0000007101ADB6F0,_ZTV36VehicleAction_DisableManualAIControl
0x0000007101ADB738,_ZTV33VehicleAction_ConnectRailVehicles
0x0000007101ADB780,_ZTV29VehicleAction_ReleaseCarriage
0x0000007101ADB7C8,_ZTV32VehicleAction_IsAtTheEndOfSpline
0x0000007101ADB810,_ZTV39VehicleAction_LockVelocityOfRailVehicle
0x0000007101ADB858,_ZTV44VehicleAction_LockVelocityOfRailVehicleTimed
0x0000007101ADB8A0,_ZTV23VehicleAction_GetHealth
0x0000007101ADB8E8,_ZTV23VehicleAction_SetHealth
0x0000007101ADB930,_ZTV29VehicleAction_SetInvulnerable
0x0000007101ADB978,_ZTV23VehicleAction_GetDriver
0x0000007101ADB9C0,_ZTV25VehicleAction_GetOccupant
0x0000007101ADBA08,_ZTV25VehicleAction_HasOccupant
0x0000007101ADBA50,_ZTV23VehicleAction_SetLocked
0x0000007101ADBA98,_ZTV22VehicleAction_IsLocked
0x0000007101ADBAE0,_ZTV27VehicleAction_SetSeatLocked
0x0000007101ADBB28,_ZTV26VehicleAction_IsSeatLocked
0x0000007101ADBB70,_ZTV21VehicleAction_Destroy
0x0000007101ADBBB8,_ZTV23VehicleAction_SetScript
0x0000007101ADBC00,_ZTV20VehicleAction_InArea
0x0000007101ADBC48,_ZTV28VehicleAction_IsTakingAction
0x0000007101ADBC90,_ZTV26VehicleAction_SetCraneMode
0x0000007101ADBCD8,_ZTV33VehicleAction_GetCraneLoadIfGizmo
0x0000007101ADBD20,_ZTV35VehicleAction_SetTargetForCraneLoad
0x0000007101ADBD68,_ZTV31VehicleAction_SetPickupForCrane
0x0000007101ADBDB0,_ZTV22VehicleAction_GetClass
0x0000007101ADBDF8,_ZTV26VehicleAction_GetModelName
0x0000007101ADBE40,_ZTV25VehicleAction_GetCategory
0x0000007101ADBE88,_ZTV21VehicleAction_Release
0x0000007101ADBED0,_ZTV28VehicleAction_ReduceTumbling
0x0000007101ADBF18,_ZTV24VehicleAction_SetMassMul
0x0000007101ADBF60,_ZTV25VehicleAction_TurnOnSiren
0x0000007101ADBFA8,_ZTV22VehicleAction_HasSiren
0x0000007101ADBFF0,_ZTV29VehicleAction_AssignCharacter
0x0000007101ADC038,_ZTV25VehicleAction_EmitPickups
0x0000007101ADC080,_ZTV26VehicleAction_SetBossIcons
0x0000007101ADC0C8,_ZTV25VehicleAction_LockInPlace
0x0000007101ADC110,_ZTV27VehicleAction_ExplodeCamera
0x0000007101ADC158,_ZTV28VehicleAction_SetBlowUpTimer
0x0000007101ADC1A0,_ZTV26VehicleAction_SetBoobyTrap
0x0000007101ADC1E8,_ZTV31VehicleAction_SetUnlimitedBoost
0x0000007101ADC230,_ZTV28VehicleAction_IsBoostEnabled
0x0000007101ADC278,_ZTV25VehicleAction_OperateDoor
0x0000007101ADC2C0,_ZTV32VehicleAction_SetMissionCritical
0x0000007101ADC308,_ZTV31VehicleAction_IsMissionCritical
0x0000007101ADC350,_ZTV30VehicleAction_SetQueryDismount
0x0000007101ADC398,_ZTV32VehicleAction_IsQueryDismountSet
0x0000007101ADC3E0,_ZTV24Task_ConvertToPedestrian
0x0000007101ADC438,_ZTV17RumbleTriggerData
0x0000007101ADC490,_ZTV23RumbleTriggerUpdateData
0x0000007101ADC4B0,_ZTV23RumbleTriggerDataHelper
0x0000007101ADC610,_ZTV17SlowMoTriggerData
0x0000007101ADC668,_ZTV23SlowMoTriggerUpdateData
0x0000007101ADC688,_ZTV23SlowMoTriggerDataHelper
0x0000007101ADC7E8,_ZTV20ExplosionTriggerData
0x0000007101ADC840,_ZTV26ExplosionTriggerUpdateData
0x0000007101ADC860,_ZTV26ExplosionTriggerDataHelper
0x0000007101ADC9C0,_ZN20AttachAnimateContext14sm_myContextIDE
0x0000007101ADC9C8,_ZTV20AttachAnimateContext
0x0000007101ADCAA0,_ZTV22LegoContextHandlerBaseI20AttachAnimateContextE
0x0000007101ADCB78,_ZTV15HandcuffContext
0x0000007101ADCC50,_ZTV17HandcuffedContext
0x0000007101ADCD28,_ZTV30MechCharacterInteractEventData
0x0000007101ADCD50,_ZTV22LegoContextHandlerBaseI15HandcuffContextE
0x0000007101ADCE28,_ZTV22LegoContextHandlerBaseI17HandcuffedContextE
0x0000007101ADCF00,_ZN13AttackContext14sm_MyContextIDE
0x0000007101ADCF04,_ZN24CounterableAttackContext14sm_MyContextIDE
0x0000007101ADCF08,_ZN12TauntContext14sm_MyContextIDE
0x0000007101ADCF10,_ZTV13AttackContext
0x0000007101ADCFE8,_ZTV24CounterableAttackContext
0x0000007101ADD0C0,_ZTV12TauntContext
0x0000007101ADD198,_ZTV22LegoContextHandlerBaseI13AttackContextE
0x0000007101ADD270,_ZTV22LegoContextHandlerBaseI24CounterableAttackContextE
0x0000007101ADD348,_ZTV22LegoContextHandlerBaseI12TauntContextE
0x0000007101ADD420,_ZN12BlockContext14sm_MyContextIDE
0x0000007101ADD428,_ZTV12BlockContext
0x0000007101ADD500,_ZTV22LegoContextHandlerBaseI12BlockContextE
0x0000007101ADD5D8,_ZN16BrickGrabContext17CONTEXT_BRICKGRABE
0x0000007101ADD5DC,_ZN16BrickGrabContext14sm_aimAngleCosE
0x0000007101ADD5E0,_ZTV16BrickGrabContext
0x0000007101ADD6B8,_ZTV22LegoContextHandlerBaseI16BrickGrabContextE
0x0000007101ADD790,_ZN22CatchCat_TheCatContext26s_CatchCat_TheCatContextIDE
0x0000007101ADD794,_ZN15CatchCatContext19s_CatchCatContextIDE
0x0000007101ADD798,_ZTV15CatchCatContext
0x0000007101ADD870,_ZTV22LegoContextHandlerBaseI15CatchCatContextE
0x0000007101ADD948,_ZTV22CatchCat_TheCatContext
0x0000007101ADDA20,_ZTV22LegoContextHandlerBaseI22CatchCat_TheCatContextE
0x0000007101ADDAF8,_ZN12ComboContext14sm_MyContextIDE
0x0000007101ADDB00,ids
0x0000007101ADDB30,_ZN19FlyingAttackContext14sm_MyContextIDE
0x0000007101ADDB38,_ZTV12ComboContext
0x0000007101ADDC10,_ZTV19FlyingAttackContext
0x0000007101ADDCE8,_ZTV22LegoContextHandlerBaseI12ComboContextE
0x0000007101ADDDC0,_ZTV22LegoContextHandlerBaseI19FlyingAttackContextE
0x0000007101ADDE98,_ZN17DrainPipesContext12sm_ContextIDE
0x0000007101ADDEA0,_ZTV17DrainPipesContext
0x0000007101ADDFD0,_ZTVN17DrainPipesContext22DrainPipesDynoListenerE
0x0000007101ADE080,_ZTV20DrainPipeCornerAddOn
0x0000007101ADE2F0,_ZTV22LegoContextHandlerBaseI17DrainPipesContextE
0x0000007101ADE3C8,_ZN17DrillShockContext11ShockRadiusE
0x0000007101ADE3CC,_ZN17DrillShockContext7TimeoutE
0x0000007101ADE3D0,_ZTV17DrillShockContext
0x0000007101ADE4A8,_ZN17DrillShockContext18sm_inputDrillShockE
0x0000007101ADE4B0,_ZTV32CityKrawlieSimpleHookDrillAttack
0x0000007101ADE4C8,_ZTV22LegoContextHandlerBaseI17DrillShockContextE
0x0000007101ADE5A0,_ZN11GrabContext14sm_MyContextIDE
0x0000007101ADE5A8,_ZTV11GrabContext
0x0000007101ADE680,_ZN14GrabbedContext14sm_MyContextIDE
0x0000007101ADE688,_ZTV14GrabbedContext
0x0000007101ADE760,_ZTV22LegoContextHandlerBaseI11GrabContextE
0x0000007101ADE838,_ZTV22LegoContextHandlerBaseI14GrabbedContextE
0x0000007101ADE910,_ZN20IdleNoGravityContext14sm_MyContextIDE
0x0000007101ADE918,_ZTV20IdleNoGravityContext
0x0000007101ADE9F0,_ZTV22LegoContextHandlerBaseI20IdleNoGravityContextE
0x0000007101ADEAC8,_ZTV16KnockdownContext
0x0000007101ADEBA0,_ZTV19KnockdownHitContext
0x0000007101ADEC78,_ZTV21KnockdownGetupContext
0x0000007101ADED50,_ZTV22LegoContextHandlerBaseI16KnockdownContextE
0x0000007101ADEE28,_ZN12LedgeContext12sm_ContextIDE
0x0000007101ADEE30,_ZTV12LedgeContext
0x0000007101ADEF08,_ZTV15OldLedgeContext
0x0000007101ADEFE0,_ZTV22LegoContextHandlerBaseI15OldLedgeContextE
0x0000007101ADF0B8,_ZTV22LegoContextHandlerBaseI12LedgeContextE
0x0000007101ADF190,_ZN19BouncPadCameraAddon13s_horDistanceE
0x0000007101ADF194,_ZN19BouncPadCameraAddon13s_verDistanceE
0x0000007101ADF198,_ZN19BouncPadCameraAddon13s_blendInTimeE
0x0000007101ADF19C,_ZN19BouncPadCameraAddon14s_blendOutTimeE
0x0000007101ADF1A0,_ZTV19BouncPadCameraAddon
0x0000007101ADF410,_ZN20BouncePadJumpContext21s_bounceJumpContextIdE
0x0000007101ADF418,_ZTV20BouncePadJumpContext
0x0000007101ADF4D8,_ZTV29MechCharactersObjectEventData
0x0000007101ADF500,_ZN18ParkourMoveContext12sm_ContextIDE
0x0000007101ADF508,_ZTV18ParkourMoveContext
0x0000007101ADF5E0,_ZTV22LegoContextHandlerBaseI18ParkourMoveContextE
0x0000007101ADF6B8,_ZN13WindUpContext14sm_MyContextIDE
0x0000007101ADF6C0,_ZTV13WindUpContext
0x0000007101ADF798,_ZTV22LegoContextHandlerBaseI13WindUpContextE
0x0000007101ADF870,_ZN12ThrowContext14sm_MyContextIDE
0x0000007101ADF874,_ZN12ThrowContext22sm_ShoulderThrowChanceE
0x0000007101ADF878,_ZTV12ThrowContext
0x0000007101ADF950,_ZN20TurnToPutDownContext14sm_MyContextIDE
0x0000007101ADF954,_ZN13ThrownContext14sm_MyContextIDE
0x0000007101ADF958,_ZN14PutDownContext14sm_MyContextIDE
0x0000007101ADF95C,_ZN14PutDownContext14sm_lastPutDownE
0x0000007101ADF960,_ZN14PutDownContext15sm_lastFinisherE
0x0000007101ADF964,_ZN14PutDownContext12sm_lastParryE
0x0000007101ADF968,_ZTV14PutDownContext
0x0000007101ADFA40,_ZTV13ThrownContext
0x0000007101ADFBD0,_ZN17MissAttackContext14sm_MyContextIDE
0x0000007101ADFBD8,_ZTV17MissAttackContext
0x0000007101ADFCB0,_ZTV20TurnToPutDownContext
0x0000007101ADFD88,_ZN14TakeHitContext14sm_MyContextIDE
0x0000007101ADFD90,_ZTV14TakeHitContext
0x0000007101ADFE68,_ZTV22LegoContextHandlerBaseI12ThrowContextE
0x0000007101ADFF40,_ZTV22LegoContextHandlerBaseI14PutDownContextE
0x0000007101AE0018,_ZTV22LegoContextHandlerBaseI17MissAttackContextE
0x0000007101AE00F0,_ZTV22LegoContextHandlerBaseI20TurnToPutDownContextE
0x0000007101AE01C8,_ZTV22LegoContextHandlerBaseI14TakeHitContextE
0x0000007101AE02A0,_ZN13TackleContext14sm_MyContextIDE
0x0000007101AE02A8,_ZTV13TackleContext
0x0000007101AE0430,_ZTV22LegoContextHandlerBaseI13TackleContextE
0x0000007101AE0508,_ZN16UphillRunContext12sGracePeriodE
0x0000007101AE050C,_ZN16UphillRunContext19sPressTimeIncrementE
0x0000007101AE0510,_ZN16UphillRunContext10sContextIdE
0x0000007101AE0518,_ZTV16UphillRunContext
0x0000007101AE05F0,_ZTV15UphillRunSystem
0x0000007101AE0740,_ZTV22LegoContextHandlerBaseI16UphillRunContextE
0x0000007101AE0818,_ZTV16TreadmillContext
0x0000007101AE0900,_ZTV13DJDeckContext
0x0000007101AE09F0,_ZTV17BenchPressContext
0x0000007101AE0AD8,_ZTV20BuckingBroncoContext
0x0000007101AE0BC0,_ZTV17ButtonGameContext
0x0000007101AE0CA8,_ZTV16RideAlongContext
0x0000007101AE0D90,_ZTV10RidonAddon
0x0000007101AE1000,_ZTV16LabyrinthContext
0x0000007101AE10E8,_ZTV14LabyrinthAddOn
0x0000007101AE1388,_ZN14WrestleContext14sm_MyContextIDE
0x0000007101AE1390,_ZTV14WrestleContext
0x0000007101AE1468,_ZN14WrestleContext11sm_StrengthE
0x0000007101AE1470,_ZTV22LegoContextHandlerBaseI14WrestleContextE
0x0000007101AE1548,_ZTV14FishingContext
0x0000007101AE1630,_ZN17BasketBallContext10sAnimNamesE
0x0000007101AE1660,_ZTV17BasketBallContext
0x0000007101AE1748,_ZTV15BasketBallAddOn
0x0000007101AE19E8,_ZTV16HookADuckContext
0x0000007101AE1AD0,_ZN12HPoleContext12sm_ContextIDE
0x0000007101AE1AD8,_ZTV12HPoleContext
0x0000007101AE1BB0,_ZTV22LegoContextHandlerBaseI12HPoleContextE
0x0000007101AE1C88,_ZTV19VerticalMazeContext
0x0000007101AE1D70,_ZTV17VerticalMazeAddOn
0x0000007101AE2010,_ZTV17PipePuzzleContext
0x0000007101AE20F8,_ZTV15PipePuzzleAddOn
0x0000007101AE2398,_ZN21RexFuryStunnedContext14sm_myContextIDE
0x0000007101AE23A0,_ZTV21RexFuryStunnedContext
0x0000007101AE2478,_ZTV22LegoContextHandlerBaseI21RexFuryStunnedContextE
0x0000007101AE2550,_ZN25RocketOutOfControlContext14sm_myContextIDE
0x0000007101AE2558,_ZTV25RocketOutOfControlContext
0x0000007101AE2630,_ZTV22LegoContextHandlerBaseI25RocketOutOfControlContextE
0x0000007101AE2708,_ZN14WhistleContext18s_WhistleContextIDE
0x0000007101AE270C,_ZN14WhistleContext22s_WhistleActivateInputE
0x0000007101AE2710,_ZTV14WhistleContext
0x0000007101AE27E8,_ZTV22LegoContextHandlerBaseI14WhistleContextE
0x0000007101AE28C0,_ZN17CoconutShyContext10sAnimNamesE
0x0000007101AE28F0,_ZTV17CoconutShyContext
0x0000007101AE29D8,myhitframetest
0x0000007101AE29E0,_ZTV15CoconutShyAddOn
0x0000007101AE2C80,_ZTV17CityBarrelContext
0x0000007101AE2D58,_ZN17CityBarrelContext8s_radiusE
0x0000007101AE2D5C,_ZN17CityBarrelContext12s_halfHeightE
0x0000007101AE2D60,_ZTV22LegoContextHandlerBaseI17CityBarrelContextE
0x0000007101AE2E38,_ZTV12cLegoCityLAK
0x0000007101AE2E68,_ZTV12MegaFigAddOn
0x0000007101AE3118,_ZN12MegaFigAddOn14StaggerContext5sm_IDE
0x0000007101AE311C,_ZN12MegaFigAddOn19SpecialPunchContext5sm_IDE
0x0000007101AE3120,_ZTVN12MegaFigAddOn14StaggerContextE
0x0000007101AE3200,_ZTVN12MegaFigAddOn19SpecialPunchContextE
0x0000007101AE32D8,_ZTVN12MegaFigAddOn19SpecialPunchContext9PunchDataE
0x0000007101AE3300,_ZTV22LegoContextHandlerBaseIN12MegaFigAddOn14StaggerContextEE
0x0000007101AE33D8,_ZTV22LegoContextHandlerBaseIN12MegaFigAddOn19SpecialPunchContextEE
0x0000007101AE34B0,ACT_PIRANHAPLANT_ACTIVATE
0x0000007101AE34B4,ACT_PIRANHAPLANT_ACTIVE
0x0000007101AE34B8,ACT_PIRANHAPLANT_SHOOT
0x0000007101AE34BC,ACT_PIRANHAPLANT_DEACTIVATE
0x0000007101AE34C0,_ZTV17PiranhaPlantAddon
0x0000007101AE3730,_ZN19PiranhaPlantContext14sm_MyContextIDE
0x0000007101AE3738,_ZTV19PiranhaPlantContext
0x0000007101AE3810,_ZTV22LegoContextHandlerBaseI19PiranhaPlantContextE
0x0000007101AE38E8,_ZTV11BobombAddon
0x0000007101AE3B58,_ZTVN14cAttackManager11SubjectDataE
0x0000007101AE3B88,_ZN14cAttackManager15sm_attackFreeIDE
0x0000007101AE3B90,_ZTV14cAttackManager
0x0000007101AE3BC0,_ZN27AttackManagerScriptVariable9sm_noNameE
0x0000007101AE3BC8,_ZTV27AttackManagerScriptVariable
0x0000007101AE3C20,_ZTV22SAction_AtkMngr_Finish
0x0000007101AE3C68,_ZTV27SAction_AtkMngr_AddAttacker
0x0000007101AE3CB0,_ZTV28SAction_AtkMngr_AddInnerArea
0x0000007101AE3CF8,_ZTV28SAction_AtkMngr_AddOuterArea
0x0000007101AE3D40,_ZTV39SAction_AtkMngr_SetInnerCentreAndRadius
0x0000007101AE3D88,_ZTV39SAction_AtkMngr_SetOuterCentreAndRadius
0x0000007101AE3DD0,_ZTV36SAction_AtkMngr_FinishAreaDefinition
0x0000007101AE3E18,_ZTV33SAction_AtkMngr_GetAttackersCount
0x0000007101AE3E60,_ZTV31SAction_AtkMngr_SetTutorialMode
0x0000007101AE3EA8,_ZTV32SAction_AtkMngr_SetAllowFinisher
0x0000007101AE3EF0,_ZTV28SAction_AtkMngr_SetDiffculty
0x0000007101AE3F38,_ZTV23SAction_AtkMngr_Suspend
0x0000007101AE3F80,_ZTV22SAction_AtkMngr_Resume
0x0000007101AE3FC8,_ZTV27SAction_AtkMngr_IsSuspended
0x0000007101AE4010,_ZTV27SAction_AtkMngr_AutoSuspend
0x0000007101AE4058,_ZTV31SAction_AtkMngr_StopAutoSuspend
0x0000007101AE40A0,_ZTV28SAction_AtkMngr_AllowAttacks
0x0000007101AE40E8,_ZTV31SAction_AtkMngr_DisallowAttacks
0x0000007101AE4130,_ZTV32SAction_AtkMngr_AttackedInCombat
0x0000007101AE4178,_ZTV32SAction_AtkMngr_IgnoreBadPathing
0x0000007101AE41C0,_ZTV34SAction_AtkMngr_AttackManager2Text
0x0000007101AE4200,_ZTV34SAction_AtkMngr_Text2AttackManager
0x0000007101AE4240,_ZTV35SAction_AtkMngr_CreateAttackManager
0x0000007101AE4280,_ZTV23SAction_AtkMngr_Command
0x0000007101AE42C8,_ZTV16cLegoCityPopData
0x0000007101AE4328,_ZTV26LegoCityPopulationManagers
0x0000007101AE44F0,_ZN12AimingCamera11snappingVelE
0x0000007101AE44F8,_ZTV15CharacterCannon
0x0000007101AE45A8,_ZTV18CraneWithTurnTable
0x0000007101AE45C8,_ZTV10GunHandler
0x0000007101AE4628,_ZTV13PassengerSeat
0x0000007101AE4648,_ZTV15PlayersDetector
0x0000007101AE46C0,_ZN11CraneWinder9twistRateE
0x0000007101AE46C4,_ZN11CraneWinder12m_nSFX_startE
0x0000007101AE46C6,_ZN11CraneWinder11m_nSFX_loopE
0x0000007101AE46C8,_ZN11CraneWinder11m_nSFX_stopE
0x0000007101AE46D0,_ZTV11CraneWinder
0x0000007101AE4780,_ZTV25ProjectilesEmitterHandler
0x0000007101AE47E0,_ZN11WaterStream11s_ShootRateE
0x0000007101AE47E4,_ZN11WaterStream14s_MinBurstTimeE
0x0000007101AE47E8,_ZTV11WaterStream
0x0000007101AE4AA8,_ZTV18WaterStreamHandler
0x0000007101AE4B08,_ZTV15PhantomDetector
0x0000007101AE4B80,_ZN12PropsSmasher14m_scalingConstE
0x0000007101AE4B88,_ZTV12PropsSmasher
0x0000007101AE4C38,_ZTV9RailJoint
0x0000007101AE4C88,_ZTV21VehicleFollowsTheRail
0x0000007101AE4CA8,_ZTV14TurnTableParts
0x0000007101AE4D58,_ZTV21ApiCraneWithTurnTable
0x0000007101AE4D78,_ZN15ApiAimingCamera11snappingVelE
0x0000007101AE4D7C,_ZN15ApiPropsSmasher14m_scalingConstE
0x0000007101AE4D80,_ZTV15ApiPropsSmasher
0x0000007101AE4E30,_ZTV19MovingPartCollision
0x0000007101AE4EE0,_ZTV10CraneJoint
0x0000007101AE4F34,_ZN23LegoCityVehicleSettings17s_outerBlurRadiusE
0x0000007101AE4F38,_ZN23LegoCityVehicleSettings13s_howMuchBlurE
0x0000007101AE4F40,_ZN23LegoCityVehicleSettings15colourFileNamesE
0x0000007101AE5018,_ZN23LegoCityVehicleSettings12s_colorTableE
0x0000007101AE5070,_ZTV30HelicopterSpecialZonesListener
0x0000007101AE5384,_ZN28ApiVehicleUserData_LCGeneric8s_damageE
0x0000007101AE5388,_ZN28ApiVehicleUserData_LCGeneric13s_inputHorn_1E
0x0000007101AE538C,_ZN28ApiVehicleUserData_LCGeneric13s_inputHorn_2E
0x0000007101AE5390,_ZN28ApiVehicleUserData_LCGeneric20s_inputToggleSiren_1E
0x0000007101AE5394,_ZN28ApiVehicleUserData_LCGeneric20s_inputToggleSiren_2E
0x0000007101AE5398,_ZN28ApiVehicleUserData_LCGeneric14s_inputHornB_1E
0x0000007101AE539C,_ZN28ApiVehicleUserData_LCGeneric14s_inputHornB_2E
0x0000007101AE53A0,_ZN28ApiVehicleUserData_LCGeneric11s_actionIdsE
0x0000007101AE53AC,_ZN28ApiVehicleUserData_LCGeneric16s_partHandle_DmgE
0x0000007101AE53B0,_ZN28ApiVehicleUserData_LCGeneric16s_partHandle_HitE
0x0000007101AE53B4,_ZN28ApiVehicleUserData_LCGeneric20s_vehEngineBlast_SFXE
0x0000007101AE53B6,_ZN28ApiVehicleUserData_LCGeneric21s_vehChassisBlast_SFXE
0x0000007101AE53B8,_ZN28ApiVehicleUserData_LCGeneric15s_vehSplash_SFXE
0x0000007101AE53BC,_ZN28ApiVehicleUserData_LCGeneric11s_timeToDieE
0x0000007101AE53C0,_ZTV29ApiVehicle_ExplodeCameraAddOn
0x0000007101AE5668,_ZTV28ApiVehicleUserData_LCGeneric
0x0000007101AE58C0,_ZTVN28ApiVehicleUserData_LCGeneric29TowerTrailerCollisionDisablerE
0x0000007101AE5970,_ZTV31MechVehicleInteractionEventData
0x0000007101AE5998,_ZTV14GizmoEventData
0x0000007101AE59C0,_ZTV31ApiVehicleUserData_CherryPicker
0x0000007101AE5C18,_ZTV28ApiVehicleUserData_LadderCar
0x0000007101AE5E70,_ZN30ApiVehicleUserData_SteamRoller17m_crashingDist2_sE
0x0000007101AE5E78,_ZTV30ApiVehicleUserData_SteamRoller
0x0000007101AE6188,_ZTV15HelicopterJoint
0x0000007101AE61D8,_ZTV29ApiVehicleUserData_Helicopter
0x0000007101AE64E8,_ZTV29ApiVehicleUserData_FireSoaker
0x0000007101AE6740,_ZTV20CharacterCraneWinder
0x0000007101AE67F0,_ZN31ApiVehicleUserData_CraneGrasper13s_grasperAnimE
0x0000007101AE67F8,_ZTV31ApiVehicleUserData_CraneGrasper
0x0000007101AE6A50,_ZTV28ApiVehicleUserData_RC_Digger
0x0000007101AE6D60,_ZN28ApiVehicleUserData_ForkLift27s_maxUpE
0x0000007101AE6D64,_ZN28ApiVehicleUserData_ForkLift215s_forkLiftSpeedE
0x0000007101AE6D68,_ZTV28ApiVehicleUserData_ForkLift2
0x0000007101AE7080,_ZTV32ApiVehicleUserData_CrawlerCrane2
0x0000007101AE72D8,_ZN23ApiVehicleUserData_Ball7s_limitE
0x0000007101AE72E0,_ZTV23ApiVehicleUserData_Ball
0x0000007101AE7538,_ZN34ApiVehicleUserData_Yellowsubmarine14s_armsLocationE
0x0000007101AE7540,_ZTV34ApiVehicleUserData_Yellowsubmarine
0x0000007101AE7850,_ZN31ApiVehicleUserData_FloorCleaner7s_limitE
0x0000007101AE7858,_ZTV31ApiVehicleUserData_FloorCleaner
0x0000007101AE7AB0,_ZTV27ApiVehicleUserData_FireBoat
0x0000007101AE7D08,_ZN32ApiVehicleUserData_ControlCentre12s_idleAminIdE
0x0000007101AE7D0A,_ZN32ApiVehicleUserData_ControlCentre13s_rightAnimIdE
0x0000007101AE7D0C,_ZN32ApiVehicleUserData_ControlCentre12s_leftAnimIdE
0x0000007101AE7D10,_ZTV32ApiVehicleUserData_ControlCentre
0x0000007101AE7EC0,_ZN25ApiVehicleUserData_Gantry18m_winchPos_x_limitE
0x0000007101AE7EC4,_ZN25ApiVehicleUserData_Gantry18m_winchPos_y_limitE
0x0000007101AE7EC8,_ZTV25ApiVehicleUserData_Gantry
0x0000007101AE8078,_ZN28ApiVehicleUserData_TrackPump15s_trackpump_runE
0x0000007101AE807C,_ZN28ApiVehicleUserData_TrackPump16s_trackpump_idleE
0x0000007101AE8080,_ZN28ApiVehicleUserData_TrackPump12s_lowerBoundE
0x0000007101AE8088,_ZTV28ApiVehicleUserData_TrackPump
0x0000007101AE8398,_ZTV25ApiVehicleUserData_Rookie
0x0000007101AE8548,_ZN27ApiVehicleUserData_TowTruck17s_hookingDistanceE
0x0000007101AE854C,_ZN27ApiVehicleUserData_TowTruck15s_hookingMinCosE
0x0000007101AE8550,_ZN27ApiVehicleUserData_TowTruck24m_framesBefActualHookingE
0x0000007101AE8558,_ZTV27ApiVehicleUserData_TowTruck
0x0000007101AE87B0,_ZN35ApiVehicleUserData_HoveringAircraft19s_maxAbsoluteHeightE
0x0000007101AE87B4,_ZN35ApiVehicleUserData_HoveringAircraft16s_heliStuckLimitE
0x0000007101AE87B8,_ZN35ApiVehicleUserData_HoveringAircraft22s_heliCriticalDistanceE
0x0000007101AE87BC,_ZN35ApiVehicleUserData_HoveringAircraft19s_propellerGainRateE
0x0000007101AE87C0,_ZN35ApiVehicleUserData_HoveringAircraft18parachuteMinHeightE
0x0000007101AE87C4,_ZN35ApiVehicleUserData_HoveringAircraft13m_autoLandingE
0x0000007101AE87C8,_ZN35ApiVehicleUserData_HoveringAircraft19s_turningAroundRateE
0x0000007101AE87CC,_ZN35ApiVehicleUserData_HoveringAircraft20s_turningAroundSpeedE
0x0000007101AE87D0,_ZTV35ApiVehicleUserData_HoveringAircraft
0x0000007101AE8AE8,_ZTV33ApiVehicleUserData_FireHelicopter
0x0000007101AE8E00,_ZN23ApiVehicleUserData_Boat19s_turningAroundRateE
0x0000007101AE8E04,_ZN23ApiVehicleUserData_Boat20s_turningAroundSpeedE
0x0000007101AE8E08,_ZTV23ApiVehicleUserData_Boat
0x0000007101AE9060,_ZTV25ApiVehicleUserData_Plough
0x0000007101AE92B8,_ZN29ApiVehicleUserData_Skateboard6s_idleE
0x0000007101AE92BC,_ZN29ApiVehicleUserData_Skateboard6s_pushE
0x0000007101AE92C0,_ZN29ApiVehicleUserData_Skateboard6s_rideE
0x0000007101AE92C8,_ZTV29ApiVehicleUserData_Skateboard
0x0000007101AE9520,_ZTV27ApiVehicleUserData_Shrapnel
0x0000007101AE9778,_ZN29ApiVehicleUserData_Wheelchair6s_idleE
0x0000007101AE977C,_ZN29ApiVehicleUserData_Wheelchair6s_rideE
0x0000007101AE9780,_ZN29ApiVehicleUserData_Wheelchair6s_leftE
0x0000007101AE9784,_ZN29ApiVehicleUserData_Wheelchair7s_rightE
0x0000007101AE9788,_ZN29ApiVehicleUserData_Wheelchair13s_rideReverseE
0x0000007101AE9790,_ZTV29ApiVehicleUserData_Wheelchair
0x0000007101AE99E8,_ZTV24ApiVehicleUserData_Train
0x0000007101AE9C40,_ZTV26ApiVehicleUserData_Emerald
0x0000007101AE9E98,_ZTV16LegoCityBoltType
0x0000007101AE9F30,_ZTV13LegoCityBolts
0x0000007101AEA168,_ZTV15GrappleBoltType
0x0000007101AEA1C0,_ZN16cBoltPaintSystem12s_PaintNamesE
0x0000007101AEA220,_ZN16cBoltPaintSystem18s_ExtraPaintColourE
0x0000007101AEA228,_ZTV16cBoltPaintSystem
0x0000007101AEA378,_ZTV17cBoltPaintManager
0x0000007101AEA4D8,_ZN14BoltPaintAddOn15NegativeSoundIDE
0x0000007101AEA4DA,_ZN14BoltPaintAddOn10HitLoopSFXE
0x0000007101AEA4E0,_ZTV14BoltPaintAddOn
0x0000007101AEA518,_ZTV31SAction_CharacterSetPaintColour
0x0000007101AEA560,_ZTV31SAction_CharacterGetPaintColour
0x0000007101AEA5A8,_ZTV14cBoltPaintType
0x0000007101AEA608,_ZTV16cBoltPaintHelper
0x0000007101AEA770,_ZTV16cBoltPaintGadget
0x0000007101AEA7A8,_ZTV15LegoManagerBaseI17cBoltPaintManagerE
0x0000007101AEA870,_ZTV12BoltSwagType
0x0000007101AEA8C8,_ZTV13cBoltCityType
0x0000007101AEA920,_ZTV19cBulletBillBoltType
0x0000007101AEA978,_ZTV15QueueableAction
0x0000007101AEA9A8,_ZTV19QueueableActionPool
0x0000007101AEA9C8,_ZTV19PickupClusterSystem
0x0000007101AEAB20,_ZTV20PickupClusterManager
0x0000007101AEABE8,_ZTV16GlideRingManager
0x0000007101AEACB0,_ZTV42SAction_PickupClusterChickenRingSetVisible
0x0000007101AEACF0,_ZTV35SAction_PickupClusterStudChainStart
0x0000007101AEAD30,_ZTV44SAction_PickupClusterStudChainBeginCountdown
0x0000007101AEAD70,_ZTV42SAction_PickupClusterStudChainAllCollected
0x0000007101AEADB0,_ZTV35SAction_PickupClusterStudChainReset
0x0000007101AEADF0,_ZTV26PickupClusterManagerHelper
0x0000007101AEAF58,_ZTV14SplineManagerTI15StudChainSplineE
0x0000007101AEB040,_ZTV11KnotHelperTI10SplineKnotE
0x0000007101AEB1E0,_ZN22SpicyChickenRingHelper18s_InnerPickupTypesE
0x0000007101AEB260,_ZN22SpicyChickenRingHelper18s_OuterPickupTypesE
0x0000007101AEB2F0,_ZN22SpicyChickenRingHelper16s_InnerPickupMapE
0x0000007101AEB310,_ZN22SpicyChickenRingHelper16s_OuterPickupMapE
0x0000007101AEB334,_ZN16SpicyChickenRing18s_MainDrawDistanceE
0x0000007101AEB338,_ZTV16SpicyChickenRing
0x0000007101AEB5C8,_ZTV22SpicyChickenRingHelper
0x0000007101AEB758,_ZTV20ChickenRingInterface
0x0000007101AEB890,_ZTV21EdRefSpicyChickenRing
0x0000007101AEB930,_ZN15StudChainHelper18s_ChainPickupTypesE
0x0000007101AEB980,_ZN15StudChainHelper16s_ChainPickupMapE
0x0000007101AEB998,_ZTV15StudChainSpline
0x0000007101AEBC10,_ZTV14EdRefStudChain
0x0000007101AEBCB0,_ZTV15StudChainHelper
0x0000007101AEBEA8,_ZN15EdRefGlideRings10s_TypeListE
0x0000007101AEBEC0,_ZTV18GlideRingsEdHelper
0x0000007101AEC028,_ZTV10GlideRings
0x0000007101AEC2B8,_ZTV19GlideRingsInterface
0x0000007101AEC3F0,_ZTV15EdRefGlideRings
0x0000007101AEC4C8,hangarDoorFrame
0x0000007101AEC4D0,_ZTV21Lego_City_LevelThings
0x0000007101AED620,_ZN14LegoCityLevels17LegoCityLevelListE
0x0000007101AED720,_ZN20CityLoadScreenParser24s_CurrentLoadScreenIndexE
0x0000007101AED778,_ZTV21MineCollisionListener
0x0000007101AED828,_ZTVN12MoonBaseBoss11BattleAddOnE
0x0000007101AEDAD8,_ZTVN12MoonBaseBoss11BattleAddOn13CompleteEventE
0x0000007101AEDB08,_ZTVN12MoonBaseBoss19RadialRespawnHelperE
0x0000007101AEDD80,_ZTV16SAction_Function
0x0000007101AEDDC0,_ZTV19GenericEventCreatorIN12MoonBaseBoss11BattleAddOn13CompleteEventEE
0x0000007101AEDDD8,_ZTVN12MoonBaseBoss15ButtonMashAddOnE
0x0000007101AEE058,_ZTVN12MoonBaseBoss17TwirlControlAddOnE
0x0000007101AEE2C8,_ZN12MoonBaseBoss17TwirlControlAddOn12SlaveContext5sm_IdE
0x0000007101AEE2D0,_ZTVN12MoonBaseBoss17TwirlControlAddOn11VictimAddOnE
0x0000007101AEE540,_ZTVN12MoonBaseBoss17TwirlControlAddOn12SlaveContextE
0x0000007101AEE618,_ZTVN12MoonBaseBoss19GrappleControlAddOnE
0x0000007101AEE888,_ZN12MoonBaseBoss19GrappleControlAddOn12SlaveContext5sm_IdE
0x0000007101AEE890,_ZTVN12MoonBaseBoss19GrappleControlAddOn12SlaveContextE
0x0000007101AEE968,_ZTVN12MoonBaseBoss19GrappleControlAddOn11SlaveAITaskE
0x0000007101AEE9C0,_ZTVN12MoonBaseBoss16PlayerRootAITaskE
0x0000007101AEEA18,_ZTV14AddOnEventData
0x0000007101AEEA40,_ZTV22LegoContextHandlerBaseIN12MoonBaseBoss17TwirlControlAddOn12SlaveContextEE
0x0000007101AEEB18,_ZTV22LegoContextHandlerBaseIN12MoonBaseBoss19GrappleControlAddOn12SlaveContextEE
0x0000007101AEEBF0,_ZTVN12MoonBaseBoss16RexBrainParasiteE
0x0000007101AEEE60,_ZTVN12MoonBaseBoss20MalfunctionAnimAddOnE
0x0000007101AEF110,_ZTVN12MoonBaseBoss26PotentialBarrelVictimAddOnE
0x0000007101AEF3C0,_ZTVN12MoonBaseBoss17RexPunchableAddOnE
0x0000007101AEF670,_ZTVN12MoonBaseBoss10RexAITasks10GoHomeTaskE
0x0000007101AEF6C8,_ZTVN12MoonBaseBoss10RexAITasks11GuardAITaskE
0x0000007101AEF720,_ZTVN12MoonBaseBoss10RexAITasks11GuardAITask8RoarTaskE
0x0000007101AEF778,_ZN12MoonBaseBoss10RexAITasks11GuardAITask14BuildUpContext5sm_IDE
0x0000007101AEF780,_ZTVN12MoonBaseBoss10RexAITasks11GuardAITask9StompTaskE
0x0000007101AEF7D8,_ZTVN12MoonBaseBoss10RexAITasks11GuardAITask14BuildUpContextE
0x0000007101AEF8B0,_ZTVN12MoonBaseBoss10RexAITasks15MalfunctionTaskE
0x0000007101AEF948,_ZTVN12MoonBaseBoss10RexAITasks18NeedToRechargeTaskE
0x0000007101AEF9A0,_ZTVN12MoonBaseBoss10RexAITasks12RecoveryTaskE
0x0000007101AEFA38,_ZN12MoonBaseBoss10RexAITasks12RecoveryTask12SlaveContext5sm_IDE
0x0000007101AEFA40,_ZTVN12MoonBaseBoss10RexAITasks12RecoveryTask12SlaveContextE
0x0000007101AEFB18,_ZTVN12MoonBaseBoss18ProximityWhipAddOnE
0x0000007101AEFD88,_ZN12MoonBaseBoss18ProximityWhipAddOn11WhipContext5sm_IDE
0x0000007101AEFD90,_ZTVN12MoonBaseBoss18ProximityWhipAddOn11WhipContextE
0x0000007101AEFE68,_ZTVN12MoonBaseBoss12HotSpotAddOn23HotSpotTriggerEventDataE
0x0000007101AEFE90,_ZTVN12MoonBaseBoss12HotSpotAddOnE
0x0000007101AF0108,_ZTVN12MoonBaseBoss14StompWaveAddOnE
0x0000007101AF03C0,_ZTVN12MoonBaseBoss14RexZombieBrainE
0x0000007101AF0418,_ZTVN12MoonBaseBoss14StompShockWaveE
0x0000007101AF0450,_ZTV22LegoContextHandlerBaseIN12MoonBaseBoss10RexAITasks11GuardAITask14BuildUpContextEE
0x0000007101AF0528,_ZTV22LegoContextHandlerBaseIN12MoonBaseBoss10RexAITasks12RecoveryTask12SlaveContextEE
0x0000007101AF0600,_ZTV22LegoContextHandlerBaseIN12MoonBaseBoss18ProximityWhipAddOn11WhipContextEE
0x0000007101AF06D8,_ZTVN11SnapHelpers17SnapPositionAddOnE
0x0000007101AF0948,_ZTVN11SnapHelpers16SnapHeadingAddOnE
0x0000007101AF0BB8,_ZTV14RiderAnimAddOn
0x0000007101AF0E60,_ZTV18RespawnAssistAddOn
0x0000007101AF10D8,_ZTVN15MoonBaseCameras13TwirlCamAddOnE
0x0000007101AF1348,_ZTV23FallSplatDropInSequence
0x0000007101AF1380,_ZTV6DRCEmu
0x0000007101AF14D0,_ZN13LegoCityMenus19sUnlockedCheatIndexE
0x0000007101AF14D8,_ZTV13LegoCityMenus
0x0000007101AF1648,_ZTV15SlidingListSlot
0x0000007101AF1668,_ZTV11SlidingList
0x0000007101AF16A0,_ZTV21SlidingListController
0x0000007101AF16D0,_ZTV9BasicList
0x0000007101AF1708,_ZTVN9BasicList4SlotE
0x0000007101AF1728,_ZTVN9BasicList4PageE
0x0000007101AF1780,_ZTV18MenuControlledView
0x0000007101AF17D8,_ZTV17MenuViewContainer
0x0000007101AF1828,_ZTV22BasicListMenuContainer
0x0000007101AF1880,_ZTV17BasicListMenuView
0x0000007101AF1978,aDefaultAnimati
0x0000007101AF1A78,_ZTV12FlashBespoke
0x0000007101AF1AAC,_ZN18FlashContextSystem18sContextID_Main_3DE
0x0000007101AF1AB0,_ZN18FlashContextSystem21sContextID_HUD_SharedE
0x0000007101AF1AB4,_ZN18FlashContextSystem14sContextID_DRCE
0x0000007101AF1AB8,_ZN18FlashContextSystem27sContextID_ForegroundHUD_P1E
0x0000007101AF1ABC,_ZN18FlashContextSystem27sContextID_ForegroundHUD_P2E
0x0000007101AF1AC0,_ZN18FlashContextSystem17sContextID_Map_P1E
0x0000007101AF1AC4,_ZN18FlashContextSystem17sContextID_Map_P2E
0x0000007101AF1AC8,_ZN18FlashContextSystem31sContextID_ForegroundHUD_SharedE
0x0000007101AF1ACC,_ZN18FlashContextSystem20sContextID_MainFrameE
0x0000007101AF1AD0,_ZTV18FlashContextSystem
0x0000007101AF1C20,_ZTV21FlashContextContainer
0x0000007101AF1CE8,_ZTV18FlashContextHelper
0x0000007101AF1E50,_ZTVN11LCUITargets18Valid3DFlashTargetE
0x0000007101AF1E90,_ZTVN11LCUITargets20FlashTargetMainFrameE
0x0000007101AF1F08,_ZTV11LCUITargets
0x0000007101AF2058,_ZTV20LCUITargetsContainer
0x0000007101AF2120,_ZTV17LCUITargetsHelper
0x0000007101AF2288,_ZTVN11LCUITargets21TargetLoadedEventDataE
0x0000007101AF22B0,_ZN17HudWindow_Globals15sHudWindow_LoadE
0x0000007101AF22C0,_ZTV9HudWindow
0x0000007101AF2320,_ZTV22HudState_WindowDefault
0x0000007101AF2358,_ZTVN15HudModesManager20HudModeEventListenerE
0x0000007101AF2388,_ZTVN15HudModesManager16HudModeEventDataE
0x0000007101AF23B0,_ZTV24HudRender_CentredCounter
0x0000007101AF23E0,_ZTVN17HudTextureManager23ReleaseTextureEventDataE
0x0000007101AF2408,_ZN26HudObjectIconArrow_Globals15sIconArrow_LoadE
0x0000007101AF2418,_ZTV25HudState_IconArrowDefault
0x0000007101AF2450,_ZN26HudObjectIconArrow_Globals13sDefaultStateE
0x0000007101AF2458,_ZTV18HudObjectIconArrow
0x0000007101AF24B8,_ZN22HudProgressBar_Globals17sProgressBar_LoadE
0x0000007101AF24C8,_ZTV27HudState_ProgressBarDefault
0x0000007101AF2500,_ZN22HudProgressBar_Globals13sDefaultStateE
0x0000007101AF2508,_ZTV14HudProgressBar
0x0000007101AF2568,_ZTV8HudTimer
0x0000007101AF25D8,_ZTV15HudButtonMashUp
0x0000007101AF2648,_ZN24HudAnimatingIcon_Globals19sAnimatingIcon_LoadE
0x0000007101AF2658,_ZTV29HudState_AnimatingIconDefault
0x0000007101AF2690,_ZN24HudAnimatingIcon_Globals13sDefaultStateE
0x0000007101AF2698,_ZTV16HudAnimatingIcon
0x0000007101AF26F8,_ZTVN16CitySideMissions13MissionScreenE
0x0000007101AF2740,_ZTVN16CitySideMissions11StartScreenE
0x0000007101AF2788,_ZTVN16CitySideMissions10ExitScreenE
0x0000007101AF27D0,_ZTV16HUDSummaryScreen
0x0000007101AF2800,_ZTV27SummarySelectionScriptEvent
0x0000007101AF2830,_ZTV24SummaryCancelScriptEvent
0x0000007101AF2860,_ZTVN16HUDSummaryScreen9EventDataE
0x0000007101AF2888,_ZN12HudTimerText17m_fTickIfLessThanE
0x0000007101AF2890,_ZTV7HudIcon
0x0000007101AF28D8,_ZTV16UIMenuTransition
0x0000007101AF2908,_ZTV23UIMenuTransitionHandler
0x0000007101AF2938,_ZTVN16UIMenuTransition19TransitionEventDataE
0x0000007101AF2960,_ZTV20UIMenuPageTransition
0x0000007101AF2990,_ZTV17UIMenuPageManager
0x0000007101AF29C0,_ZTVN17UIMenuPageManager24PageStateChangeEventDataE
0x0000007101AF29E8,_ZTV12UIMenuButton
0x0000007101AF2A30,_ZTVN12UIMenuButton15SelectEventDataE
0x0000007101AF2A58,s_dv_EnableGUI2Rendering
0x0000007101AF2A59,_ZN16LegoCityFrontEnd13m_UseFrontEndE
0x0000007101AF2A60,_ZTV16LegoCityFrontEnd
0x0000007101AF2A90,_ZTVN22UIMenuPageDataHandlers15OptionsPageDataE
0x0000007101AF2AC0,_ZTV16UIOverlay_Window
0x0000007101AF2B38,_ZTV9UIOverlay
0x0000007101AF2BB0,_ZTV31WindowScreenState_WindowOverlay
0x0000007101AF2BE8,_ZTVN16UIOverlay_Window17HudWindow_OverlayE
0x0000007101AF2C48,_ZTV12UIItemLoaderI9UIOverlay9UIControlE
0x0000007101AF2CA8,_ZTV9UIControl
0x0000007101AF2D18,_ZTV23UIContextContainer_Core
0x0000007101AF2D38,_ZTV9UIContext
0x0000007101AF2DD0,_ZTV12UIItemLoaderI9UIContext9UIOverlayE
0x0000007101AF2E30,_ZTV25UIContainerHandlerDefaultI26UIContextContainer_DefaultE
0x0000007101AF2E60,_ZTV26UIContextContainer_Default
0x0000007101AF2F60,_ZTV21UIButtonPromptElement
0x0000007101AF2F90,_ZTVN17HudElementManager19HudElementEventDataE
0x0000007101AF2FB8,_ZTV10HudControl
0x0000007101AF3018,_ZTV14HudState_Empty
0x0000007101AF3050,_ZTV24HudRender_GameObjectIcon
0x0000007101AF3080,_ZN17HudRender_Special19sRenderRotateFlatFnE
0x0000007101AF3088,_ZN17HudRender_Special29sRenderRotateFlatWithColourFnE
0x0000007101AF3090,_ZN17HudRender_Special17sRenderRotate3DFnE
0x0000007101AF3098,_ZN17HudRender_Special23sRenderFlatWithColourFnE
0x0000007101AF30A0,_ZTV17HudRender_Special
0x0000007101AF3270,_ZTV11HudMenuItem
0x0000007101AF32B8,_ZN11LegoCityHud19m_HUDTextureManagerE
0x0000007101AF32C8,_ZTV16HudEventListener
0x0000007101AF32F8,_ZTV16Mode_TrueHeroBar
0x0000007101AF3328,_ZTV19Mode_DefaultHUDMode
0x0000007101AF3358,_ZTV25UIContainerHandlerDefaultI22HUD_UIContextContainerE
0x0000007101AF3388,_ZTV22HUD_UIContextContainer
0x0000007101AF3488,_ZTV27HudState_DialogueBoxDefault
0x0000007101AF34C8,_ZTV14HudDialogueBox
0x0000007101AF3528,_ZTV19LegoCityHudDialogue
0x0000007101AF3580,PanelTextColour
0x0000007101AF3590,_ZN17LegoCityHudPlayer17s_fadedOutOpacityE
0x0000007101AF3594,_ZN17LegoCityHudPlayer22s_GoalIconOffsetStartYE
0x0000007101AF3598,_ZN25LegoCityHudPlayer_Globals20sPlayerPortrait_LoadE
0x0000007101AF35A8,_ZTV18HudState_PlayerOne
0x0000007101AF35E0,_ZTV18HudState_PlayerTwo
0x0000007101AF3618,_ZN9HudPlayer18sHeartsDisplayModeE
0x0000007101AF3620,_ZTV9HudPlayer
0x0000007101AF3680,_ZTV17LegoCityHudPlayer
0x0000007101AF36D8,_ZTV18HUDPlayer_SaveLoad
0x0000007101AF3718,_ZTV16HUDScreenManager
0x0000007101AF3748,_ZTVN13FlowMissionUI16RetryScriptEventE
0x0000007101AF3778,_ZTVN13FlowMissionUI15ExitScriptEventE
0x0000007101AF37A8,_ZTV22HudState_PlayerDefault
0x0000007101AF37E8,_ZTV21HudState_PlayerCustom
0x0000007101AF3820,_ZTVN13FlowMissionUI30SAction_FlowUI_ShowRetryScreenE
0x0000007101AF3860,_ZTV17Mode_CentreHearts
0x0000007101AF3890,_ZTV20Mode_TotalStudsCountIL20eStudCounterDrawMode2EE
0x0000007101AF38C0,_ZTV20Mode_TotalStudsCountIL20eStudCounterDrawMode0EE
0x0000007101AF38F0,_ZTV20Mode_TotalStudsCountIL20eStudCounterDrawMode1EE
0x0000007101AF3920,_ZTV19GenericEventCreatorI27SummarySelectionScriptEventE
0x0000007101AF3938,_ZTV19GenericEventCreatorI24SummaryCancelScriptEventE
0x0000007101AF3950,_ZTV19GenericEventCreatorIN13FlowMissionUI16RetryScriptEventEE
0x0000007101AF3968,_ZTV19GenericEventCreatorIN13FlowMissionUI15ExitScriptEventEE
0x0000007101AF3990,_ZTV24HudState_PortraitDefault
0x0000007101AF39C8,_ZTV23HudState_PortraitStatic
0x0000007101AF3A00,_ZTV19LegoCityHudPortrait
0x0000007101AF3A60,_ZTV25HudRender_PortraitDefault
0x0000007101AF3AA0,_ZN18LegoCityHudVehicle21s_MultiplierResetTimeE
0x0000007101AF3AB4,_ZN18LegoCityHudVehicle26s_MultiplierHighlightRatioE
0x0000007101AF3AB8,_ZTV18LegoCityHudVehicle
0x0000007101AF3AE8,_ZTVN18LegoCityHudVehicle14MultiplierIconE
0x0000007101AF3B30,_ZTVN13FlowMissionUI24CriticalVehicleUIHandlerE
0x0000007101AF3B60,_ZTV18LegoCityHudOverlay
0x0000007101AF3BB8,_ZTV18LegoCityHudMission
0x0000007101AF3C10,_ZN21HudRender_TrueHeroBar16sMinProgressTimeE
0x0000007101AF3C18,_ZTV21HudRender_TrueHeroBar
0x0000007101AF3C48,_ZTV19HudRender_AlphaMask
0x0000007101AF3C78,_ZTV28HudState_HudMapUnlockDefault
0x0000007101AF3CB0,_ZN28LegoCityHudMapUnlock_Globals17sMapUnlockDefaultE
0x0000007101AF3CB8,_ZTV20LegoCityHudMapUnlock
0x0000007101AF3D18,_ZTV26HudState_CommDeviceDefault
0x0000007101AF3D58,_ZTV21LegoCityHudCommDevice
0x0000007101AF3DB8,_ZTV17HudCharacterWheel
0x0000007101AF3E18,aCharwheel
0x0000007101AF3F98,_ZTV26LegoCityHudCharacterSelect
0x0000007101AF3FF0,_ZN26LegoCityHudCharacterSelect8s_inputXE
0x0000007101AF3FF4,_ZN26LegoCityHudCharacterSelect8s_inputAE
0x0000007101AF3FF8,_ZN26LegoCityHudCharacterSelect8s_inputBE
0x0000007101AF4000,_ZTV33HudState_HudCharacterWheelDefault
0x0000007101AF4038,_ZTV15HudMenuItemChar
0x0000007101AF4088,_ZTV24LegoCityHudCharacterGrid
0x0000007101AF40E0,_ZTV26LegoCityMenuCharacterGrids
0x0000007101AF4248,_ZTV22LegoCityInGameCharGrid
0x0000007101AF42C0,_ZTV19LegoCityHudTheyLive
0x0000007101AF4350,_ZTV13HudParryIcons
0x0000007101AF43C0,_ZN23BricksBuyScreen_Globals15sHudWindow_LoadE
0x0000007101AF43D0,_ZN23BricksBuyScreen_Globals12strFilenamesE
0x0000007101AF44F8,_ZTV26LegoCityHudBricksBuyScreen
0x0000007101AF4550,_ZTV27WindowScreenState_BricksBuy
0x0000007101AF4588,_ZTV31HudState_VehicleDropGridDefault
0x0000007101AF45C8,_ZTV18HudVehicleDropGrid
0x0000007101AF4628,aMenu
0x0000007101AF46E8,_ZTV26LegoCityHudVehicleDropMenu
0x0000007101AF4740,_ZTV18HudMenuItemVehicle
0x0000007101AF4788,_ZTV27HudState_MissionPlayDefault
0x0000007101AF47C8,_ZTV14HudMissionPlay
0x0000007101AF4828,_ZTV21HudState_MissionStart
0x0000007101AF4868,_ZN18HudMission_Globals12sRootElementE
0x0000007101AF4878,_ZTV15HudMissionStart
0x0000007101AF48E0,aMultiplayerP2_0
0x0000007101AF4FA0,aWindowanimsSpl_0
0x0000007101AF5120,_ZN18HudMission_Globals17sMissionEnd_ElemsE
0x0000007101AF5130,_ZN18HudMission_Globals20sMissionEnd_ChildrenE
0x0000007101AF5140,_ZN18HudMission_Globals23sMissionEnd_ScreenElemsE
0x0000007101AF5150,_ZN18HudMission_Globals17sMissionEnd_AnimsE
0x0000007101AF5160,_ZTV24HudState_MissionEnd_Open
0x0000007101AF5198,_ZTV25HudState_MissionEnd_Close
0x0000007101AF51D0,_ZTV13HudMissionEnd
0x0000007101AF5230,_ZTV34HudState_MissionEnd_ShowBackground
0x0000007101AF5268,_ZTV33HudState_MissionEnd_ScreenDisplay
0x0000007101AF52B8,_ZTV28HudMissionEnd_ScreenComplete
0x0000007101AF5308,_ZTV24HudMissionEnd_ScreenHero
0x0000007101AF5358,_ZTV25HudMissionEnd_ScreenStuds
0x0000007101AF53A8,_ZTV30HudMissionEnd_ScreenGoldBricks
0x0000007101AF53F8,_ZTV27HudMissionEnd_ScreenVehicle
0x0000007101AF5448,_ZTV30HudMissionEnd_ScreenGoldPlates
0x0000007101AF5498,_ZTV29HudMissionEnd_ScreenRedBricks
0x0000007101AF54E8,_ZTV28HudMissionEnd_ScreenPosition
0x0000007101AF5538,_ZTV29HudMissionEnd_ScreenCharacter
0x0000007101AF5588,_ZTV29HudMissionEnd_ScreenMapUnlock
0x0000007101AF5600,aWindowanims_0
0x0000007101AF5640,aWindowopen_0
0x0000007101AF5680,aWindowclose_0
0x0000007101AF56C0,aGoldbrickanims
0x0000007101AF5700,aGoldbrickonbou
0x0000007101AF5740,aGoldbrickoff
0x0000007101AF5780,aWindowanimsSpl
0x0000007101AF57C0,aWindowopenSpli
0x0000007101AF5800,aWindowcloseSpl
0x0000007101AF5840,aGoldbrickanims_0
0x0000007101AF5880,aGoldbrickonbou_0
0x0000007101AF58C0,aGoldbrickoff_0
0x0000007101AF5900,_ZTV12SafeCrackHud
0x0000007101AF5958,_ZTV13ButtonMashHud
0x0000007101AF59B0,_ZTV11TouchTarget
0x0000007101AF5A20,_ZTV16TouchTargetLayer
0x0000007101AF5A90,_ZTVN15DRCTouchTrigger14TouchEventDataE
0x0000007101AF5AB8,_ZTV15DRCTouchTrigger
0x0000007101AF5AE8,_ZTVN11TouchTarget10TargetDataE
0x0000007101AF5B10,_ZTV16LegoCityGameIcon
0x0000007101AF5B40,_ZTV12FastTravelUI
0x0000007101AF5B70,_ZTV19FastTravelLockAddOn
0x0000007101AF5DE8,_ZTV21FastTravelLock_Player
0x0000007101AF6098,_ZTV27LegacyFastTravelScriptEvent
0x0000007101AF60C8,_ZTV21FastTravelScriptEvent
0x0000007101AF60F8,_ZTV24SAction_DoFastTravelDoor
0x0000007101AF6138,_ZTV22SAction_LockFastTravel
0x0000007101AF6178,_ZTV31SAction_FastTravelStationScript
0x0000007101AF61B8,_ZTVN12FastTravelUI19FastTravelEventDataE
0x0000007101AF61E0,_ZTV13UIOverlay_Map
0x0000007101AF6258,_ZTV5UIMap
0x0000007101AF62A8,_ZTV8UIMapPin
0x0000007101AF6320,_ZTV15UIMapPinHandler
0x0000007101AF63F0,_ZTV14UIMapPinObject
0x0000007101AF6418,_ZTV23UIMapPinObjectInterface
0x0000007101AF6478,_ZTV22NameHashedPinInterface
0x0000007101AF64D8,_ZTV22NameHashedMapPinObject
0x0000007101AF6500,_ZTV26MapPinShowRequestEventData
0x0000007101AF6528,_ZTV15MapPinEventData
0x0000007101AF6550,_ZTV21MapPinSelectEventData
0x0000007101AF6578,_ZTV25MapPinTypeChangeEventData
0x0000007101AF65A0,_ZTV19MapRenderAttachment
0x0000007101AF65C8,_ZTVN23UIMapPinObjectInterface18PinObjectEventDataE
0x0000007101AF65F0,_ZTV16SpecialPinObject
0x0000007101AF6618,_ZTV19SpecialPinInterface
0x0000007101AF6678,_ZTV21CharacterPinInterface
0x0000007101AF66D8,_ZTV18CharacterPinObject
0x0000007101AF6700,_ZTV19VehiclePinInterface
0x0000007101AF6760,_ZTV16VehiclePinObject
0x0000007101AF6788,_ZTV16LocatorPinObject
0x0000007101AF67B0,_ZTV19LocatorPinInterface
0x0000007101AF6810,_ZTV22FastTravelPinInterface
0x0000007101AF68A0,_ZTV22AreaTriggeredPinObject
0x0000007101AF68C8,_ZTV25AreaTriggeredPinInterface
0x0000007101AF6928,_ZTV33SAction_UI_Map_SetCharacterActive
0x0000007101AF6968,_ZTV31SAction_UI_Map_SetVehicleActive
0x0000007101AF69A8,_ZTV15UIMapPinManager
0x0000007101AF69D8,_ZTV28SAction_UI_Map_ShowPinsLayer
0x0000007101AF6B58,_ZTVN17MapPinDataManager23PinTypesLoadedEventDataE
0x0000007101AF6B80,_ZTVN17MapPinDataManager22PinDataLoadedEventDataE
0x0000007101AF6BA8,_ZN18UIMapRenderManager16sDefaultFadeTimeE
0x0000007101AF6BAC,_ZN18UIMapRenderManager18sDefaultLoadRadiusE
0x0000007101AF6BB0,_ZTVN18UIMapRenderManager19MapRenderComponentsE
0x0000007101AF6CF0,_ZTV16UIMapManipulator
0x0000007101AF6DC0,_ZTV14MapFogRenderer
0x0000007101AF6DF0,_ZTV13MapFogManager
0x0000007101AF6E20,_ZTVN10MapFogArea9EventDataE
0x0000007101AF6E48,_ZTV11MapRenderer
0x0000007101AF6E78,_ZTVN11MapRenderer22TileSetChangeEventDataE
0x0000007101AF6EA0,_ZTV11UIPlayerMap
0x0000007101AF70C0,_ZTVN11UIPlayerMap17ZoomModeEventDataE
0x0000007101AF70E8,_ZTVN12UIPlayerMaps21ListModifiedEventDataE
0x0000007101AF7110,_ZTV12CityPDAState
0x0000007101AF7160,_ZN13CityPDASystem11s_inputBackE
0x0000007101AF7164,_ZN13CityPDASystem13s_inputSelectE
0x0000007101AF7168,_ZN13CityPDASystem22sSettingsButtonPressedE
0x0000007101AF7170,_ZTV13CityPDASystem
0x0000007101AF72C0,_ZTV18CityPDAState_Level
0x0000007101AF7310,_ZTV20CityPDAManagerHelper
0x0000007101AF7478,_ZTVN13CityPDASystem13CityPDA_ShellE
0x0000007101AF74A8,_ZTVN13CityPDASystem23ScanTransitionEventDataE
0x0000007101AF74D0,_ZTV25UIContainerHandlerDefaultI22PDA_UIContextContainerE
0x0000007101AF7500,_ZTV22PDA_UIContextContainer
0x0000007101AF7600,_ZTV8SoundASR
0x0000007101AF7640,_ZTV10SoundInOut
0x0000007101AF7680,_ZN9PDAButton17s_ButtonAnimNamesE
0x0000007101AF76E0,_ZTV9PDAButton
0x0000007101AF7760,_ZTVN9PDAButton14FlashEventDataE
0x0000007101AF7788,_ZTV9PDAScreen
0x0000007101AF77A8,_ZTV15PlayerMenuAddOn
0x0000007101AF7A58,_ZTV13CityPDA_Login
0x0000007101AF7A78,_ZTV14CityPDA_SatNav
0x0000007101AF7AA8,_ZN18CityPDA_VideoPhone15sDefaultActionsE
0x0000007101AF7AB8,_ZTV24CityPDA_VideoCallControl
0x0000007101AF7AE8,_ZTV24CityPDA_ObjectiveControl
0x0000007101AF7B18,_ZTV13CityPDA_Popup
0x0000007101AF7B48,_ZTV18CityPDA_MapOverlay
0x0000007101AF7BC0,_ZTV27UIMapElementClampingHandler
0x0000007101AF7BF0,_ZTV16UIMapAreaHandler
0x0000007101AF7C20,_ZN23CityPDA_WaypointControl22sCanSetManualWaypointsE
0x0000007101AF7C21,_ZN23CityPDA_WaypointControl22sScriptAllowsWaypointsE
0x0000007101AF7C28,_ZTV23CityPDA_WaypointControl
0x0000007101AF7C58,_ZTV20CityPDA_ZoomControls
0x0000007101AF7C88,_ZTV24CityPDA_MagGlassControls
0x0000007101AF7CB8,_ZTV21CityPDA_ScrollControl
0x0000007101AF7CE8,_ZTV22CityPDA_ScannerControl
0x0000007101AF7D18,_ZTVN25CityPDA_LevelStatsControl16InfoScreenButtonE
0x0000007101AF7D88,_ZTVN25CityPDA_LevelStatsControl10InfoScreenE
0x0000007101AF7DF8,_ZTV25CityPDA_LevelStatsControl
0x0000007101AF7E28,_ZTV18MapOverlayRenderer
0x0000007101AF7EF0,_ZTV35SAction_UI_Map_HasPlayerSetWaypoint
0x0000007101AF7F30,_ZTV40SAction_UI_Map_AllowPlayerToSetWaypoints
0x0000007101AF7F70,_ZTV23SAction_UI_Map_ShowArea
0x0000007101AF7FB0,_ZTV23SAction_UI_Map_HideArea
0x0000007101AF8098,_ZTVN17CityPDA_Sequencer17SequenceEventDataE
0x0000007101AF80C0,_ZTV17CityPDA_Sequencer
0x0000007101AF80F0,_ZTV28CityPDA_SequenceScriptAction
0x0000007101AF8130,_ZTV25SAction_PDADemo_IsRunning
0x0000007101AF8170,_ZTV19SAction_PDADemo_Run
0x0000007101AF81B0,_ZTV31SAction_PDADemo_ShowMapLocation
0x0000007101AF81F0,ScanBusyScreen_AlwaysRenderBehind
0x0000007101AF81F8,_ZTV18CityPDAMapRenderer
0x0000007101AF8250,_ZTV14CityPDAManager
0x0000007101AF8320,_ZTVN13CityPDA_Mutex14MutexEventDataE
0x0000007101AF8348,_ZTV11DRCRenderer
0x0000007101AF8410,_ZTV20CityPDA_Communicator
0x0000007101AF8440,_ZTV32CityPDA_CommunicatorScriptAction
0x0000007101AF8480,_ZTV27SAction_PDAComm_SetCallAuto
0x0000007101AF84C0,_ZN20CityPDA_Communicator15CONTEXT_PDACALLE
0x0000007101AF84C8,_ZTVN20CityPDA_Communicator14PDACallContextE
0x0000007101AF85A8,_ZTV37SAction_PDAComm_SetVideoCallCharacter
0x0000007101AF85E8,_ZTV34SAction_PDAComm_SetVideoCallAction
0x0000007101AF8628,_ZTV25SAction_PDAComm_ClearCall
0x0000007101AF8668,_ZTV23SAction_PDAComm_SetCall
0x0000007101AF86A8,_ZTV25SAction_PDAComm_SetUsePDA
0x0000007101AF86E8,_ZTV39SAction_PDAComm_MapCanShowDuringMiniCut
0x0000007101AF8728,_ZTV27SAction_PDAComm_CanTakeCall
0x0000007101AF8768,_ZTV22SAction_PDAComm_IsBusy
0x0000007101AF87A8,_ZTV23SAction_PDAMutex_IsBusy
0x0000007101AF87E8,_ZTV29SAction_PlayerMissedVideoCall
0x0000007101AF8828,_ZTV13BoolEventDataI20CityPDA_CommunicatorE
0x0000007101AF8850,_ZTV22LegoContextHandlerBaseIN20CityPDA_Communicator14PDACallContextEE
0x0000007101AF8928,_ZTV16CityPDA_PinsMenu
0x0000007101AF89D0,_ZTV24PDAContextMenuInfoScreen
0x0000007101AF8A40,_ZTV20PDAContextMenuButton
0x0000007101AF8AB0,_ZTV14PDAContextMenu
0x0000007101AF8B58,_ZTV24PDAContextMenuConfirmBox
0x0000007101AF8C00,_ZTVN16CityPDA_PinsMenu17PinsMenuEventDataE
0x0000007101AF8C28,_ZTVN20PDAContextMenuButton15ButtonEventDataE
0x0000007101AF8C50,_ZTVN14PDAContextMenu13MenuEventDataE
0x0000007101AF8C78,_ZTVN14PDAContextMenu12MenuExitDataE
0x0000007101AF8D80,_ZN33CityPDA_CharacterShopHudInterface21sCharacter3DMAX_SCALEE
0x0000007101AF8D84,_ZN33CityPDA_CharacterShopHudInterface11sEXPANDTIMEE
0x0000007101AF8D88,_ZN13CharacterList22sSlidingListWindowSizeE
0x0000007101AF8D8C,_ZN33CityPDA_CharacterShopHudInterface19sSelectedCharButtonE
0x0000007101AF8D94,_ZN13CharacterList16sSilhouetteAlphaE
0x0000007101AF8D98,_ZN13CharacterList27sSilhouetteAlphaUnafordableE
0x0000007101AF8DA0,_ZN33CityPDA_CharacterShopHudInterface10sAnimNamesE
0x0000007101AF8DC8,_ZN33CityPDA_CharacterShopHudInterface15sShopSoundNamesE
0x0000007101AF8E28,_ZTV33CityPDA_CharacterShopHudInterface
0x0000007101AF8FD8,_ZTV13BoolEventDataI21CityPDA_CharacterShopE
0x0000007101AF9000,_ZN22CityPDA_ShopUISettings17sMotionSpeedLimitE
0x0000007101AF9004,_ZN22CityPDA_ShopUISettings15sSweepProximityE
0x0000007101AF9008,_ZN16ShopObjectViewer16m_sCharacterAnimE
0x0000007101AF9010,_ZN20CityPDA_ShopUIBricks23sCheatSpecialObjectIconE
0x0000007101AF9158,_ZN18PDACharcaterButton10sAnimNamesE
0x0000007101AF91D8,_ZTV18PDACharcaterButton
0x0000007101AF9260,_ZTV23PDACharcaterWheelButton
0x0000007101AF92E8,_ZTV17PDAPurchaseButton
0x0000007101AF9368,_ZN16ShopObjectViewer10sAnimNamesE
0x0000007101AF9390,_ZTV16ShopObjectViewer
0x0000007101AF9400,_ZTV22CityPDA_ShopUISettings
0x0000007101AF94A0,_ZN35CityPDA_DisguiseBoothCharacterWheel10sAnimNamesE
0x0000007101AF94B0,_ZTV35CityPDA_DisguiseBoothCharacterWheel
0x0000007101AF9780,_ZN29CityPDA_ShopPreLevelSelection10sAnimNamesE
0x0000007101AF9798,_ZTV29CityPDA_ShopPreLevelSelection
0x0000007101AF9838,_ZN25CityPDA_ShopPreLevelReady10sAnimNamesE
0x0000007101AF9840,_ZTV25CityPDA_ShopPreLevelReady
0x0000007101AF98E0,_ZN22CityPDA_ShopUICategory10sAnimNamesE
0x0000007101AF9900,_ZN22CityPDA_ShopUICategory14sTechAnimNamesE
0x0000007101AF9910,_ZTV22CityPDA_ShopUICategory
0x0000007101AF9A60,_ZN20CityPDA_ShopUIBricks10sAnimNamesE
0x0000007101AF9A80,_ZN20CityPDA_ShopUIBricks14sTechAnimNamesE
0x0000007101AF9A90,_ZTV20CityPDA_ShopUIBricks
0x0000007101AF9BE0,_ZN23CityPDA_ShopUICharacter10sAnimNamesE
0x0000007101AF9C28,_ZN23CityPDA_ShopUICharacter14sTechAnimNamesE
0x0000007101AF9C38,_ZTV23CityPDA_ShopUICharacter
0x0000007101AF9D88,_ZTV21CityPDA_ShopEventData
0x0000007101AF9DB0,_ZTV11NuEventData
0x0000007101AF9DF8,_ZN12CategoryList23m_sPadScrollSpeedFactorE
0x0000007101AF9E00,_ZTV16CategoryItemSlot
0x0000007101AF9E20,_ZTV29CategorySlidingListController
0x0000007101AF9E50,_ZTV12CategoryList
0x0000007101AF9F18,_ZTV17CharacterItemSlot
0x0000007101AF9F38,_ZTV30CharacterSlidingListController
0x0000007101AF9F68,_ZTV13CharacterList
0x0000007101AFA038,_ZTV19CityPDA_TrainDriver
0x0000007101AFA068,_ZTV19ColourBrickItemSlot
0x0000007101AFA088,_ZTV32ColourBrickSlidingListController
0x0000007101AFA0B8,_ZTV15ColourBrickList
0x0000007101AFA180,_ZN14PDABrickButton10sAnimNamesE
0x0000007101AFA1F8,_ZTV14PDABrickButton
0x0000007101AFA280,_ZTV13BrickItemSlot
0x0000007101AFA2A0,_ZTV26BrickSlidingListController
0x0000007101AFA2D0,_ZTV9BrickList
0x0000007101AFA3A0,_ZTV15CityPDA_MapMenu
0x0000007101AFA440,_ZTV33SAction_UI_Map_TransformHintArrow
0x0000007101AFA480,_ZTV48SAction_UI_Map_TransformHintArrow_PlayerSpecific
0x0000007101AFA4C0,_ZTV28SAction_UI_Timer_SetLoudTick
0x0000007101AFA500,_ZTV28SAction_UI_Map_ShowHintArrow
0x0000007101AFA540,_ZTV27SAction_UI_PDA_ShowBusyIcon
0x0000007101AFA580,_ZTV33SAction_UI_PDA_DisablePlayerInput
0x0000007101AFA5C0,_ZTV32SAction_UI_PlayerUsingFastTravel
0x0000007101AFA600,_ZTV28SAction_UI_Map_StartTutorial
0x0000007101AFA640,_ZTV26SAction_UI_Map_EndTutorial
0x0000007101AFA680,_ZTV29SAction_UI_Map_EnableControls
0x0000007101AFA6C0,_ZTV30SAction_UI_Map_DisableControls
0x0000007101AFA700,_ZTV19SAction_UI_Map_Show
0x0000007101AFA740,_ZTV40SAction_UI_Map_ShowForFastTravelTutorial
0x0000007101AFA780,_ZTV19SAction_UI_Map_Hide
0x0000007101AFA7C0,_ZTV21CityPDA_PinsMenuModes
0x0000007101AFA7F0,_ZN17CodeBreakerButton10sAnimNamesE
0x0000007101AFA800,_ZTV17CodeBreakerButton
0x0000007101AFA878,_ZN28CityPDA_CodeBreakerInterface10sAnimNamesE
0x0000007101AFA898,_ZTV28CityPDA_CodeBreakerInterface
0x0000007101AFA940,_ZTV13CodeEventData
0x0000007101AFA968,_ZN17PDAShopPlayButton10sAnimNamesE
0x0000007101AFA980,_ZTV17PDAShopPlayButton
0x0000007101AFA9F8,_ZN20PDAShopControlButton10sAnimNamesE
0x0000007101AFAA28,_ZTV20PDAShopControlButton
0x0000007101AFAAB0,_ZTV13PDAShopButton
0x0000007101AFAB30,_ZN18PDAShopArrowButton10sAnimNamesE
0x0000007101AFAB58,_ZTV18PDAShopArrowButton
0x0000007101AFABD0,_ZTV21CityPDA_ThumbnailSlot
0x0000007101AFABF0,_ZTV21CityPDA_ThumbnailList
0x0000007101AFAC28,_ZTV27CityPDA_ThumbnailController
0x0000007101AFACE8,_ZTV14CityPDA_Button
0x0000007101AFAD68,_ZTV18CityPDA_PhotoAlbum
0x0000007101AFAD98,_ZTV25CityPDA_ShopHintsSaveLoad
0x0000007101AFADD8,_ZN17PDAShopHintButton10sAnimNamesE
0x0000007101AFADE8,_ZTV17PDAShopHintButton
0x0000007101AFAE60,_ZN17CityPDA_ShopHints10sAnimNamesE
0x0000007101AFAE70,_ZTV17CityPDA_ShopHints
0x0000007101AFAF18,_ZTV17ShopModeEventData
0x0000007101AFAF40,_ZTV19CityPDA_LiftControl
0x0000007101AFAF70,_ZTV20SAction_ShowLiftMenu
0x0000007101AFAFB0,_ZTV28SAction_GetLiftButtonPressed
0x0000007101AFAFF0,_ZTV24CityPDA_Scanner_PadInput
0x0000007101AFB028,_ZTV13BoolEventDataI15CityPDA_ScannerE
0x0000007101AFB050,_ZTVN19CityPDA_ScannerCore16CameraController11InputSourceE
0x0000007101AFB088,_ZTVN19CityPDA_ScannerCore17SceneFocusSubject7RequestE
0x0000007101AFB0B8,_ZTVN19CityPDA_ScannerCore17SceneFocusSubjectE
0x0000007101AFB100,_ZTVN19CityPDA_ScannerCore16SceneFocusSensorE
0x0000007101AFB150,_ZTVN19CityPDA_ScannerCore17SceneFocusScannerE
0x0000007101AFB198,_ZTV24ScanSceneElementRenderer
0x0000007101AFB1C0,_ZTV28CityPDA_ScannerPlayerContext
0x0000007101AFB298,_ZN28CityPDA_ScannerPlayerContext25CONTEXT_PDASCANNERDEFAULTE
0x0000007101AFB2A0,_ZTV19CityPDA_ScannerMode
0x0000007101AFB378,_ZTV8SVarHash
0x0000007101AFB3D0,_ZTV10SVarScalarIjE
0x0000007101AFB428,_ZTV22LegoContextHandlerBaseI28CityPDA_ScannerPlayerContextE
0x0000007101AFB500,_ZTV22CityPDA_ScannerReticle
0x0000007101AFB540,_ZTV22CityPDA_ScanButtonBase
0x0000007101AFB5C0,_ZTVN27CityPDA_ScannerHudInterface12ActionButtonE
0x0000007101AFB640,_ZTVN27CityPDA_ScannerHudInterface11CloseButtonE
0x0000007101AFB6C0,_ZTV27CityPDA_ScannerHudInterface
0x0000007101AFB748,_ZTV26CityPDA_ScannerEnvironment
0x0000007101AFB7B0,_ZTV13ExcelntParser
0x0000007101AFB7E8,_ZTV14ExcelntCounter
0x0000007101AFB820,_ZTV28CityPDA_Scanner_PhysicalMode
0x0000007101AFB8F8,_ZTVN19CityPDA_ScannerCore21TypedSceneFocusSensorI19KrawlieFocusSubjectEE
0x0000007101AFB948,_ZTV26CityPDA_DataScannerReticle
0x0000007101AFB988,_ZTV24CityPDA_Scanner_DataMode
0x0000007101AFBA60,_ZTV13BoolEventDataI11DynamicIconE
0x0000007101AFBA88,_ZTV21PlayerDeactivateAddOn
0x0000007101AFBCF8,_ZTV26CityPDA_Scanner_CameraMode
0x0000007101AFBDD0,_ZTV32SAction_PDAScan_ClearPhotoTarget
0x0000007101AFBE10,_ZTV38SAction_PDAScan_SetPhotoTarget_Locator
0x0000007101AFBE50,_ZTV37SAction_PDAScan_SetPhotoTarget_PosRad
0x0000007101AFBE90,_ZTV44SAction_PDAScan_SetPhotoTarget_LocatorRadius
0x0000007101AFBED0,_ZTV33SAction_PDAScan_SetPhotoZoomRange
0x0000007101AFBF10,_ZTV15AudioScanTarget
0x0000007101AFBF58,_ZTV24ConversationFocusSubject
0x0000007101AFBFA0,_ZTVN24ConversationFocusSubject7RequestE
0x0000007101AFBFD0,_ZTV28ConversationSceneFocusSensor
0x0000007101AFC020,_ZTVN16SoundTargetTypes16NormalConvTargetE
0x0000007101AFC068,_ZTVN16SoundTargetTypes19EncryptedConvTargetE
0x0000007101AFC0B0,_ZTV27CityPDA_AudioScannerReticle
0x0000007101AFC0F0,_ZTV25CityPDA_Scanner_AudioMode
0x0000007101AFC1C8,_ZTV36SAction_PDAScan_AddAudioConversation
0x0000007101AFC208,_ZTV25CityPDA_Scanner_AlbumMode
0x0000007101AFC2E0,_ZTV28CityPDA_Scanner_SnapshotMode
0x0000007101AFC3B8,_ZTV19RenderCallbackProxy
0x0000007101AFC3E0,_ZTV17RenderInterceptor
0x0000007101AFC408,_ZTVN17RenderInterceptor5ProxyE
0x0000007101AFC430,_ZTVN30CityPDA_Scanner_DRCEnvironment12LevelEnablerE
0x0000007101AFC698,_ZTV16ScannerLevelView
0x0000007101AFC6C8,_ZTV30CityPDA_Scanner_DRCEnvironment
0x0000007101AFC760,_ZTV34CityPDA_Scanner_RealityEnvironment
0x0000007101AFC7C8,_ZTV32CityPDA_Scanner_PhotoEnvironment
0x0000007101AFC830,_ZTV12FocusSubject
0x0000007101AFC868,_ZTV11FocusSensor
0x0000007101AFC8A0,_ZTVN16FocusSensorProxy13SensorSubjectE
0x0000007101AFC8D8,_ZTV16FocusSensorProxy
0x0000007101AFC918,_ZTV20CityPDA_ScannerAddon
0x0000007101AFCB88,_ZTV25ChaseCameraUpdateVelocity
0x0000007101AFCBD8,_ZTV26SAction_PDAScan_LinkSwitch
0x0000007101AFCC18,_ZTV25SAction_PDAScan_GetSwitch
0x0000007101AFCC58,_ZTV29SAction_PDAScan_SetControlJob
0x0000007101AFCC98,_ZTV21SAction_PDAScan_Begin
0x0000007101AFCCD8,_ZTV26SAction_PDAScan_AddRequest
0x0000007101AFCD18,_ZTV29SAction_PDAScan_RemoveRequest
0x0000007101AFCD58,_ZTV38SAction_PDAScan_SetDefaultZoomFOVRange
0x0000007101AFCD98,_ZTV31SAction_PDAScan_SetZoomFOVRange
0x0000007101AFCDD8,_ZTV23SAction_PDAScan_SetZoom
0x0000007101AFCE18,_ZTV28SAction_PDAScan_SetDirection
0x0000007101AFCE58,_ZTV32SAction_PDAScan_SetCharacterInfo
0x0000007101AFCE98,_ZTV23SAction_PDAScan_SetHint
0x0000007101AFCED8,_ZTV36SAction_PDAScan_IsEnvironmentVisible
0x0000007101AFCF18,_ZTV19GenericEventCreatorIN26ScannableObjectiveProgress13CompleteEventEE
0x0000007101AFCF30,_ZTV19GenericEventCreatorIN26ScannableObjectiveProgress12MapOpenEventEE
0x0000007101AFCF48,_ZTV19GenericEventCreatorIN26ScannableObjectiveProgress13MapCloseEventEE
0x0000007101AFCF60,_ZTV29CharacterFocusSubjectRenderer
0x0000007101AFD058,_ZTV27KrawlieFocusSubjectRenderer
0x0000007101AFD150,_ZTVN25CharacterSubjectInfoTable5EntryE
0x0000007101AFD178,_ZTV21CharacterFocusSubject
0x0000007101AFD1C0,_ZTVN21CharacterFocusSubject7RequestE
0x0000007101AFD1F0,_ZTV19KrawlieFocusSubject
0x0000007101AFD238,_ZTV22ScannerVehicleRenderer
0x0000007101AFD330,_ZTV20ScannerPartsRenderer
0x0000007101AFD428,_ZTV25CharacterSceneFocusSensor
0x0000007101AFD478,_ZTV26CharacterFocusSubjectAddOn
0x0000007101AFD6E8,_ZTVN25CharacterSubjectInfoTable6ParserE
0x0000007101AFD720,_ZTV20TwoLineCharInfoEntry
0x0000007101AFD748,_ZN18ScannableIconTypes14s_ActiveIconIdE
0x0000007101AFD74C,_ZN18ScannableIconTypes19s_CollectableIconIdE
0x0000007101AFD750,_ZN18ScannableIconTypes14s_LockedIconIdE
0x0000007101AFD758,_ZTVN14LocalScannable6BeaconE
0x0000007101AFD780,_ZTV14LocalScannable
0x0000007101AFD7F0,_ZTVN10Scannables6LockedE
0x0000007101AFD860,_ZTV26LocalScannableFocusSubject
0x0000007101AFD8A8,_ZTV30LocalScannableSceneFocusSensor
0x0000007101AFD8F8,_ZTV34LocalScannableFocusSubjectRenderer
0x0000007101AFD9F0,_ZTVN18ScannableIconTypes6ParserE
0x0000007101AFDA28,_ZTV24ScannableCollectableType
0x0000007101AFDA70,_ZTV27ScannableCollectableManager
0x0000007101AFDB38,_ZTV26ScannableCollectableSystem
0x0000007101AFDC88,_ZTVN10Scannables11CollectableE
0x0000007101AFDCF8,_ZTV26SAction_PDAScan_LockPickup
0x0000007101AFDD38,_ZTV30SAction_PDAScan_IsPickupLocked
0x0000007101AFDD78,_ZTVN29ScannableCollectableTypeTable6ParserE
0x0000007101AFDDB0,_ZTVN16CollectableTypes9CharTokenE
0x0000007101AFDDF8,_ZTV33ScannableCollectableManagerHelper
0x0000007101AFDF60,_ZTVN10Scannables17CollectableBeaconE
0x0000007101AFDFB8,_ZTVN10Scannables9ObjectiveE
0x0000007101AFE028,LegoCityGizAction_CityObjectiveComplete_Params
0x0000007101AFE038,LegoCityGizAction_CityObjectiveComplete_Def
0x0000007101AFE058,LegoCityGizAction_CityObjectiveHide_Params
0x0000007101AFE078,LegoCityGizAction_CityObjectiveHide_Def
0x0000007101AFE098,_ZTV19ObjectiveFlowTarget
0x0000007101AFE0E0,_ZTV19ObjectiveFlowObject
0x0000007101AFE130,_ZTV25ObjectiveFlowObjectHelper
0x0000007101AFE290,_ZTVN10Scannables15ObjectiveBeaconE
0x0000007101AFE2B8,_ZTV24EdRefObjectiveFlowObject
0x0000007101AFE358,_ZTV16GameTrackerModel
0x0000007101AFE4B8,_ZTV25GameTrackerModelContainer
0x0000007101AFE580,_ZTVN16ObjectiveTracker15ObjectiveMarkerE
0x0000007101AFE5B0,_ZTV16ObjectiveTracker
0x0000007101AFE5E0,_ZTV11HintTracker
0x0000007101AFE610,_ZTV22TickerTapeTextScroller
0x0000007101AFE640,_ZTV16QueuedTickerTape
0x0000007101AFE670,_ZTV22GameTrackerModelHelper
0x0000007101AFE7D8,_ZTV14LegoCityGizmos
0x0000007101AFE958,_ZTV16LegoCitySpellIts
0x0000007101AFEC20,_ZTV19LegoCityGizmoObject
0x0000007101AFEC40,_ZTV21FireExtinguisherAddOn
0x0000007101AFEF08,_ZN21FireExtinguisherAddOn14s_MinBurstTimeE
0x0000007101AFEF0C,_ZN21FireExtinguisherAddOn11s_ShootRateE
0x0000007101AFEF10,_ZN21FireExtinguisherAddOn15s_FullLeanAngleE
0x0000007101AFEF14,_ZN21FireExtinguisherAddOn15s_MaxParamSpeedE
0x0000007101AFEF18,_ZTV35FireExtinguisherFirstPointCollector
0x0000007101AFEF40,_ZN11SlowMoAddon12sm_ZoomLevelE
0x0000007101AFEF48,_ZTV11SlowMoAddon
0x0000007101AFF1B8,_ZTV22ZiplineAttachmentAddOn
0x0000007101AFF458,_ZTV14GizmoIconAddOn
0x0000007101AFF6F8,_ZTV30ExcludeCollisionDetectionAddOn
0x0000007101AFF968,_ZTV17LegoCityShopAddOn
0x0000007101AFFBD8,_ZTV13WardrobeAddOn
0x0000007101AFFE48,_ZN21UnlockDisguiseContext22CONTEXT_UNLOCKDISGUISEE
0x0000007101AFFE50,_ZTV21UnlockDisguiseContext
0x0000007101AFFF28,_ZTV22LegoContextHandlerBaseI21UnlockDisguiseContextE
0x0000007101B00000,_ZTV16CodeBreakerAddOn
0x0000007101B00270,_ZTV14CrashMatsAddOn
0x0000007101B00518,_ZN11RoarContext5sm_IDE
0x0000007101B0051C,_ZN11RoarContext13sm_scareRangeE
0x0000007101B00520,_ZN11RoarContext18s_maxRoarBounceVelE
0x0000007101B00528,_ZTV11RoarContext
0x0000007101B00600,_ZN12StompContext5sm_IDE
0x0000007101B00604,_ZN12StompContext15s_DefaultRadiusE
0x0000007101B00608,_ZN12StompContext17s_DefaultDurationE
0x0000007101B0060C,_ZN12StompContext19s_maxStompBounceVelE
0x0000007101B00610,_ZTV12StompContext
0x0000007101B006E8,_ZN9TRexAddOn11s_inputRoarE
0x0000007101B006EC,_ZN9TRexAddOn12s_inputStompE
0x0000007101B006F0,_ZN9TRexAddOn15s_correctionVelE
0x0000007101B006F4,_ZN9TRexAddOn15s_neckSwingRateE
0x0000007101B006F8,_ZN9TRexAddOn12s_scareRangeE
0x0000007101B00700,_ZTV9TRexAddOn
0x0000007101B009A8,_ZTV17cBoltTRexRoarType
0x0000007101B00A00,_ZTV39MechKrawlieSimpleHookMovingVehicleClose
0x0000007101B00A18,_ZTV21TRexCollisionListener
0x0000007101B00AC8,_ZTV22LegoContextHandlerBaseI11RoarContextE
0x0000007101B00BA0,_ZTV22LegoContextHandlerBaseI12StompContextE
0x0000007101B00C78,_ZTV23FarmerChickenGlideAddOn
0x0000007101B00F18,_ZTV16ActAnnounceAddon
0x0000007101B01188,_ZTV19DropPointCheatAddon
0x0000007101B013F8,_ZN21DropPointCheatContext22CONTEXT_DROPPOINTCHEATE
0x0000007101B01400,_ZTV21DropPointCheatContext
0x0000007101B014E0,_ZTV22LegoContextHandlerBaseI21DropPointCheatContextE
0x0000007101B015B8,_ZTV18SirenHatCheatAddon
0x0000007101B01828,_ZTV20SirenHatP2CheatAddon
0x0000007101B01A98,_ZN16GrappleRopeAddon14s_ropePullAnimE
0x0000007101B01A9C,_ZN16GrappleRopeAddon17s_ropePullEndAnimE
0x0000007101B01AA0,_ZN16GrappleRopeAddon15s_ropeThrowAnimE
0x0000007101B01AA4,_ZN16GrappleRopeAddon19s_ropeThrowWhipAnimE
0x0000007101B01AA8,_ZN18GrappleRopeContext11s_contextIdE
0x0000007101B01AB0,_ZTV16GrappleRopeAddon
0x0000007101B01DA0,_ZTV18GrappleRopeContext
0x0000007101B01E48,_ZTV24VehicleProximityToBlowUp
0x0000007101B02148,GizActionDef_VehicleProximityToBlowUp
0x0000007101B02168,_ZN16VehicleSurfAddOn14s_pAbilityNameE
0x0000007101B02170,_ZTV16VehicleSurfAddOn
0x0000007101B02418,_ZN18VehicleSurfContext22s_ActionSurfingVehicleE
0x0000007101B0241C,_ZN18VehicleSurfContext11s_ContextIdE
0x0000007101B02420,_ZN18VehicleSurfContext7s_pNameE
0x0000007101B02428,_ZTV18VehicleSurfContext
0x0000007101B024D0,_ZTV9AddOnInit
0x0000007101B024F0,_ZN13FlyingAbility14s_pAbilityNameE
0x0000007101B024F8,_ZTV13FlyingAbility
0x0000007101B027A0,_ZTV16FallingWithStyle
0x0000007101B02A10,_ZTV10FlyingBase
0x0000007101B02CB0,_ZN18FlyingHandlerAddon21s_useNewVehicleFlyingE
0x0000007101B02CB1,_ZN18FlyingHandlerAddon43s_cannotFlyBecauseOfKryptoniteHintHasPlayedE
0x0000007101B02CB8,_ZTV18FlyingHandlerAddon
0x0000007101B02F28,_ZN11FlyingInput18s_inputFlyForwardsE
0x0000007101B02F2C,_ZN11FlyingInput15s_inputNoseDiveE
0x0000007101B02F30,_ZN11FlyingInput11s_inputLandE
0x0000007101B02F34,_ZN11FlyingInput13s_inputFlyTapE
0x0000007101B02F38,_ZN11FlyingInput19s_vehicleFlyForwardE
0x0000007101B02F3C,_ZN11FlyingInput16s_vehicleReverseE
0x0000007101B02F40,_ZTV14HubFlyingInput
0x0000007101B02F60,_ZTV16LevelFlyingInput
0x0000007101B02F80,_ZN9HubFlying15s_flySprintAnimE
0x0000007101B02F84,_ZN9HubFlying13s_turn180AnimE
0x0000007101B02F88,_ZTV9HubFlying
0x0000007101B03260,_ZTV11FlyingInput
0x0000007101B03280,_ZN11LevelFlying13s_turn180AnimE
0x0000007101B03288,_ZTV11LevelFlying
0x0000007101B03528,_ZN22DropInBreadCrumbsAddOn14s_pAbilityNameE
0x0000007101B03530,_ZTV22DropInBreadCrumbsAddOn
0x0000007101B037E0,_ZTV16DropInBreadCrumb
0x0000007101B03800,_ZN19DropInSequenceAddOn14s_pAbilityNameE
0x0000007101B03808,_ZTV19DropInSequenceAddOn
0x0000007101B03AB8,_ZTV25DropInSequenceHandlerBase
0x0000007101B03AF0,_ZTV28LoadScreenLevelNameAddOnData
0x0000007101B03B10,_ZTV24LoadScreenLevelNameAddOn
0x0000007101B03D78,s_startPitch
0x0000007101B03D7C,s_startYaw
0x0000007101B03D80,s_startZoom
0x0000007101B03D84,s_XOffset
0x0000007101B03D88,s_YOffset
0x0000007101B03D8C,s_ZOffset
0x0000007101B03D90,s_rotationSpeed
0x0000007101B03D94,s_rotRateX
0x0000007101B03D98,s_rotRateY
0x0000007101B03D9C,s_ZoomMin
0x0000007101B03DA0,s_ZoomMax
0x0000007101B03DA4,s_ZoomSpeed
0x0000007101B03DA8,_ZTV24LoadScreenModelAddOnData
0x0000007101B03DC8,_ZTV20LoadScreenModelAddOn
0x0000007101B04038,_ZTV28LoadScreenHintBuddyAddOnData
0x0000007101B04058,_ZTV24LoadScreenHintBuddyAddOn
0x0000007101B042C0,_ZTV19CityBasicController
0x0000007101B04598,_ZTV29CityKrawlieStandardController
0x0000007101B04868,_ZTV27CityKrawlieSpiderController
0x0000007101B04B38,_ZTV27CityKrawlieWanderController
0x0000007101B04E10,numtx_identity
0x0000007101B04E50,VuMtx_Identity
0x0000007101B04EA0,nuvec_one
0x0000007101B04EB0,nuvec_minus_one
0x0000007101B04EC0,nuvec_x
0x0000007101B04ED0,nuvec_y
0x0000007101B04EE0,nuvec_z
0x0000007101B04EF0,nuvec_half
0x0000007101B04F00,vumtx_identity
0x0000007101B04F40,nuvec4_one
0x0000007101B04F50,nuvec4_x
0x0000007101B04F60,nuvec4_y
0x0000007101B04F70,nuvec4_z
0x0000007101B04F80,nuvec4_w
0x0000007101B04F90,theEmptyString
0x0000007101B04F98,g_categoryNames
0x0000007101B05130,_ZTVN8NuMemory15MemErrorHandlerE
0x0000007101B05160,_ZTVN8NuMemory21FixedPoolEventHandlerE
0x0000007101B05198,_ZTVN8NuMemory23DynamicPoolEventHandlerE
0x0000007101B05450,_ZN6NuCore7dv_portE
0x0000007101B05454,_ZN6NuCore14LinearLightingE
0x0000007101B05498,_ZTV5Event
0x0000007101B054D8,_ZTV14IEventListener
0x0000007101B05508,_ZTV15MultiFrameEvent
0x0000007101B05548,_ZTV19BgProcDispatchEvent
0x0000007101B05588,_ZN7NuError15m_loggingEnableE
0x0000007101B05589,_ZN7NuError16m_debugMsgEnableE
0x0000007101B05590,_ZTV14NuUniqueObject
0x0000007101B055E8,_ZN10NuSaveCore23s_OptionsSlotFolderNameE
0x0000007101B055F0,MIN_SERIALIASE_DELAY_LONG
0x0000007101B055F8,_ZTV10NuSaveCore
0x0000007101B05748,DEFAULT_CODE_SAVE_VERSION
0x0000007101B05750,_ZN10NuSaveCore16m_ThreadFuncDataE
0x0000007101B05AD0,s_ErrorCodeNames
0x0000007101B05B40,_ZTV33NuApiEventFinishedSerialisingData
0x0000007101B05B68,_ZTV26IsSaveIconVisibleEventData
0x0000007101B05B90,NuBlankString
0x0000007101B05B98,bad_fluff
0x0000007101B06000,config
0x0000007102107000,_ZN15NuInputDevicePS9m_npadIDsE
0x0000007102107028,_ZTVN10NuMemoryPS16Mem1EventHandlerE
0x0000007102107048,_ZTVN10NuMemoryPS16Mem2EventHandlerE
0x0000007102107068,g_CrashDumpId
0x0000007102107070,g_CrashDumpRoot
0x0000007102107078,_ZN19NuRenderThreadSetup19DepthSortingEnabledE
0x000000710210707C,_ZN19NuRenderThreadSetup29EnableParticlesProcessAndDrawE
0x0000007102107080,_ZN19NuRenderThreadSetup16UserDisplayGammaE
0x0000007102107084,_ZN19NuRenderThreadSetup9DoPrePassE
0x0000007102107085,_ZN19NuRenderThreadSetup17MultiThreadRenderE
0x0000007102107086,_ZN19NuRenderThreadSetup23DoSplitScreenMotionBlurE
0x0000007102107088,apiGameName
0x0000007102107090,apiGameTitle
0x0000007102107098,apiGameSubTitle
0x00000071021070A0,_ZN15NuStereo3DSetup15StereoModeNamesE
0x00000071021070F0,_ZTV26IsGameInteractiveEventData
0x0000007102107118,_ZN13NuFileManager16mProcessFilterIdE
0x0000007102107120,_ZTV14NuFileNotifier
0x0000007102107150,_ZTV13NuFileRequest
0x00000071021071A8,_ZTV16NuGHGFileRequest
0x0000007102107200,_ZTV17NuAnimFileRequest
0x0000007102107258,_ZTV19NuGSceneFileRequest
0x00000071021072B0,_ZTV20NuTextureFileRequest
0x0000007102107308,_ZTV6NuFile
0x0000007102107360,_ZTV15NuFileDeviceDat
0x0000007102107430,_ZTV9NuFileDat
0x0000007102107488,_ZTV12NuFileDevice
0x00000071021075E0,_ZTV9NuFileMem
0x0000007102107638,_ZTV10NuFileHash
0x0000007102107690,_ZTV9NUPAKFILE
0x0000007102107710,_ZTV15NUSTATICPAKFILE
0x0000007102107790,_ZTV18NUSTREAMINGPAKFILE
0x0000007102107810,_ZTV12NuSubPakFile
0x0000007102107868,_ZTV16NuFileStreamBase
0x00000071021078D0,_ZTV12NuFileStream
0x0000007102107938,g_TmServerNetworkTestData
0x0000007102107940,_ZTV22TargetManagerCallbacks
0x0000007102107958,g_TMCallbacks
0x0000007102107960,_ZTV14NuFileDeviceTM
0x0000007102107A30,_ZTV8NuFileTM
0x0000007102107A88,_ZTV14NuTMClientSock
0x0000007102107B18,_ZTVN16NuFileTMArtifact9EventDataE
0x0000007102107B40,_ZTV18NuFileDeviceNNXDVD
0x0000007102107C10,_ZTV19NuFileDeviceNNXHOST
0x0000007102107CE0,_ZTV9NuFileNNX
0x0000007102107D38,_ZTV21NuBlockCompressReader
0x0000007102107D90,_ZZN13DecodeManagerC1EvE8threadId
0x0000007102107DD0,_ZZN13DecodeManagerC1EvE10orbisCores
0x0000007102107DE0,_ZZN13DecodeManagerC1EvE12durangoCores
0x0000007102107DF0,_ZTV9NuRC4File
0x0000007102107E48,g_datFileVersion
0x0000007102107E4C,swapEndian2
0x0000007102107E50,_ZTV14NuRenderObject
0x0000007102107E80,g_doTest
0x0000007102107E88,g_prePassVertsPerPixelThreshold
0x0000007102107E8C,g_prePassMaxVertsThreshold
0x0000007102107E90,g_prePassMinPixelsThreshold
0x0000007102107E94,g_debugBoundsVertsPerPixelFlash
0x0000007102107E98,gdv_BreakOnMaterialName
0x0000007102107EA0,g_SpecialOnScreenSizeMinThresh
0x0000007102107EA4,g_SpecialOnScreenSizeMinThreshShadow
0x0000007102107EA8,ResetTextureOverrides_tidSize
0x0000007102107EAA,g_doSort
0x0000007102108150,g_displayListItemTable_default
0x0000007102108158,g_displayListItemTable_prePass
0x0000007102108360,g_displayListItemTable_shadows
0x0000007102108368,_ZN8NuGfxMem18ms_relocateEnabledE
0x0000007102108370,g_hgobjEnabled
0x0000007102108371,DoJointFilter
0x0000007102108374,_ZN16NuImpostorSystem12m_renderPipeE
0x0000007102108378,_ZN16NuImpostorSystem23m_impostorTexIdealWidthE
0x000000710210837C,_ZN16NuImpostorSystem24m_impostorTexIdealHeightE
0x0000007102108380,g_InteriorCubeMap
0x000000710218855C,_ZN12NuLightState16s_CurrGlobalHashE
0x0000007102188598,g_DebrisGlassDistortNUT_size
0x000000710218859C,g_DebrisGlassDistortNUT
0x00000071021888E0,mtl_animation_speed_scale
0x00000071021888E8,portals_enabled
0x00000071021888EC,testspeed
0x00000071021888F0,g_scale
0x00000071021888F8,_ZTV17NuPostEffectBlend
0x0000007102188930,_ZTV21NuPostEffectBlendZone
0x0000007102188990,IdealHistogram
0x00000071021889A4,IdealHistogramImportance
0x0000007102188AB0,wii_curve_z_hack_scale
0x0000007102188AB4,minSegmentsPerEdge
0x0000007102188AB8,s_pvsWaterProxyBitIndex
0x0000007102188B00,sysfont
0x000000710218D390,qfnt_rezscale_w
0x000000710218D394,qfnt_rezscale_h
0x000000710218D398,qfnt_len_scale
0x000000710218D39C,qfnt_height_scale
0x000000710218D3A0,g_nuqfntWidescreenCompensation
0x000000710218D3B0,_ZTV24NuReflectionCapturePoint
0x000000710218D418,_ZTV16NuReflectionZone
0x000000710218D438,_ZTV27NuReflectionZoneTintTexture
0x000000710218D458,_ZTV35NuClass_NuReflectionZoneTintTexture
0x000000710218D4F0,_ZTV12NuGrassPatch
0x000000710218D518,_ZTV20NuClass_NuGrassPatch
0x000000710218D5B0,_ZTV16NuClass_TreeNode
0x000000710218D648,_ZN12NuRenderPipe16m_NumRenderPipesE
0x000000710218D64C,g_ignoreDirectionalInSplit
0x000000710218D650,g_doClip
0x000000710218D654,nurndr_force_lod
0x000000710218D658,global_windscale
0x000000710218D65C,global_windspeed
0x000000710218D660,nuspecial_const_alpha
0x000000710218D664,nuspecial_const_tint
0x000000710218D670,nuspecial_clip_state
0x000000710218D674,rndrstream_buffid
0x000000710218D678,script_mask
0x000000710218D67C,TextureFrameTimeFrameLocked
0x000000710218D680,MTLANIMATEToTextureSlot
0x000000710218D693,BitToCount
0x000000710218D6A4,g_handleMismatches
0x000000710218D6A8,_ZTV21NuHardwareTextureBase
0x000000710218D6E8,_ZTV9NuTexture
0x000000710218D858,do_visibility
0x000000710218D85C,do_occlusion
0x000000710218D8A0,g_sRGBToTVGammaRamp
0x000000710218DAA0,g_TVTosRGBGammaRamp
0x000000710218DCA0,_ZN19NuDeferredFilterGen24DEFERRED_SHADOW_MAP_SIZEE
0x000000710218DCA8,_ZTV19NuDeferredFilterGen
0x000000710218DE18,g_BatmanMovieSSRSpecIntensityFactor
0x000000710218DE6C,_ZN18NuDynamicLightDesc27ms_ShadowPointMaxFOVDegreesE
0x000000710218DE70,_ZN18NuDynamicLightDesc12ms_DarkLevelE
0x000000710218DE78,_ZTV18NuDynamicLightDesc
0x000000710218DEB0,_ZTV14NuDynamicLight
0x000000710218DED8,gdv_bloomMipWeight2
0x000000710218DEDC,gdv_bloomMipWeight3
0x000000710218DEE0,gdv_bloomMipWeight4
0x000000710218DEE4,gdv_bloomMipWeight5
0x000000710218DEE8,gdv_bloomMipWeight6
0x000000710218DEEC,gdv_bloomStrength
0x000000710218DEF0,gdv_toneMapBrightnessMip
0x000000710218DEF4,gdv_toneMapKeyValue
0x000000710218DEF8,gdv_antiAliasTechnique
0x000000710218DEFC,gdv_antiAliasStrengthAbsolute
0x000000710218DF00,gdv_antiAliasThresholdAbsolute
0x000000710218DF04,gdv_antiAliasStrengthRelative
0x000000710218DF08,gdv_antiAliasThresholdRelative
0x000000710218DF0C,gdv_godRayLightColourInfluence
0x000000710218DF10,_ZTV15NuMainFilterGen
0x000000710218DF80,g_LumHistoPower
0x000000710218DF84,g_IdealHistogram
0x000000710218E050,g_postFiltersMask
0x000000710218E078,g_horizontalBlurFactorA
0x000000710218E07C,g_horizontalBlurFactorB
0x000000710218E080,_ZTV15NuPostFilterGen
0x000000710218E0E0,g_cutsceneMotionBlurCharacterExposure
0x000000710218E0E4,g_motionBlurCharacterExposure
0x000000710218E0E8,g_motionBlurNumSamples
0x000000710218E0F0,_ZTV22NuPostMotionBlurFilter
0x000000710218E150,g_restoreColourBuffer
0x000000710218E151,g_submitMotionBlurDrawCalls
0x000000710218E320,_ZN19NuRenderTargetsBase23m_AllowRefractionUpdateE
0x000000710218E321,_ZN19NuRenderTargetsBase14m_HQRefractionE
0x000000710218E322,_ZN19NuRenderTargetsBase21m_optionalPostEffectsE
0x000000710218E328,_ZTV14NuRenderTarget
0x000000710218E360,_one
0x000000710218E370,doNew
0x000000710218E388,g_shaderManager
0x000000710218E390,_ZTV14NuShaderObject
0x000000710218E3C8,_ZTV10NuHashPipe
0x000000710218E4C8,_ZTV15NuToonFilterGen
0x000000710218E528,gdv_BreakOnMaterialNamePrim
0x000000710218E530,_ZTV13NuPrimContext
0x000000710218E568,_ZTV15NuPrimContext2D
0x000000710218E5A0,_ZTV15NuPrimContext3D
0x000000710218E5D8,_ZTV16NuDeferredFilter
0x000000710218E640,_ZTV12NuMainFilter
0x000000710218E6B8,_ZTV17NuHardwareTexture
0x000000710218E778,_ZZNK2nn3gfx18ResShaderVariation19GetResShaderProgramENS0_14ShaderCodeTypeEE28s_pResShaderProgramDataTable
0x000000710218E798,_ZTV16NuTextureSampler
0x000000710218E7D0,_ZTV16NuStateBlockBase
0x000000710218E808,_ZTV12NuRenderNode
0x000000710218E838,_ZN11NuDebugDraw23mCorrectForCameraAspectE
0x000000710218E83C,_ZN11NuDebugDraw11mFontScaleXE
0x000000710218E840,_ZN11NuDebugDraw11mFontScaleYE
0x000000710218E844,_ZN11NuDebugDraw6mAlphaE
0x000000710218E848,_ZN11NuDebugDraw14mTextBoxCursorE
0x000000710218E850,_ZN11NuDebugDraw15mTextBoxSpacingE
0x000000710218E854,NuLgtSeed
0x000000710218E858,_ZTV14NuVertexFormat
0x000000710218E890,_ZTV12NuLensFilter
0x000000710218E8F8,_ZTV19NuMotionAccumFilter
0x000000710218E958,MotionAccumTotalNumSamples
0x000000710218E968,_ZTV15NuSpecialObject
0x000000710218E9A0,_ZN12NuShaderDesc12s_EngineHashE
0x000000710218EAC8,g_NuShaderIndexToString
0x000000710218EC28,_ZTV5NuMtl
0x000000710218EC78,_ZTV12NuTextureSet
0x000000710218ECC8,_ZTV20NuClass_NuTextureSet
0x000000710218ED60,_ZTV7NuScene
0x000000710218EDB0,_ZTV15NuClass_NuScene
0x000000710218EE48,global_LSVScale
0x000000710218EE50,_ZTV17NuLightDescCommon
0x000000710218EE88,_ZTV7NuLight
0x000000710218EEF0,_ZTV18NuLightDescNextGen
0x000000710218EF28,g_NuSoundTripwireVolume
0x000000710218EF30,_ZN13NuSoundSystem15sFileExtensionsE
0x000000710218EF90,_ZN13NuSoundSystem13sOutputConfigE
0x000000710218EF98,_ZTV13NuSoundSystem
0x000000710218F050,g_handler
0x000000710218F068,_ZTV22NuSoundSystemCallbacks
0x000000710218F0A0,_ZTV24NuSoundEffectAttenuation
0x000000710218F118,_ZTV18NuSoundEffectPitch
0x000000710218F190,_ZTV25NuSoundEffectRandomVolume
0x000000710218F208,_ZTV24NuSoundEffectRandomPitch
0x000000710218F280,_ZTV19NuSoundEffectRepeat
0x000000710218F2F8,_ZTV13NuSoundEffect
0x000000710218F370,_ZTV20NuSoundEffectDoppler
0x000000710218F3E8,_ZTV18NuSoundEffectFader
0x000000710218F460,_ZTV22NuSoundEffectPitchRamp
0x000000710218F4D8,_ZTV13NuSoundSample
0x000000710218F550,_ZTV13NuSoundSource
0x000000710218F5C8,_ZN15NuSoundStreamer15sThreadPriorityE
0x000000710218F5CC,_ZN15NuSoundStreamer16sThreadStackSizeE
0x000000710218F5D0,_ZTV22NuSoundStreamingSample
0x000000710218F648,_ZTV14NuSoundWeakPtrI21NuSoundBufferCallbackE
0x000000710218F670,_ZTV12NuSoundVoice
0x000000710218F6E8,_ZTV17NuSoundWeakPtrObjI21NuSoundBufferCallbackE
0x000000710218F708,_ZTV10NuSoundNNX
0x000000710218F7C0,_ZTV10NuVoiceNNX
0x000000710218F838,_ZTV16NuSoundLoaderWAV
0x000000710218F8A8,_ZTV16NuSoundHeaderWAV
0x000000710218F940,_ZTV16NuSoundLoaderCBX
0x000000710218F9B0,_ZTV16NuSoundHeaderCBX
0x000000710218FA48,_ZTV17NuSoundDecoderCBX
0x000000710218FB08,_ZTV20NuSoundLoaderADPCMNX
0x000000710218FB78,_ZTV20NuSoundHeaderADPCMNX
0x000000710218FC10,_ZTV19NuSoundLoaderOpusNX
0x000000710218FC80,_ZTV19NuSoundHeaderOpusNX
0x000000710218FD18,g_NuSoundDecoderOpusNX_MemoryManagerEventHandler
0x000000710218FD30,_ZTV20NuSoundDecoderOpusNX
0x000000710218FDF0,_ZTV48g_NuSoundDecoderOpusNX_MemoryManagerEventHandler
0x000000710218FE28,_ZN19NuSoundDecodeThread15sThreadPriorityE
0x000000710218FE30,_ZTV14NuSoundDecoder
0x000000710218FEC0,_ZTV20NuSoundEffectLowPass
0x000000710218FF40,_ZN20NuSoundEffectLowPass6Params8mDefaultE
0x000000710218FF48,_ZTV13NuSoundLoader
0x000000710218FFB8,_ZN12NuSoundMixer21sDownmixerChannelMapsE
0x00000071021900B0,_ZTV13NuIndexBuffer
0x00000071021900E8,_ZTV14NuVertexBuffer
0x0000007102190128,_ZTV13NuFmvMaterial
0x0000007102190180,_ZTV5NuFmv
0x00000071021901B8,_ZTV19NuSoundSourceChroma
0x0000007102190230,_ZTV21NuFmvStreamChromaBase
0x0000007102190338,_ZTV23NuSoundStreamDescChroma
0x00000071021903D0,_ZTV19NuFmvStreamNNXMovie
0x0000007102190488,_ZTV11NuFmvStream
0x0000007102190570,gMemAlloc
0x0000007102190578,gMemAllocAligned
0x0000007102190580,gMemFree
0x0000007102190588,gMemFreeAligned
0x0000007102190590,getmasktbl
0x00000071021905B8,DeZigZag
0x00000071021905F8,PlaneSetup
0x0000007102190616,LightingCode
0x0000007102196834,SurfaceCode
0x000000710219AE9C,deferredFilterCommonCode
0x000000710219D1B6,deferredFilterShadowsCode
0x00000071021A5AB2,deferredFilterLightingCode
0x00000071021A84FA,rainCode
0x00000071021AC62F,fogCode
0x00000071021AD423,hdrCode
0x00000071021AF848,commonCode
0x00000071021B4BD0,ubershaderDeclarationsCode
0x00000071021B7984,ubershaderCommonCode
0x00000071021B7DC6,engineConstantsCode
0x00000071021B8146,ubershaderVertexShaderCode
0x00000071021C2064,ubershaderPixelShaderCode
0x00000071021CBEEC,ubershaderLightingCode
0x00000071021D1E21,shaderMacrosCode
0x00000071021D3593,clearShaderMacrosCode
0x00000071021D38A5,nullShaderMacrosCode
0x00000071021D4155,_ZN12NuShaderFile5DoXORE
0x00000071021D4158,g_hdrCodeByteSize
0x00000071021D415C,g_surfaceCodeByteSize
0x00000071021D4160,g_lightingCodeByteSize
0x00000071021D4164,g_converterMotionBlurSamples
0x00000071021D4168,g_converterMotionBlurRequested
0x00000071021D4170,_ZN25NuUbershaderBytecodeCache18ms_InterpolantDataE
0x00000071021D4698,_ZTVN25NuUbershaderBytecodeCache15ProgramByteCodeE
0x00000071021D46D0,_ZTVN25NuUbershaderBytecodeCache14ShaderByteCodeE
0x00000071021D4708,_ZTV25NuUbershaderBytecodeCache
0x00000071021D49B8,g_CameraVS_RuntimeMetaInfo
0x00000071021D4A18,g_MaterialVS_RuntimeMetaInfo
0x00000071021D4A78,g_LightsVS_RuntimeMetaInfo
0x00000071021D4AD8,g_FogVS_RuntimeMetaInfo
0x00000071021D4B38,g_InstanceVS_RuntimeMetaInfo
0x00000071021D4B98,g_Instance2VS_RuntimeMetaInfo
0x00000071021D4BF8,g_MotionBlurTransformStateVS_RuntimeMetaInfo
0x00000071021D4C58,g_MotionBlurCameraStateVS_RuntimeMetaInfo
0x00000071021D4CB8,g_MiscGroup1VS_Frequent_RuntimeMetaInfo
0x00000071021D4D18,g_MiscGroup3VS_Frequent_RuntimeMetaInfo
0x00000071021D4D78,g_MiscGroup2VS_Infrequent_RuntimeMetaInfo
0x00000071021D4DD8,g_SkinningVS_RuntimeMetaInfo
0x00000071021D4E38,g_WaterTableVS_RuntimeMetaInfo
0x00000071021D4E98,g_CameraPS_RuntimeMetaInfo
0x00000071021D4EF8,g_MaterialPS_RuntimeMetaInfo
0x00000071021D4F58,g_LightsPS_RuntimeMetaInfo
0x00000071021D4FB8,g_MiscGroupPS_RuntimeMetaInfo
0x00000071021D5018,g_DX11AlphaTestPS_RuntimeMetaInfo
0x00000071021D5078,g_NuShaderVariableGroupRuntimeMeta
0x00000071021D5108,_ZN40NuShaderVariableGroupRuntimeMetaInstanceILN21NuShaderVariableGroup1TE0EE10s_VarNamesE
0x00000071021D5140,_ZN40NuShaderVariableGroupRuntimeMetaInstanceILN21NuShaderVariableGroup1TE1EE10s_VarNamesE
0x00000071021D5190,_ZN40NuShaderVariableGroupRuntimeMetaInstanceILN21NuShaderVariableGroup1TE2EE10s_VarNamesE
0x00000071021D51C8,_ZN40NuShaderVariableGroupRuntimeMetaInstanceILN21NuShaderVariableGroup1TE3EE10s_VarNamesE
0x00000071021D51E8,_ZN40NuShaderVariableGroupRuntimeMetaInstanceILN21NuShaderVariableGroup1TE4EE10s_VarNamesE
0x00000071021D51F0,_ZN40NuShaderVariableGroupRuntimeMetaInstanceILN21NuShaderVariableGroup1TE5EE10s_VarNamesE
0x00000071021D51F8,_ZN40NuShaderVariableGroupRuntimeMetaInstanceILN21NuShaderVariableGroup1TE6EE10s_VarNamesE
0x00000071021D5210,_ZN40NuShaderVariableGroupRuntimeMetaInstanceILN21NuShaderVariableGroup1TE7EE10s_VarNamesE
0x00000071021D5220,_ZN40NuShaderVariableGroupRuntimeMetaInstanceILN21NuShaderVariableGroup1TE8EE10s_VarNamesE
0x00000071021D5240,_ZN40NuShaderVariableGroupRuntimeMetaInstanceILN21NuShaderVariableGroup1TE9EE10s_VarNamesE
0x00000071021D5248,_ZN40NuShaderVariableGroupRuntimeMetaInstanceILN21NuShaderVariableGroup1TE10EE10s_VarNamesE
0x00000071021D5270,_ZN40NuShaderVariableGroupRuntimeMetaInstanceILN21NuShaderVariableGroup1TE11EE10s_VarNamesE
0x00000071021D5278,_ZN40NuShaderVariableGroupRuntimeMetaInstanceILN21NuShaderVariableGroup1TE12EE10s_VarNamesE
0x00000071021D5280,_ZN40NuShaderVariableGroupRuntimeMetaInstanceILN21NuShaderVariableGroup1TE13EE10s_VarNamesE
0x00000071021D52A0,_ZN40NuShaderVariableGroupRuntimeMetaInstanceILN21NuShaderVariableGroup1TE14EE10s_VarNamesE
0x00000071021D5370,_ZN40NuShaderVariableGroupRuntimeMetaInstanceILN21NuShaderVariableGroup1TE15EE10s_VarNamesE
0x00000071021D5398,_ZN40NuShaderVariableGroupRuntimeMetaInstanceILN21NuShaderVariableGroup1TE16EE10s_VarNamesE
0x00000071021D5420,_ZN40NuShaderVariableGroupRuntimeMetaInstanceILN21NuShaderVariableGroup1TE17EE10s_VarNamesE
0x00000071021D5428,g_BlurParamsVS_RuntimeMetaInfo
0x00000071021D5488,g_BlurParamsPS_RuntimeMetaInfo
0x00000071021D54E8,g_GodRays_FS_RuntimeMetaInfo
0x00000071021D5548,g_BlurGodRays_FS_RuntimeMetaInfo
0x00000071021D55A8,g_HalfPixelOffsetVS_RuntimeMetaInfo
0x00000071021D5608,g_CopyTexMip_RuntimeMetaInfo
0x00000071021D5668,g_CopyTexBlend_RuntimeMetaInfo
0x00000071021D56C8,g_FilterGamma_RuntimeMetaInfo
0x00000071021D5728,g_DeflickerData_RuntimeMetaInfo
0x00000071021D5788,g_AnaglyphData_RuntimeMetaInfo
0x00000071021D57E8,g_OculusBarrelDistortParams_RuntimeMetaInfo
0x00000071021D5848,g_DebrisBaseLightingVS_RuntimeMetaInfo
0x00000071021D58A8,g_DebrisVertexLights_RuntimeMetaInfo
0x00000071021D5908,g_DebrisSpotLightMatricesVS_RuntimeMetaInfo
0x00000071021D5968,g_DebrisVertexLightCountVS_RuntimeMetaInfo
0x00000071021D59C8,g_DebrisFadePlaneVS_RuntimeMetaInfo
0x00000071021D5A28,g_InstancedDebrisVS_RuntimeMetaInfo
0x00000071021D5A88,g_DebrisLightingVS_RuntimeMetaInfo
0x00000071021D5AE8,g_DebrisPerPixelLit_RuntimeMetaInfo
0x00000071021D5B48,g_CustomZParamsVS_RuntimeMetaInfo
0x00000071021D5BA8,g_EdgeHiliteMtlParamsPS_RuntimeMetaInfo
0x00000071021D5C08,g_EdgeHiliteParamsPS_RuntimeMetaInfo
0x00000071021D5C68,g_EdgeHiliteCompositeParamsPS_RuntimeMetaInfo
0x00000071021D5CC8,g_DistFieldParamsPS_RuntimeMetaInfo
0x00000071021D5D28,g_DepthBiasPS_RuntimeMetaInfo
0x00000071021D5D88,g_UniformColorPS_RuntimeMetaInfo
0x00000071021D5DE8,g_CopyTexLODPS_RuntimeMetaInfo
0x00000071021D5E48,g_SpotLightGeometryVS_RuntimeMetaInfo
0x00000071021D5EA8,g_Light_RuntimeMetaInfo
0x00000071021D5F08,g_FogParams_RuntimeMetaInfo
0x00000071021D5F68,g_ShadowCommon_RuntimeMetaInfo
0x00000071021D5FC8,g_ShadowParallelOrtho_RuntimeMetaInfo
0x00000071021D6028,g_ShadowCascade_RuntimeMetaInfo
0x00000071021D6088,g_ShadowGrid_RuntimeMetaInfo
0x00000071021D60E8,g_ShadowSpot_RuntimeMetaInfo
0x00000071021D6148,g_ShadowPoint_RuntimeMetaInfo
0x00000071021D61A8,g_DebugShadowFS_RuntimeMetaInfo
0x00000071021D6208,g_DownsampleDepthMinMaxPS_RuntimeMetaInfo
0x00000071021D6268,g_GrassVS_RuntimeMetaInfo
0x00000071021D62C8,g_GrassPS_RuntimeMetaInfo
0x00000071021D6328,g_HdrPS_RuntimeMetaInfo
0x00000071021D6388,g_LensFilterVS_RuntimeMetaInfo
0x00000071021D63E8,g_MainFilterVS_RuntimeMetaInfo
0x00000071021D6448,g_MainFilterPS_RuntimeMetaInfo
0x00000071021D64A8,g_CircleColourProcessPS_RuntimeMetaInfo
0x00000071021D6508,g_LuminanceQueryPS_RuntimeMetaInfo
0x00000071021D6568,g_UberBlur_RuntimeMetaInfo
0x00000071021D65C8,g_ToonShader_RuntimeMetaInfo
0x00000071021D6628,g_WiiFogSim_RuntimeMetaInfo
0x00000071021D6688,g_MainFilterDOFVS_RuntimeMetaInfo
0x00000071021D66E8,g_BlendDOFMipsVS_RuntimeMetaInfo
0x00000071021D6748,g_Blur5DOFHQ_PS_RuntimeMetaInfo
0x00000071021D67A8,g_DOFSuperPS_RuntimeMetaInfo
0x00000071021D6808,g_ColourProcessSatOnlyPS_RuntimeMetaInfo
0x00000071021D6868,g_ColourProcessVS_RuntimeMetaInfo
0x00000071021D68C8,g_WaterDistortionVS_RuntimeMetaInfo
0x00000071021D6928,g_MotionAccumParamsPS_RuntimeMetaInfo
0x00000071021D6988,g_RainSplash_FS_RuntimeMetaInfo
0x00000071021D69E8,g_RainDrops_VS_RuntimeMetaInfo
0x00000071021D6A48,g_RainDrop_FS_RuntimeMetaInfo
0x00000071021D6AA8,g_RainSheet_FS_RuntimeMetaInfo
0x00000071021D6B08,g_RingEffectPS_RuntimeMetaInfo
0x00000071021D6B68,g_RingEffectMaskPS_RuntimeMetaInfo
0x00000071021D6BC8,g_RingEffectRefractPS_RuntimeMetaInfo
0x00000071021D6C28,g_SSR_RuntimeMetaInfo
0x00000071021D6C88,g_SSAO_FS_RuntimeMetaInfo
0x00000071021D6CE8,g_BlobShadows_FS_RuntimeMetaInfo
0x00000071021D6D48,g_SurfGeom_VS_RuntimeMetaInfo
0x00000071021D6DA8,g_SurfGeom_FS_RuntimeMetaInfo
0x00000071021D6E08,g_NuCustomShaderVariableGroupRuntimeMeta
0x00000071021D7030,_ZN46NuCustomShaderVariableGroupRuntimeMetaInstanceILN27NuCustomShaderVariableGroup1TE0EE10s_VarNamesE
0x00000071021D7040,_ZN46NuCustomShaderVariableGroupRuntimeMetaInstanceILN27NuCustomShaderVariableGroup1TE1EE10s_VarNamesE
0x00000071021D7048,_ZN46NuCustomShaderVariableGroupRuntimeMetaInstanceILN27NuCustomShaderVariableGroup1TE2EE10s_VarNamesE
0x00000071021D7058,_ZN46NuCustomShaderVariableGroupRuntimeMetaInstanceILN27NuCustomShaderVariableGroup1TE3EE10s_VarNamesE
0x00000071021D7080,_ZN46NuCustomShaderVariableGroupRuntimeMetaInstanceILN27NuCustomShaderVariableGroup1TE4EE10s_VarNamesE
0x00000071021D7088,_ZN46NuCustomShaderVariableGroupRuntimeMetaInstanceILN27NuCustomShaderVariableGroup1TE5EE10s_VarNamesE
0x00000071021D7090,_ZN46NuCustomShaderVariableGroupRuntimeMetaInstanceILN27NuCustomShaderVariableGroup1TE6EE10s_VarNamesE
0x00000071021D7098,_ZN46NuCustomShaderVariableGroupRuntimeMetaInstanceILN27NuCustomShaderVariableGroup1TE7EE10s_VarNamesE
0x00000071021D70A0,_ZN46NuCustomShaderVariableGroupRuntimeMetaInstanceILN27NuCustomShaderVariableGroup1TE8EE10s_VarNamesE
0x00000071021D70A8,_ZN46NuCustomShaderVariableGroupRuntimeMetaInstanceILN27NuCustomShaderVariableGroup1TE9EE10s_VarNamesE
0x00000071021D70B0,_ZN46NuCustomShaderVariableGroupRuntimeMetaInstanceILN27NuCustomShaderVariableGroup1TE10EE10s_VarNamesE
0x00000071021D70D0,_ZN46NuCustomShaderVariableGroupRuntimeMetaInstanceILN27NuCustomShaderVariableGroup1TE11EE10s_VarNamesE
0x00000071021D70F8,_ZN46NuCustomShaderVariableGroupRuntimeMetaInstanceILN27NuCustomShaderVariableGroup1TE12EE10s_VarNamesE
0x00000071021D7118,_ZN46NuCustomShaderVariableGroupRuntimeMetaInstanceILN27NuCustomShaderVariableGroup1TE13EE10s_VarNamesE
0x00000071021D7120,_ZN46NuCustomShaderVariableGroupRuntimeMetaInstanceILN27NuCustomShaderVariableGroup1TE14EE10s_VarNamesE
0x00000071021D7128,_ZN46NuCustomShaderVariableGroupRuntimeMetaInstanceILN27NuCustomShaderVariableGroup1TE15EE10s_VarNamesE
0x00000071021D7130,_ZN46NuCustomShaderVariableGroupRuntimeMetaInstanceILN27NuCustomShaderVariableGroup1TE16EE10s_VarNamesE
0x00000071021D7148,_ZN46NuCustomShaderVariableGroupRuntimeMetaInstanceILN27NuCustomShaderVariableGroup1TE17EE10s_VarNamesE
0x00000071021D7150,_ZN46NuCustomShaderVariableGroupRuntimeMetaInstanceILN27NuCustomShaderVariableGroup1TE18EE10s_VarNamesE
0x00000071021D7178,_ZN46NuCustomShaderVariableGroupRuntimeMetaInstanceILN27NuCustomShaderVariableGroup1TE19EE10s_VarNamesE
0x00000071021D7180,_ZN46NuCustomShaderVariableGroupRuntimeMetaInstanceILN27NuCustomShaderVariableGroup1TE20EE10s_VarNamesE
0x00000071021D7188,_ZN46NuCustomShaderVariableGroupRuntimeMetaInstanceILN27NuCustomShaderVariableGroup1TE21EE10s_VarNamesE
0x00000071021D7198,_ZN46NuCustomShaderVariableGroupRuntimeMetaInstanceILN27NuCustomShaderVariableGroup1TE22EE10s_VarNamesE
0x00000071021D71A8,_ZN46NuCustomShaderVariableGroupRuntimeMetaInstanceILN27NuCustomShaderVariableGroup1TE23EE10s_VarNamesE
0x00000071021D71B8,_ZN46NuCustomShaderVariableGroupRuntimeMetaInstanceILN27NuCustomShaderVariableGroup1TE24EE10s_VarNamesE
0x00000071021D71C0,_ZN46NuCustomShaderVariableGroupRuntimeMetaInstanceILN27NuCustomShaderVariableGroup1TE25EE10s_VarNamesE
0x00000071021D71C8,_ZN46NuCustomShaderVariableGroupRuntimeMetaInstanceILN27NuCustomShaderVariableGroup1TE26EE10s_VarNamesE
0x00000071021D71D0,_ZN46NuCustomShaderVariableGroupRuntimeMetaInstanceILN27NuCustomShaderVariableGroup1TE27EE10s_VarNamesE
0x00000071021D71D8,_ZN46NuCustomShaderVariableGroupRuntimeMetaInstanceILN27NuCustomShaderVariableGroup1TE28EE10s_VarNamesE
0x00000071021D7220,_ZN46NuCustomShaderVariableGroupRuntimeMetaInstanceILN27NuCustomShaderVariableGroup1TE29EE10s_VarNamesE
0x00000071021D7240,_ZN46NuCustomShaderVariableGroupRuntimeMetaInstanceILN27NuCustomShaderVariableGroup1TE30EE10s_VarNamesE
0x00000071021D7258,_ZN46NuCustomShaderVariableGroupRuntimeMetaInstanceILN27NuCustomShaderVariableGroup1TE31EE10s_VarNamesE
0x00000071021D72C8,_ZN46NuCustomShaderVariableGroupRuntimeMetaInstanceILN27NuCustomShaderVariableGroup1TE32EE10s_VarNamesE
0x00000071021D7318,_ZN46NuCustomShaderVariableGroupRuntimeMetaInstanceILN27NuCustomShaderVariableGroup1TE33EE10s_VarNamesE
0x00000071021D7328,_ZN46NuCustomShaderVariableGroupRuntimeMetaInstanceILN27NuCustomShaderVariableGroup1TE34EE10s_VarNamesE
0x00000071021D7350,_ZN46NuCustomShaderVariableGroupRuntimeMetaInstanceILN27NuCustomShaderVariableGroup1TE35EE10s_VarNamesE
0x00000071021D7370,_ZN46NuCustomShaderVariableGroupRuntimeMetaInstanceILN27NuCustomShaderVariableGroup1TE36EE10s_VarNamesE
0x00000071021D7378,_ZN46NuCustomShaderVariableGroupRuntimeMetaInstanceILN27NuCustomShaderVariableGroup1TE37EE10s_VarNamesE
0x00000071021D7380,_ZN46NuCustomShaderVariableGroupRuntimeMetaInstanceILN27NuCustomShaderVariableGroup1TE38EE10s_VarNamesE
0x00000071021D73A8,_ZN46NuCustomShaderVariableGroupRuntimeMetaInstanceILN27NuCustomShaderVariableGroup1TE39EE10s_VarNamesE
0x00000071021D73B0,_ZN46NuCustomShaderVariableGroupRuntimeMetaInstanceILN27NuCustomShaderVariableGroup1TE40EE10s_VarNamesE
0x00000071021D73C0,_ZN46NuCustomShaderVariableGroupRuntimeMetaInstanceILN27NuCustomShaderVariableGroup1TE41EE10s_VarNamesE
0x00000071021D73C8,_ZN46NuCustomShaderVariableGroupRuntimeMetaInstanceILN27NuCustomShaderVariableGroup1TE42EE10s_VarNamesE
0x00000071021D73D8,_ZN46NuCustomShaderVariableGroupRuntimeMetaInstanceILN27NuCustomShaderVariableGroup1TE43EE10s_VarNamesE
0x00000071021D73F8,_ZN46NuCustomShaderVariableGroupRuntimeMetaInstanceILN27NuCustomShaderVariableGroup1TE44EE10s_VarNamesE
0x00000071021D7420,_ZN46NuCustomShaderVariableGroupRuntimeMetaInstanceILN27NuCustomShaderVariableGroup1TE45EE10s_VarNamesE
0x00000071021D7428,_ZN46NuCustomShaderVariableGroupRuntimeMetaInstanceILN27NuCustomShaderVariableGroup1TE46EE10s_VarNamesE
0x00000071021D7438,_ZN46NuCustomShaderVariableGroupRuntimeMetaInstanceILN27NuCustomShaderVariableGroup1TE47EE10s_VarNamesE
0x00000071021D7480,_ZN46NuCustomShaderVariableGroupRuntimeMetaInstanceILN27NuCustomShaderVariableGroup1TE48EE10s_VarNamesE
0x00000071021D7490,_ZN46NuCustomShaderVariableGroupRuntimeMetaInstanceILN27NuCustomShaderVariableGroup1TE49EE10s_VarNamesE
0x00000071021D7498,_ZN46NuCustomShaderVariableGroupRuntimeMetaInstanceILN27NuCustomShaderVariableGroup1TE50EE10s_VarNamesE
0x00000071021D74A0,_ZN46NuCustomShaderVariableGroupRuntimeMetaInstanceILN27NuCustomShaderVariableGroup1TE51EE10s_VarNamesE
0x00000071021D74A8,_ZN46NuCustomShaderVariableGroupRuntimeMetaInstanceILN27NuCustomShaderVariableGroup1TE52EE10s_VarNamesE
0x00000071021D74B0,_ZN46NuCustomShaderVariableGroupRuntimeMetaInstanceILN27NuCustomShaderVariableGroup1TE53EE10s_VarNamesE
0x00000071021D74B8,_ZN46NuCustomShaderVariableGroupRuntimeMetaInstanceILN27NuCustomShaderVariableGroup1TE54EE10s_VarNamesE
0x00000071021D74D0,_ZN46NuCustomShaderVariableGroupRuntimeMetaInstanceILN27NuCustomShaderVariableGroup1TE55EE10s_VarNamesE
0x00000071021D74E0,_ZN46NuCustomShaderVariableGroupRuntimeMetaInstanceILN27NuCustomShaderVariableGroup1TE56EE10s_VarNamesE
0x00000071021D74E8,_ZN46NuCustomShaderVariableGroupRuntimeMetaInstanceILN27NuCustomShaderVariableGroup1TE57EE10s_VarNamesE
0x00000071021D7510,_ZN46NuCustomShaderVariableGroupRuntimeMetaInstanceILN27NuCustomShaderVariableGroup1TE58EE10s_VarNamesE
0x00000071021D7570,_ZN46NuCustomShaderVariableGroupRuntimeMetaInstanceILN27NuCustomShaderVariableGroup1TE59EE10s_VarNamesE
0x00000071021D7578,_ZN46NuCustomShaderVariableGroupRuntimeMetaInstanceILN27NuCustomShaderVariableGroup1TE60EE10s_VarNamesE
0x00000071021D75C0,_ZN46NuCustomShaderVariableGroupRuntimeMetaInstanceILN27NuCustomShaderVariableGroup1TE61EE10s_VarNamesE
0x00000071021D75D0,_ZN46NuCustomShaderVariableGroupRuntimeMetaInstanceILN27NuCustomShaderVariableGroup1TE62EE10s_VarNamesE
0x00000071021D75E0,_ZN46NuCustomShaderVariableGroupRuntimeMetaInstanceILN27NuCustomShaderVariableGroup1TE63EE10s_VarNamesE
0x00000071021D75E8,_ZN46NuCustomShaderVariableGroupRuntimeMetaInstanceILN27NuCustomShaderVariableGroup1TE64EE10s_VarNamesE
0x00000071021D7620,_ZN46NuCustomShaderVariableGroupRuntimeMetaInstanceILN27NuCustomShaderVariableGroup1TE65EE10s_VarNamesE
0x00000071021D7630,_ZN46NuCustomShaderVariableGroupRuntimeMetaInstanceILN27NuCustomShaderVariableGroup1TE66EE10s_VarNamesE
0x00000071021D7658,_ZN46NuCustomShaderVariableGroupRuntimeMetaInstanceILN27NuCustomShaderVariableGroup1TE67EE10s_VarNamesE
0x00000071021D7668,_ZN46NuCustomShaderVariableGroupRuntimeMetaInstanceILN27NuCustomShaderVariableGroup1TE68EE10s_VarNamesE
0x00000071021D76B0,g_shaderBuilderGlobals
0x00000071021D76E8,_ZN22NuShaderBuilderGlobals14GlowMultiplierE
0x00000071021D76F0,_ZTV19NuShaderBytecodeSet
0x00000071021D7740,_ZTV27NuClass_NuShaderBytecodeSet
0x00000071021D77D8,CharLayerFlagsEditorTypeName
0x00000071021D77E0,defaultMaterialNames
0x00000071021D78B8,CharAnimReconvertPlatformDisplayNames
0x00000071021D78D0,CharAnimReconvertPlatformConverterNames
0x00000071021D78E8,defaultAttachmentNames
0x00000071021D7988,_ZN7CharSys16InvalidJointNameE
0x00000071021D7990,_ZN7CharSys18InvalidLocatorNameE
0x00000071021D7998,_ZN7CharSys9mDataPathE
0x00000071021D7A98,_ZN7CharSys17mDefaultFrameRateE
0x00000071021D7A9C,_ZN7CharSys19mDefaultBlendInTimeE
0x00000071021D7AA0,_ZN7CharSys20mDefaultBlendOutTimeE
0x00000071021D7AA4,_ZN7CharSys22mGroundInfoMaxDropDistE
0x00000071021D7AA8,_ZN7CharSys28mClampAttachmentsToParentLODE
0x00000071021D7AAC,_ZN7CharSys19mMaxEvalJointBudgetE
0x00000071021D7AB0,_ZN7CharSys14mMaxMaterialIdE
0x00000071021D7AB8,_ZN7CharSys16mMaterialIdNamesE
0x00000071021D7AC0,_ZN7CharSys21mNumLegacyAttachmentsE
0x00000071021D7AC8,_ZN7CharSys22mLegacyAttachmentNamesE
0x00000071021D7AD0,_ZN7CharSys20mLegacyAttachmentIdsE
0x00000071021D7AD8,DefaultLayerFlagNames
0x00000071021D7AE0,_ZN7CharSys15mLayerFlagCountE
0x00000071021D7AE8,_ZN7CharSys15mLayerFlagNamesE
0x00000071021D7AF0,_ZN7CharSys14mOptimisationsE
0x00000071021D7B08,_ZTV22CharSysResourceInfoRef
0x00000071021D7BA8,_ZTV31CharSysResourceDependencyHelper
0x00000071021D7D38,_ZTV27CharSysSkeletonResourceInfo
0x00000071021D7D78,_ZTV26CharSysAnimSetResourceInfo
0x00000071021D7DB8,_ZTV26CharSysCharDefResourceInfo
0x00000071021D7DF8,_ZTV26CharSysNuSceneResourceInfo
0x00000071021D7E38,_ZTV26CharSysNUHGOBJResourceInfo
0x00000071021D7E78,_ZTV26CharSysTextureResourceInfo
0x00000071021D7EB8,_ZTV18CharSysEdStringRef
0x00000071021D7F68,_ZTV26CharSysResourceFileNameRef
0x00000071021D8018,_ZTV19CharSysResourceInfo
0x00000071021D8058,_ZTV33CharSysSkeletonResourceInfoHelper
0x00000071021D81B8,_ZTV32CharSysAnimSetResourceInfoHelper
0x00000071021D8318,_ZTV32CharSysCharDefResourceInfoHelper
0x00000071021D8478,_ZTV32CharSysNuSceneResourceInfoHelper
0x00000071021D85D8,_ZTV32CharSysNUHGOBJResourceInfoHelper
0x00000071021D8738,_ZTV32CharSysTextureResourceInfoHelper
0x00000071021D8898,_ZTV35CharSysResourceMemoryEstimateHelper
0x00000071021D89F8,_ZTV25CharSysResourceInfoHelper
0x00000071021D8B58,_ZN8CharInst17mBlobShadowMethodE
0x00000071021D8B5C,_ZN8CharInst19mBlobShadowsEnabledE
0x00000071021D8B5D,_ZN8CharInst10mIkEnabledE
0x00000071021D8B60,_ZTV18CharAttachmentInst
0x00000071021D8B80,_ZN13CharAnimEntry17compressedFileExtE
0x00000071021D8B98,_ZN13CharAnimEntry24mAnimSourceFileTypeNamesE
0x00000071021D8BB0,_ZN13CharAnimEntry12mNUFILETYPEsE
0x00000071021D8BC0,_ZTV16CharAnimEntryRef
0x00000071021D8C60,_ZTV19CharAnimEntryHelper
0x00000071021D8DF8,_ZTV25CharAttachmentAnimNameRef
0x00000071021D8E98,_ZTV24CharAttachmentAnimHelper
0x00000071021D9030,_ZTV15CharAnimAppData
0x00000071021D9078,_ZTV21CharAnimAppDataHelper
0x00000071021D91D8,_ZTV29FrameworkEventObjectClassData
0x00000071021D9200,_ZN21CharAnimSetFileHelper22AddNewAnimSetFileLabelE
0x00000071021D9208,_ZN11CharAnimSet11pakFileExtsE
0x00000071021D9248,_ZN11CharAnimSet12pakFileNamesE
0x00000071021D9288,_ZTV17CharAnimSetHelper
0x00000071021D9420,_ZTV21CharAnimSetFileParams
0x00000071021D9440,_ZTV15CharAnimSetFile
0x00000071021D94E0,_ZTV21CharAnimSetFileHelper
0x00000071021D9678,_ZTV23CharAnimSetResourceInfo
0x00000071021D96A0,_ZTV19CharAnimSetResource
0x00000071021D9730,_ZTV23CharAnimSetResourceType
0x00000071021D9760,_ZTV27CharAnimSetFileParamsHelper
0x00000071021D98C8,_ZTV19CharAnimTriggerType
0x00000071021D98E8,_ZTV18CharAnimTriggerRef
0x00000071021D9988,_ZTV21CharAnimTriggerHelper
0x00000071021D9B20,_ZTV25CharAnimTriggerUpdateData
0x00000071021D9B40,_ZTV19CharAnimTriggerData
0x00000071021D9B98,_ZTV26CharAnimTriggerContextData
0x00000071021D9BC8,_ZTV25CharAnimSimpleTriggerData
0x00000071021D9C28,_ZTV25CharAnimTriggerLayersData
0x00000071021D9C88,_ZTV26CharAnimTriggerLocatorData
0x00000071021D9CE0,_ZTV22CharAnimTriggerSFXData
0x00000071021D9D38,_ZTVN22CharAnimTriggerSFXData20SFXTriggerUpdateDataE
0x00000071021D9D58,_ZTV28CharAnimTriggerSFXDataHelper
0x00000071021D9EF0,_ZN12CharSFXIdRef16mEmptySFXIdLabelE
0x00000071021D9EF8,_ZTV12CharSFXIdRef
0x00000071021D9F98,_ZTV22CharAnimTriggerVFXData
0x00000071021D9FF0,_ZTVN22CharAnimTriggerVFXData20VFXTriggerUpdateDataE
0x00000071021DA010,_ZTV28CharAnimTriggerVFXDataHelper
0x00000071021DA1A8,_ZTV22CharAnimTriggerPTLData
0x00000071021DA200,_ZTVN22CharAnimTriggerPTLData20PTLTriggerUpdateDataE
0x00000071021DA220,_ZTV28CharAnimTriggerPTLDataHelper
0x00000071021DA3B8,_ZTV27CharAnimTriggerMaterialData
0x00000071021DA410,_ZTV33CharAnimTriggerMaterialDataHelper
0x00000071021DA5A8,_ZTV26CharAnimTriggerTextureData
0x00000071021DA608,_ZTV32CharAnimTriggerTextureDataHelper
0x00000071021DA7A0,_ZTV29CharAnimTriggerAttachmentData
0x00000071021DA800,_ZTV35CharAnimTriggerAttachmentDataHelper
0x00000071021DA998,_ZTV31CharAnimTriggerLayerSpecialData
0x00000071021DA9F0,_ZTV37CharAnimTriggerLayerSpecialDataHelper
0x00000071021DAB88,_ZTV26CharAnimTriggerRangeHelper
0x00000071021DACE8,_ZTV25CharAnimTriggerDataHelper
0x00000071021DAE48,_ZTV32CharAnimTriggerContextDataHelper
0x00000071021DAFA8,_ZTV31CharAnimSimpleTriggerDataHelper
0x00000071021DB108,_ZTV31CharAnimTriggerLayersDataHelper
0x00000071021DB268,_ZTV32CharAnimTriggerLocatorDataHelper
0x00000071021DB3C8,_ZN22CharSkeletonFileHelper23AddNewSkeletonFileLabelE
0x00000071021DB3D0,_ZTV15CharSkeletonRef
0x00000071021DB470,_ZTV24CharAttachmentSlotMapRef
0x00000071021DB510,_ZTV18CharSkeletonHelper
0x00000071021DB6A8,_ZTV24CharAttachmentSlotHelper
0x00000071021DB840,_ZTV22CharSkeletonFileParams
0x00000071021DB860,_ZTV28CharSkeletonFileParamsHelper
0x00000071021DB9F8,_ZTV16CharSkeletonFile
0x00000071021DBA98,_ZTV22CharSkeletonFileHelper
0x00000071021DBC30,_ZTV24CharSkeletonResourceInfo
0x00000071021DBC58,_ZTV20CharSkeletonResource
0x00000071021DBCE8,_ZTV24CharSkeletonResourceType
0x00000071021DBD18,_ZTV19CharSkeletonAppData
0x00000071021DBD58,_ZTV25CharSkeletonAppDataHelper
0x00000071021DBEB8,_ZN19ChaseCameraSettings20s_loadConfigKeywordsE
0x00000071021DC038,_ZN14CharTextureDef16textureSlotNamesE
0x00000071021DC088,_ZN19CharLayerSpecialDef8allLabelE
0x00000071021DC090,_ZTV21CharMaterialDefMapRef
0x00000071021DC130,_ZTV20CharTextureDefMapRef
0x00000071021DC1D0,_ZTV23CharAttachmentDefMapRef
0x00000071021DC270,_ZTV16CharSFXDefMapRef
0x00000071021DC310,_ZTV25CharLayerSpecialDefMapRef
0x00000071021DC3B0,_ZTV21CharDefLayerFlagIdRef
0x00000071021DC450,_ZTV13CharDefHelper
0x00000071021DC5E8,_ZTV17CharDefFileParams
0x00000071021DC608,_ZTV23CharDefFileParamsHelper
0x00000071021DC7A0,_ZTV11CharDefFile
0x00000071021DC840,_ZTV17CharDefFileHelper
0x00000071021DC9D8,_ZTV19CharDefResourceInfo
0x00000071021DCA00,_ZTV15CharDefResource
0x00000071021DCA90,_ZTV19CharAnimSetRefEdRef
0x00000071021DCB30,_ZTV20CharAnimSetRefParams
0x00000071021DCB50,_ZTV14CharAnimSetRef
0x00000071021DCB70,_ZTV20CharAnimSetRefHelper
0x00000071021DCD08,_ZTV18CharMaterialDefRef
0x00000071021DCE98,_ZTV21CharMaterialDefHelper
0x00000071021DD030,_ZTV20CharTextureDefHelper
0x00000071021DD1C8,_ZTV24CharAttachmentDefNameRef
0x00000071021DD268,_ZTV20CharAttachmentDefRef
0x00000071021DD308,_ZTV23CharAttachmentDefHelper
0x00000071021DD4A0,_ZTV17CharSFXDefNameRef
0x00000071021DD540,_ZTV16CharSFXDefHelper
0x00000071021DD6D8,_ZTV19CharLayerSpecialDef
0x00000071021DD6F8,_ZTV26CharLayerSpecialDefNameRef
0x00000071021DD798,_ZTV25CharLayerSpecialDefHelper
0x00000071021DD930,_ZTV19CharDefResourceType
0x00000071021DD960,_ZTV26CharAnimSetRefParamsHelper
0x00000071021DDAC0,_ZTV14CharDefAppData
0x00000071021DDB10,_ZTV20CharDefAppDataHelper
0x00000071021DDC70,_ZTV11CharProject
0x00000071021DDC98,_ZTV17CharProjectHelper
0x00000071021DDE30,_ZTV21CharProjectFileParams
0x00000071021DDE50,_ZTV15CharProjectFile
0x00000071021DDEF0,_ZTV21CharProjectFileHelper
0x00000071021DE088,_ZTV23CharProjectResourceInfo
0x00000071021DE0B0,_ZTV19CharProjectResource
0x00000071021DE140,_ZTV23CharProjectSourceHelper
0x00000071021DE2D8,_ZTV23CharProjectResourceType
0x00000071021DE308,_ZTV20FootPivotTriggerData
0x00000071021DE360,_ZTV26FootPivotTriggerDataHelper
0x00000071021DE4C0,_ZTV16CreatureIkHelper
0x00000071021DE658,_ZTV10EdFakeName
0x00000071021DE6F8,_ZTV13IkTriggerData
0x00000071021DE750,_ZTV19IkTriggerDataHelper
0x00000071021DE8B0,_ZTV18IkTriggerRangeData
0x00000071021DE8D0,_ZN5LegIk8mRayCastE
0x00000071021DE8D8,_ZTV5LegIk
0x00000071021DE930,_ZTV17EdCharIKLegHelper
0x00000071021DEAC8,_ZTV8TargetIk
0x00000071021DEB20,_ZTV14TargetIkHelper
0x00000071021DECB8,_ZTV15IkJointModifier
0x00000071021DED10,_ZTV21IkJointModifierHelper
0x00000071021DEEA8,_ZTV18IkConstraintHelper
0x00000071021DF038,_ZTV11DynoRagDoll
0x00000071021DF0D0,_ZTV18RagDollStateHelper
0x00000071021DF268,_ZTV18RagDollTriggerData
0x00000071021DF2C0,_ZTV24RagDollTriggerUpdateData
0x00000071021DF2E0,_ZTV24RagDollTriggerDataHelper
0x00000071021DF440,_ZTV9EdNuArrayI8EdStringtE
0x00000071021DF4A0,_ZTV16RdBodyController
0x00000071021DF530,_ZTV17RdClothController
0x00000071021DF5B8,_ZTV23RdClothControllerHelper
0x00000071021DF750,_ZTV22EdRefRdClothController
0x00000071021DF7F0,_ZTV16RdParticleHelper
0x00000071021DF988,_ZTV10TargetPose
0x00000071021DF9A8,_ZTV16TargetPoseHelper
0x00000071021DFB40,_ZTV6IkBase
0x00000071021DFB98,_ZTV11EntityTuner
0x00000071021DFBB8,_ZTV17EntityTunerHelper
0x00000071021DFD50,_ZTV11DynoManager
0x00000071021DFE18,_ZTV14PhysicsEffects
0x00000071021DFE48,_ZTV8ApiActor
0x00000071021E0100,_ZTV14ApiActorHelper
0x00000071021E0260,_ZTV12ApiCharacter
0x00000071021E05F8,_ZTV15ApiCharacterLak
0x00000071021E0670,_ZTV24ApiCharacterParamsHelper
0x00000071021E0800,_ZTV18ApiCharacterHelper
0x00000071021E0960,_ZTV15ApiCharacterRef
0x00000071021E0A00,_ZTV19ApiCharacterManager
0x00000071021E0AC8,_ZTV26ApiCharacterScriptVariable
0x00000071021E0B60,_ZTV20SAction_ApiCharacter
0x00000071021E0BA0,_ZTV15CharacterAction
0x00000071021E0BE8,_ZTV25SAction_ApiCharacter2Text
0x00000071021E0C30,_ZTV29SAction_ApiCharacter2Position
0x00000071021E0C78,_ZTV24CharacterAction_Distance
0x00000071021E0CC0,_ZTV26CharacterAction_DistanceXZ
0x00000071021E0D08,_ZTV24CharacterAction_OnScreen
0x00000071021E0D50,_ZTV29CharacterAction_ResetToOrigin
0x00000071021E0D98,_ZTV23SAction_CharacterInArea
0x00000071021E0DE0,_ZTV20VehicleDefSeatHelper
0x00000071021E0F40,_ZTV16VehicleDefStatic
0x00000071021E11D0,_ZTV22VehicleDefStaticHelper
0x00000071021E1368,_ZTV15VehicleDefHover
0x00000071021E15F8,_ZTV21VehicleDefHoverHelper
0x00000071021E1790,_ZTV13VehicleDefCar
0x00000071021E1A20,_ZTV19VehicleDefCarHelper
0x00000071021E1BB8,_ZTV14VehicleDefBike
0x00000071021E1E48,_ZTV20VehicleDefBikeHelper
0x00000071021E1FE0,_ZTV14VehicleDefBoat
0x00000071021E2270,_ZTV20VehicleDefBoatHelper
0x00000071021E23D0,_ZTV18VehicleDefAircraft
0x00000071021E2660,_ZTV24VehicleDefAircraftHelper
0x00000071021E27C0,_ZN20ApiVehiclePFXManager12m_GenericPFXE
0x00000071021E2800,_ZN10ApiVehicle19m_masterMaxVelocityE
0x00000071021E2804,_ZN10ApiVehicle25m_APIVEHICLETERRTYPE_KILLE
0x00000071021E2808,_ZN10ApiVehicle35m_APIVEHICLETERREXTRATYPE_LAYERKILLE
0x00000071021E2810,_ZTV18ApiVehicleUserData
0x00000071021E28B8,_ZTV10ApiVehicle
0x00000071021E2CB8,_ZTV22ApiVehicleDynoListener
0x00000071021E2D68,_ZTV15ApiVehicleHover
0x00000071021E3168,_ZTV16ApiVehicleHelper
0x00000071021E32C8,_ZTV17ApiVehicleManager
0x00000071021E3390,_ZTV14SVarApiVehicle
0x00000071021E3428,_ZTV18SAction_ApiVehicle
0x00000071021E3468,_ZTV13VehicleAction
0x00000071021E34B0,_ZTV23SAction_ApiVehicle2Text
0x00000071021E34F8,_ZTV27SAction_ApiVehicle2Position
0x00000071021E3540,_ZTV22VehicleAction_Distance
0x00000071021E3588,_ZTV24VehicleAction_DistanceXZ
0x00000071021E35D0,_ZTV22VehicleAction_OnScreen
0x00000071021E3618,_ZTV28VehicleAction_ForceMaxDetail
0x00000071021E3660,_ZTV25VehicleAction_IsSubmerged
0x00000071021E36A8,_ZTV21SAction_VehicleInArea
0x00000071021E36F0,_ZN11ApiRopeType20m_minCollisionRadiusE
0x00000071021E36F4,_ZN11ApiRopeType11m_defaultIdE
0x00000071021E36F8,_ZTV13ApiRopeHelper
0x00000071021E3858,_ZTV7ApiRope
0x00000071021E3AB8,_ZTV11RigidObject
0x00000071021E3D58,_ZN16EdRefRigidObject13RigidBodyData13mPositionGainE
0x00000071021E3D5C,_ZN16EdRefRigidObject13RigidBodyData16mOrientationGainE
0x00000071021E3D60,_ZN16EdRefRigidObject13RigidBodyData14mLinearVelGainE
0x00000071021E3D64,_ZN16EdRefRigidObject13RigidBodyData15mAngularVelGainE
0x00000071021E3D68,_ZTV17RigidObjectHelper
0x00000071021E3F10,_ZTV16EdRefRigidObject
0x00000071021E3FB0,_ZTV24FrameworkEventCreateData
0x00000071021E3FD8,_ZTV11WaterObject
0x00000071021E4260,_ZTV17WaterObjectHelper
0x00000071021E43C0,_ZTV15CoreGroupHelper
0x00000071021E4520,_ZTV9CoreGroup
0x00000071021E4788,_ZTV14EdRefCoreGroup
0x00000071021E4828,_ZTV23CoreGroupInstanceHelper
0x00000071021E4988,_ZTV17CoreGroupInstance
0x00000071021E4C40,_ZN17CoreGroupInstance12mUseClipTestE
0x00000071021E4C44,g_DebugTestInstanceFullClip
0x00000071021E4C48,_ZTV22EdRefCoreGroupInstance
0x00000071021E4CE8,_ZTV19EdRefPlaceableDummy
0x00000071021E4D88,_ZTV14DummyPlaceable
0x00000071021E4FE8,_ZTV13EdRefSmartPtrI9CoreGroupS0_13NuFatSmartPtrIS0_EE
0x00000071021E50E0,_ZTV16CoreGroupManager
0x00000071021E51A8,_ZTV20CoreGroupStateHelper
0x00000071021E5308,_ZTV14CoreGroupState
0x00000071021E5568,_ZTV19EdCoreGroupStateRef
0x00000071021E5608,_ZTV30CoreGroupObjectReferenceHelper
0x00000071021E5768,_ZTV29EdRefCoreGroupObjectReference
0x00000071021E5808,_ZTV28NuClass_CoreGroupObjectFlags
0x00000071021E58A0,_ZTV33NuClass_CoreGroupStateObjectFlags
0x00000071021E5938,_ZTV37NuClass_CoreGroupObjectFlagsContainer
0x00000071021E59D0,_ZTV10ConvexArea
0x00000071021E5C38,_ZTV16ConvexAreaHelper
0x00000071021E5D98,_ZTV15EdRefConvexArea
0x00000071021E5E38,_ZTV12EntityObject
0x00000071021E60C0,_ZTV21VehicleDefWheelHelper
0x00000071021E6220,_ZTV17MapDamageStageRef
0x00000071021E62C0,_ZTV27VehicleDefDamageStageHelper
0x00000071021E6420,_ZTV19VehicleDefSFXHelper
0x00000071021E6580,_ZTV19VehicleDefPFXHelper
0x00000071021E66E0,_ZTV26VehicleDefAttachmentHelper
0x00000071021E6878,_ZTV20VehicleDefGearHelper
0x00000071021E69D8,_ZTV23VehicleDefGearboxHelper
0x00000071021E6B38,_ZTV22VehicleDefEngineHelper
0x00000071021E6C98,_ZTV23VehicleDefBoosterHelper
0x00000071021E6DF8,_ZN16VehicleDefParams8mClassIdE
0x00000071021E6E00,_ZTV10VehicleDef
0x00000071021E7090,_ZTV16VehicleDefHelper
0x00000071021E71F0,_ZTV23ApiVehicleJointModifier
0x00000071021E7248,_ZN15ApiVehicleLight11BlinkListOnE
0x00000071021E7252,_ZN15ApiVehicleLight12BlinkListOffE
0x00000071021E7260,_ZTV14ApiVehicleBike
0x00000071021E7660,_ZTV16ApiVehicleStatic
0x00000071021E7A60,_ZTV14ApiVehicleBoat
0x00000071021E7E60,_ZTV18ApiVehicleAircraft
0x00000071021E8260,_ZTV13ApiVehicleCar
0x00000071021E8660,_ZTV26CoreGroupCollisionListener
0x00000071021E8710,_ZTV24CoreGroupObjectReference
0x00000071021E8970,_ZTV16EditorFileParams
0x00000071021E8990,_ZTV10EditorFile
0x00000071021E8A18,_ZTV17EditorFileRequest
0x00000071021E8A70,_ZTV16EditorObjectFile
0x00000071021E8B10,_ZTV22EditorFileParamsHelper
0x00000071021E8CA8,_ZTV16EditorFileHelper
0x00000071021E8E40,_ZTV22EditorObjectFileHelper
0x00000071021E8FA0,_ZTV6CStackIN17EdFileInputStream13ReadBlockInfoELi32EE
0x00000071021E8FC0,_ZTV9Animation
0x00000071021E9020,_ZTV15AnimationHelper
0x00000071021E91B8,_ZTV17AnimationInstance
0x00000071021E9260,_ZTV23AnimationInstanceHelper
0x00000071021E93F8,_ZTV23EdRefIAnimatableBasePtr
0x00000071021E94F0,_ZTV22EdRefAnimationInstance
0x00000071021E9590,_ZTV21AnimationClipInstance
0x00000071021E9648,_ZTV27AnimationClipInstanceHelper
0x00000071021E97D8,_ZTV14AnimationLayer
0x00000071021E9820,_ZTV20AnimationLayerHelper
0x00000071021E9980,_ZTV19EdRefAnimationLayer
0x00000071021E9A20,_ZTV16EdRefLayerParams
0x00000071021E9AC0,_ZTV18AnimationClipLayer
0x00000071021E9B10,_ZTV24AnimationClipLayerHelper
0x00000071021E9C70,_ZTV16AnimationManager
0x00000071021E9D38,_ZTV20AnimationPlayControl
0x00000071021E9DE8,_ZTV13AnimationClip
0x00000071021E9E48,_ZTV19AnimationClipHelper
0x00000071021E9FA8,_ZTV23GSCAnimationPlayControl
0x00000071021EA078,_ZTV13KeyframeTrack
0x00000071021EA130,_ZTV19KeyframeTrackHelper
0x00000071021EA290,_ZTV17EdRefKeyframeList
0x00000071021EA330,_ZTV30KeyframeSpecialisedTrackHelper
0x00000071021EA498,_ZTV19KeyframeTrackColour
0x00000071021EA560,_ZTV25KeyframeColourTrackHelper
0x00000071021EA6C8,_ZTV18KeyframeTrackFloat
0x00000071021EA780,_ZTV16KeyframeTrackInt
0x00000071021EA840,_ZTV18KeyframeTrackEvent
0x00000071021EA8F8,_ZTV23EdRefKeyframeTrackEvent
0x00000071021EA998,_ZTV24KeyframeTrackEventHelper
0x00000071021EAB00,_ZTV19KeyframeTrackMatrix
0x00000071021EABB8,_ZTV25KeyframeMatrixTrackHelper
0x00000071021EAD20,_ZTV20KeyframeTrackVector3
0x00000071021EADE8,_ZTV26KeyframeVector3TrackHelper
0x00000071021EAF50,_ZTV19ProceduralAnimation
0x00000071021EAFD0,_ZTV25ProceduralAnimationHelper
0x00000071021EB130,_ZTV19ProcAnimPlayControl
0x00000071021EB1E0,_ZTV20EdRefAnimationObject
0x00000071021EB280,_ZTV14InstanceObject
0x00000071021EB4E0,_ZTV21InstanceObjectManager
0x00000071021EB5A8,_ZTV20InstanceObjectHelper
0x00000071021EB708,_ZTV13EdRefInstance
0x00000071021EB7A8,_ZTV17EdRefSceneNodePtr
0x00000071021EB8A0,_ZTV26NuClass_InstObjInitialiser
0x00000071021EB938,_ZTV10Animatable
0x00000071021EBAA8,_ZTV17IAnimatableHelper
0x00000071021EBC08,_ZTV16AnimatableHelper
0x00000071021EBD68,_ZTV11IAnimatable
0x00000071021EBE70,_ZTV15EdRefAnimatable
0x00000071021EBF10,_ZTV9Placeable
0x00000071021EC170,_ZTV15EdClassFactoryTI13PlaceableStubE
0x00000071021EC190,thePlaceableStubber
0x00000071021EC198,_ZTV19PlaceableBaseHelper
0x00000071021EC2F8,_ZTV14EdRefPlaceable
0x00000071021EC398,_ZTV18PlaceableInterface
0x00000071021EC4F8,_ZTV13PlaceableBase
0x00000071021EC6B8,_ZTV13PlaceableStub
0x00000071021EC918,_ZTV20PlaceableGroupHelper
0x00000071021ECA78,_ZTV14PlaceableGroup
0x00000071021ECCD8,_ZTV21PlaceableGroupManager
0x00000071021ECDA8,_ZTV19EdRefPlaceableGroup
0x00000071021ECE48,_ZTV17EdPlaceableHelper
0x00000071021ECFA8,_ZTV13EdClassHelper
0x00000071021ED108,_ZTV14LEDFileRequest
0x00000071021ED160,_ZTV23NuFrameworkResourceInfo
0x00000071021ED188,_ZTV19NuFrameworkResource
0x00000071021ED230,_ZTV12SceneManager
0x00000071021ED2F8,_ZTV23NuFrameworkResourceType
0x00000071021ED328,_ZTV18EdRefSceneResource
0x00000071021ED3C8,_ZTV16EdRefSceneParams
0x00000071021ED468,_ZTV13EdSceneHelper
0x00000071021ED5C8,_ZTV17PostLoadEventData
0x00000071021ED5F0,_ZTV25FrameworkEventDestroyData
0x00000071021ED618,_ZTV26FrameworkEventAddSceneData
0x00000071021ED640,_ZTV29FrameworkEventRemoveSceneData
0x00000071021ED668,_ZTV33FrameworkEventDataSceneVisibility
0x00000071021ED690,_ZTV12EdFixedArrayI7EdLayerLj16EtE
0x00000071021ED710,_ZTV16SceneNodeManager
0x00000071021ED7D8,_ZTV15SceneNodeHelper
0x00000071021ED938,_ZTVN15SceneNodeHelper21EdRefPlaceableBasePtrE
0x00000071021EDA30,_ZTV38FrameworkEventSceneNodePreDeParentData
0x00000071021EDA58,_ZTV9SceneNode
0x00000071021EDC80,_ZTV14EdRefSceneNode
0x00000071021EDD20,_ZTV35FrameworkEventSceneNodeParentedData
0x00000071021EDD48,_ZTV31FrameworkEventSceneNodeLinkData
0x00000071021EDD70,_ZTV11SceneObject
0x00000071021EDFE0,_ZTV19CompoundSceneObject
0x00000071021EE240,_ZTV18SceneObjectManager
0x00000071021EE308,_ZTV17SceneObjectHelper
0x00000071021EE4A0,_ZTV16EdRefSceneObject
0x00000071021EE540,_ZTV10FlowHelper
0x00000071021EE6A0,_ZTV8FlowLink
0x00000071021EE6C0,_ZTV11FlowManager
0x00000071021EE788,_ZTV10FlowObject
0x00000071021EE7E0,_ZN16FlowObjectHelper19mParentFlowLinkNameE
0x00000071021EE7E8,_ZN16FlowObjectHelper18mChildFlowLinkNameE
0x00000071021EE7F0,_ZTV16FlowObjectHelper
0x00000071021EE950,_ZTV15EdRefFlowObject
0x00000071021EE9F0,_ZTV27FlowObjectPassThroughHelper
0x00000071021EEB50,_ZTV10SplineKnot
0x00000071021EED48,_ZTV9EdRefKnot
0x00000071021EEDE8,_ZTV10KnotHelper
0x00000071021EEF88,_ZTV12SplineObject
0x00000071021EF200,_ZTV13SplineManager
0x00000071021EF2E8,_ZTV12SplineHelper
0x00000071021EF4E0,_ZTV11EdRefSpline
0x00000071021EF580,_ZTV9EdNuArrayI11SplinePointtE
0x00000071021EF5E0,_ZTV14SplineManagerTI12SplineObjectE
0x00000071021EF6C8,_ZTV14SplineManagerTI21MechKrawlieAreaSplineE
0x00000071021EF7B0,_ZTV13SplineHelperTI12SplineObjectE
0x00000071021EF9B8,_ZTV11ClassEditor
0x00000071021EF9F8,_ZTV15ClassObjectList
0x00000071021EFA18,_ZTV8EdStream
0x00000071021EFAA0,_ZTV13EdInputStream
0x00000071021EFB28,_ZTV14EdOutputStream
0x00000071021EFBB0,_ZTV17EdFileInputStream
0x00000071021EFC38,_ZTV18EdFileOutputStream
0x00000071021EFCC0,_ZTV5EdRef
0x00000071021EFD60,_ZTV12NuClassEdRef
0x00000071021EFE00,_ZTV11EdStringRef
0x00000071021EFEB0,_ZTV18EdDynamicStringRef
0x00000071021EFF50,_ZTV18NuDynamicStringRef
0x00000071021EFFF0,_ZTV17EdHashedStringRef
0x00000071021F0090,_ZTV12EdFixedArrayIcLj256EtE
0x00000071021F00F0,_ZTV12EdFixedArrayIcLj64EtE
0x00000071021F0150,_ZN7EdClass23mCurrMemberDataBufferIdE
0x00000071021F0158,_ZTV16EdClassInterface
0x00000071021F02B8,_ZTV24FrameworkEventSelectData
0x00000071021F02E0,_ZTV18EdStringEdArrayRef
0x00000071021F0380,_ZTV13EdStringEdRef
0x00000071021F0420,_ZTV12EdFixedArrayI8EdStringLj1EtE
0x00000071021F0480,_ZTV10EdFileDesc
0x00000071021F04A0,_ZTV13EdFileDescLED
0x00000071021F04C0,_ZTV18EdFileDescLighting
0x00000071021F04E0,_ZTV22EdFatSmartPtrFixupData
0x00000071021F0508,_ZTV17EdRefSmartPtrBase
0x00000071021F0600,_ZTV12EdFixedArrayI5VuVecLj3EtE
0x00000071021F0660,_ZTV12EdFixedArrayI5VuVecLj8EtE
0x00000071021F06C0,_ZTV12GSCAnimation
0x00000071021F0720,_ZTV8Keyframe
0x00000071021F0760,_ZTV13EdRefKeyframe
0x00000071021F0800,_ZTV14KeyframeHelper
0x00000071021F0960,_ZN18EdRefKeyframeEvent19sDirectionEnumItemsE
0x00000071021F0990,_ZTV13KeyframeEvent
0x00000071021F09E0,_ZTV19KeyframeEventHelper
0x00000071021F0B40,_ZTV18EdRefKeyframeEvent
0x00000071021F0BE0,_ZTV14KeyframeRandom
0x00000071021F0C28,_ZTV19EdRefKeyframeRandom
0x00000071021F0CC8,_ZTV20KeyframeRandomHelper
0x00000071021F0E28,_ZN12PartsManager14nullobjectnameE
0x00000071021F0E38,_ZN12PartsManager25m_maxNumPhysicsPartsAwakeE
0x00000071021F0E40,_ZTV11PartsHolder
0x00000071021F10A0,_ZTV12PartsManager
0x00000071021F1168,_ZTV11PartsHelper
0x00000071021F12C8,_ZTV16EdRefPartsHolder
0x00000071021F1368,_ZTV10StubHelper
0x00000071021F14C8,_ZTV9EdRefStub
0x00000071021F1568,_ZTV19EdStubObjectFactory
0x00000071021F1598,_ZTV4Flow
0x00000071021F15C8,_ZTV12TFixedStringILi256EE
0x00000071021F15E8,_ZTV22FlowObjectActionHelper
0x00000071021F1750,_ZTV21EdRefFlowActionTarget
0x00000071021F17F0,_ZTV22FlowActionTargetHelper
0x00000071021F1950,_ZTV15EdRefFlowAction
0x00000071021F19F0,_ZTV24FlowActionTargetParamRef
0x00000071021F1A90,_ZTV12EdFixedArrayIcLj1EtE
0x00000071021F1AF0,_ZTV25FlowObjectConditionHelper
0x00000071021F1C50,_ZTV18EdRefFlowCondition
0x00000071021F1CF0,_ZTV19FlowConditionTarget
0x00000071021F1D38,_ZTV31FlowObjectNumberProcessorHelper
0x00000071021F1E98,_ZTV24EdRefFlowNumberProcessor
0x00000071021F1F38,_ZTV25FlowNumberProcessorTarget
0x00000071021F1F80,_ZTV20FlowLinkHelperParent
0x00000071021F20E0,_ZTV19FlowLinkHelperChild
0x00000071021F2270,_ZTV13EdRefFlowLink
0x00000071021F2310,_ZTV21FlowObjectPassThrough
0x00000071021F2360,_ZTV16FlowObjectAction
0x00000071021F23B0,_ZTV16FlowActionTarget
0x00000071021F23F8,_ZTV19FlowObjectCondition
0x00000071021F2448,_ZTV25FlowObjectNumberProcessor
0x00000071021F2498,edbits_editor_enabled
0x00000071021F24A0,edbits_anim_page
0x00000071021F24A4,edbits_particle_level_page
0x00000071021F24A8,edbitsSfxVol
0x00000071021F24AC,edfile_handle
0x00000071021F24B0,MenuSFX
0x00000071021F24B4,GameMenuLevel
0x00000071021F24B8,MenuLanguages
0x00000071021F24BC,MenusUsed
0x00000071021F24C0,MENUSFX_MENUMOVE
0x00000071021F24C4,MENUSFX_MENUSELECT
0x00000071021F24C8,MENUSFX_MENUBACK
0x00000071021F24CC,MENUSFX_MENUNOENTRY
0x00000071021F24D0,MenuThreshold
0x00000071021F24D8,headerdrawfn
0x00000071021F24E0,MENUTOPY
0x00000071021F24E4,MENUBOTY
0x00000071021F24E8,MENUTEXTSCALE
0x00000071021F24EC,MENUSCALE
0x00000071021F24F0,MENUDY
0x00000071021F24F4,MENUHEADERG
0x00000071021F24F5,MENUHEADERB
0x00000071021F24F6,MENUNORMALR
0x00000071021F24F7,MENUNORMALG
0x00000071021F24F8,MENUENTRYG
0x00000071021F24F9,MENUENTRYB
0x00000071021F24FA,MENUWARNR
0x00000071021F24FB,MENUFLASH0G
0x00000071021F24FC,MENUFLASH0B
0x00000071021F24FD,MENUFLASH1R
0x00000071021F24FE,MENUFLASH1B
0x00000071021F2500,dme_sx
0x00000071021F2504,dme_sy
0x00000071021F2508,MENUENTRYEXWIDTH
0x00000071021F250C,adjust_string_y_offset
0x00000071021F2510,Text_Language
0x00000071021F2514,APITEXTSCALEX
0x00000071021F2518,APITEXTSCALEY
0x00000071021F251C,text_preset_r
0x00000071021F2527,text_preset_g
0x00000071021F2532,text_preset_b
0x00000071021F2540,apitext_half_rgb
0x00000071021F2544,text3DPushPrintMode
0x00000071021F2548,BUTTONSCALEUP
0x00000071021F254C,ButtonPrompt_Player
0x00000071021F2550,apitext_r
0x00000071021F2554,apitext_g
0x00000071021F2558,apitext_b
0x00000071021F2578,_ZTV11GUI2Manager
0x00000071021F2640,_ZTV29GetFlashEnabledStateEventData
0x00000071021F2668,_ZTV19FilePathFixedString
0x00000071021F2688,_ZTV33AllowRenderSoundEventSubtitleData
0x00000071021F26B0,_ZTV15GUI2PageHandler
0x00000071021F26D8,_ZTV18GUI2MaterialHelper
0x00000071021F2838,_ZTV21EdRefGUI2MaterialUser
0x00000071021F28D8,_ZTV17EdRefGUI2Material
0x00000071021F2978,_ZTV10GUI2Object
0x00000071021F2C08,_ZTV26EdRefGUI2ObjectLocalMatrix
0x00000071021F2CA8,_ZTV27EdRefGUI2BehaviourAnimation
0x00000071021F2D48,_ZTV16GUI2ObjectHelper
0x00000071021F2EB8,_ZTV8GUI2Text
0x00000071021F3180,_ZTV26EdGUI2TextDynamicStringRef
0x00000071021F3220,_ZTV14GUI2TextHelper
0x00000071021F3390,_ZTV8GUI2Page
0x00000071021F3620,_ZTV14GUI2PageHelper
0x00000071021F3790,_ZTV8GUI2Menu
0x00000071021F3A58,_ZTV14GUI2MenuHelper
0x00000071021F3BC8,_ZTV26MenuEntrySelectedEventData
0x00000071021F3BF0,_ZTV21GUI2MenuEntryTemplate
0x00000071021F3E80,_ZTV26EdGUI2MenuEntryTemplateRef
0x00000071021F3F20,_ZTV27GUI2MenuEntryTemplateHelper
0x00000071021F4090,_ZTV13GUI2MenuEntry
0x00000071021F4328,_ZTV18EdGUI2MenuEntryRef
0x00000071021F43C8,_ZTV19GUI2MenuEntryHelper
0x00000071021F4538,_ZTV9GUI2Panel
0x00000071021F47C8,_ZTV15GUI2PanelHelper
0x00000071021F4938,_ZTV9GUI2Group
0x00000071021F4BC8,_ZTV15GUI2GroupHelper
0x00000071021F4D38,_ZTV12TrackManager
0x00000071021F4E00,_ZTV5Track
0x00000071021F4E38,_ZTV9TrackBank
0x00000071021F4E70,_ZTV8Streamer
0x00000071021F4E98,_ZTV19SoundEffectsManager
0x00000071021F4F60,_ZN26EdRefSoundMultiEffectsArea21sEffectTypesEnumItemsE
0x00000071021F4FC0,_ZN26EdRefSoundMultiEffectsArea20sVoiceTypesEnumItemsE
0x00000071021F5030,_ZN26EdRefSoundMultiEffectsArea22sTriggerTypesEnumItemsE
0x00000071021F5060,_ZN26EdRefSoundMultiEffectsArea15sShapeEnumItemsE
0x00000071021F50A0,_ZN26EdRefSoundMultiEffectsArea28sMusicListenerTypesEnumItemsE
0x00000071021F50E0,_ZN26EdRefSoundMultiEffectsArea26sOccludeDirectionEnumItemsE
0x00000071021F5110,_ZTV21SoundMultiEffectsArea
0x00000071021F5370,_ZTV26EdRefSoundMultiEffectsArea
0x00000071021F5410,_ZTV27SoundMultiEffectsAreaHelper
0x00000071021F5570,_ZTV14SoundEventData
0x00000071021F55A8,_ZTV18SoundEventInstance
0x00000071021F5610,_ZTV14SoundEventDuck
0x00000071021F5678,_ZTV18KeyframeTrackSound
0x00000071021F5738,_ZTV24KeyframeSoundTrackHelper
0x00000071021F58A0,_ZTV14SoundMusicArea
0x00000071021F5B00,_ZTV19EdRefSoundMusicArea
0x00000071021F5BA0,_ZTV20SoundMusicAreaHelper
0x00000071021F5D00,GlobalPAKFilename
0x00000071021F5D08,DynamicPAKFilename
0x00000071021F5D10,DlcPAKFilename
0x00000071021F5D18,PAKFileExt
0x00000071021F5D20,_ZN12SoundManager14sNumLoopFramesE
0x00000071021F5D28,_ZTV12SoundManager
0x00000071021F5DF0,_ZTV21OutOfAudioMemCallback
0x00000071021F5E20,_ZN19EdRefSoundOverrides22sOverrideTypeEnumItemsE
0x00000071021F5F80,_ZN19EdRefSoundOverrides17sFalloffEnumItemsE
0x00000071021F5FB0,_ZTV19EdRefSoundOverrides
0x00000071021F6050,_ZTV20SoundOverridesHelper
0x00000071021F61B0,_ZTV10SpeechPack
0x00000071021F61E8,_ZTV21SpeechPackFileRequest
0x00000071021F6240,_ZTV41SAction_SVarSpeech_Constructor_SpeechPack
0x00000071021F6280,_ZTV35SAction_SVarSpeech_Constructor_Text
0x00000071021F62C0,_ZTV23SAction_SVarSpeech_Base
0x00000071021F6308,_ZTV23SAction_SVarSpeech_Load
0x00000071021F6350,_ZTV26SAction_SVarSpeech_Release
0x00000071021F6398,_ZTV23SAction_SVarSpeech_Play
0x00000071021F63E0,_ZTV23SAction_SVarSpeech_Stop
0x00000071021F6428,_ZTV27SAction_SVarSpeech_IsLoaded
0x00000071021F6470,_ZTV28SAction_SVarSpeech_IsPlaying
0x00000071021F64B8,_ZTV31SAction_SVarSpeech_SetCharacter
0x00000071021F6500,_ZTV34SAction_SVarSpeech_SetOutputDevice
0x00000071021F6548,_ZTV34SAction_SVarSpeech_SetDuckingScale
0x00000071021F6590,_ZTV29SAction_SVarSpeech_SetFalloff
0x00000071021F65D8,_ZTV30SAction_SVarSpeech_GetDuration
0x00000071021F6620,_ZTV34SAction_SVarSpeech_GetPlaybackTime
0x00000071021F6668,_ZTV10SVarSpeech
0x00000071021F66C0,_ZTV33SAction_SVarTrackBank_Constructor
0x00000071021F6700,_ZTV20SAction_SetTrackBank
0x00000071021F6740,_ZTV22SAction_ClearTrackBank
0x00000071021F6780,_ZTV29SAction_SVarTrack_Constructor
0x00000071021F67C0,_ZTV16SAction_SetTrack
0x00000071021F6800,_ZTV13SVarTrackBank
0x00000071021F6858,_ZTV9SVarTrack
0x00000071021F68D0,_ZTV20SoundEventDataSample
0x00000071021F6910,_ZTV16SoundEventSample
0x00000071021F6978,_ZTV19SoundEventDataGroup
0x00000071021F69B0,_ZTV15SoundEventGroup
0x00000071021F6A18,_ZTV20SoundEventDataRumble
0x00000071021F6A50,_ZTV16SoundEventRumble
0x00000071021F6AB8,_ZTV22SoundEventDataSubtitle
0x00000071021F6AF0,_ZTV18SoundEventSubtitle
0x00000071021F6B58,_ZTV16SoundFileRequest
0x00000071021F6BB0,_ZTV14SoundPlaceable
0x00000071021F6E10,_ZTV20SoundPlaceableHelper
0x00000071021F6F70,_ZTV19EdRefSoundPlaceable
0x00000071021F7010,_ZTV17SoundAmbienceArea
0x00000071021F7270,_ZTV22EdRefSoundAmbienceArea
0x00000071021F7310,_ZTV23SoundAmbienceAreaHelper
0x00000071021F7470,_ZTV18KeyframeEventSound
0x00000071021F74C0,_ZTV24KeyframeEventSoundHelper
0x00000071021F7620,_ZTV23EdRefSoundEventKeyframe
0x00000071021F76C0,_ZTV15SoundReverbArea
0x00000071021F7920,_ZTV20EdRefSoundReverbArea
0x00000071021F79C0,_ZTV21SoundReverbAreaHelper
0x00000071021F7B20,_ZTV16SoundLowPassArea
0x00000071021F7D80,_ZTV21EdRefSoundLowPassArea
0x00000071021F7E20,_ZTV22SoundLowPassAreaHelper
0x00000071021F7F80,_ZTV11AIAvoidable
0x00000071021F7FD0,_ZTV29FrameworkEventAIAvoidableData
0x00000071021F7FF8,_ZN14ObjectSteering13smUsePhantomsE
0x00000071021F8000,_ZTV14ObjectSteering
0x00000071021F8048,_ZTV21CacheCloudListManager
0x00000071021F8078,_ZTV7AI_AABB
0x00000071021F8098,_ZTV13AvoidableList
0x00000071021F80B8,_ZTV6AIListIP11AIAvoidableE
0x00000071021F80D8,_ZTV6AIListIP10CloudPieceE
0x00000071021F80F8,_ZTV14CacheCloudList
0x00000071021F8118,_ZTV6AIListIP11ObjectCloudE
0x00000071021F8138,_ZTV5Brain
0x00000071021F8200,_ZTV6AIListIPN9AIFactoryIP6AITaskjE3MapEE
0x00000071021F8220,_ZTV14CharacterBrain
0x00000071021F8300,_ZTV14PhysicalStatus
0x00000071021F8318,_ZTV12RegularBrain
0x00000071021F83F8,_ZTV12VehicleBrain
0x00000071021F84E0,_ZTV24NuClass_AIMeshProperties
0x00000071021F8578,_ZTV7AIRoute
0x00000071021F85A8,_ZTV12AIRoutePoint
0x00000071021F85C8,_ZTV10ConvexEdge
0x00000071021F8690,_ZTV16ConvexEdgeHelper
0x00000071021F87F0,_ZTV15EdRefConvexEdge
0x00000071021F8890,_ZTV16AutoCreatedEdRefI10ConvexEdgeE
0x00000071021F8930,_ZN11ConvexGraph22NodeGroupNameSeperatorE
0x00000071021F8938,_ZTV11ConvexGraph
0x00000071021F8B98,_ZTV17ConvexGraphHelper
0x00000071021F8D00,_ZTV16EdRefConvexGraph
0x00000071021F8DA0,_ZTV16AutoCreatedEdRefI11ConvexGraphE
0x00000071021F8E40,_ZTV10ConvexLink
0x00000071021F8F10,_ZTV16ConvexLinkHelper
0x00000071021F9070,_ZTV15EdRefConvexLink
0x00000071021F9110,_ZTV10ConvexNode
0x00000071021F9150,_ZTV16ConvexNodeHelper
0x00000071021F92B0,_ZTV15EdRefConvexNode
0x00000071021F9350,_ZTV16AutoCreatedEdRefI10ConvexNodeE
0x00000071021F93F0,_ZTV11SearchQuery
0x00000071021F9418,_ZTV12VehicleRoute
0x00000071021F9450,s_bOversteer
0x00000071021F9458,_ZTV11DriveSpline
0x00000071021F94E0,_ZTV12SplineDriver
0x00000071021F9528,_ZTV17DriveSplineDriver
0x00000071021F9570,_ZTV10SplineBaseIP19AIBezierSplinePointE
0x00000071021F95F8,_ZTV6AIListIP10SpeedLimitE
0x00000071021F9618,_ZTV19AIBezierSplinePoint
0x00000071021F9640,_ZTV19LegacyScriptContext
0x00000071021F9678,_ZTV13SLegacyAction
0x00000071021F96C0,_ZTV15SLegacyV1Action
0x00000071021F9708,_ZTV16SLegacyCondition
0x00000071021F9748,_ZTV15ScriptProcessor
0x00000071021F9780,_ZTVN13SLegacyAction16LegacyActionDataE
0x00000071021F97A0,_ZN9AIManager15mZoneRenderTimeE
0x00000071021F97A4,_ZN9AIManager12smRandomSeedE
0x00000071021F97A8,_ZTV9AIManager
0x00000071021F9870,_ZTV11AIEventData
0x00000071021F9898,_ZTV9NodeGroup
0x00000071021F98B8,_ZTV8TaskList
0x00000071021F98D8,_ZTV12Task_Manager
0x00000071021F9930,_ZTV9Task_Wait
0x00000071021F9988,_ZTV6AITask
0x00000071021F99E0,_ZTV11AIFocalTask
0x00000071021F9A38,_ZTV18AIFocusPoint_Brain
0x00000071021F9AA8,_ZTV20AIFocusPoint_Locator
0x00000071021F9B18,_ZTV25AIFocusPoint_ApiCharacter
0x00000071021F9B88,_ZTV21AIFocusPoint_Location
0x00000071021F9BF8,_ZTV13AIVehicleTask
0x00000071021F9C58,_ZTV18AIVehicleFocalTask
0x00000071021F9CB8,_ZTV11Task_Circle
0x00000071021F9D10,_ZTV10AIDecisionIN11Task_Circle9DirectionEE
0x00000071021F9D30,_ZTV14AIDecisionBase
0x00000071021F9D50,_ZTV19Task_DirectTraverse
0x00000071021F9DA8,_ZTV17Task_GeneratePath
0x00000071021F9E00,_ZTV13Task_Interact
0x00000071021F9E58,_ZTV12Task_Meander
0x00000071021F9EB0,_ZTV11Task_PathTo
0x00000071021F9F08,_ZTV12Task_Retreat
0x00000071021F9F60,_ZTV18Task_ReturnToGraph
0x00000071021F9FB8,_ZTV13Task_Traverse
0x00000071021FA010,_ZTV11Task_Wander
0x00000071021FA068,_ZTV20Task_MoveInstruction
0x00000071021FA0C0,_ZTV24VehicleTask_FollowSpline
0x00000071021FA128,_ZTV18VehicleTask_PathTo
0x00000071021FA188,_ZTV23VehicleTask_PathToRange
0x00000071021FA1E8,_ZTV20VehicleTask_Traverse
0x00000071021FA248,_ZTV10AIDecisionIN20VehicleTask_Traverse8DecisionEE
0x00000071021FA268,_ZTV10AIDecisionIN20VehicleTask_Traverse10TargetTypeEE
0x00000071021FA288,_ZTV10AIDecisionIN20VehicleTask_Traverse17ThreePointTurnDirEE
0x00000071021FA2A8,_ZTV14AIBezierSpline
0x00000071021FA330,_ZTV12AIConvexArea
0x00000071021FA598,_ZTV18AIConvexAreaHelper
0x00000071021FA700,_ZTV17EdRefAIConvexArea
0x00000071021FA7A0,_ZTV16AutoCreatedEdRefI12AIConvexAreaE
0x00000071021FA840,_ZTV15AIConvexLocator
0x00000071021FAA70,_ZTV21AIConvexLocatorHelper
0x00000071021FAC00,_ZTV20EdRefAIConvexLocator
0x00000071021FACA0,_ZTV16AutoCreatedEdRefI15AIConvexLocatorE
0x00000071021FAD40,_ZTV19AIConvexLocatorLink
0x00000071021FAFA0,_ZTV25AIConvexLocatorLinkHelper
0x00000071021FB108,_ZTV24EdRefAIConvexLocatorLink
0x00000071021FB1A8,_ZTV16AutoCreatedEdRefI19AIConvexLocatorLinkE
0x00000071021FB248,_ZTV18AIConvexLocatorSet
0x00000071021FB4A8,_ZTV23EdRefAIConvexLocatorSet
0x00000071021FB548,_ZTV24AIConvexLocatorSetHelper
0x00000071021FB6A8,_ZTV17EdRefAILocatorRef
0x00000071021FB748,_ZTV18AILocatorRefHelper
0x00000071021FB8A8,_ZTV14AISplineHelper
0x00000071021FBA08,_ZTV19AISplinePointHelper
0x00000071021FBB98,_ZTV13EdRefAISpline
0x00000071021FBC38,_ZTV6Wander
0x00000071021FBE00,_ZN13AutoEdgeGroup7gravityE
0x00000071021FBE10,_ZTV13AutoEdgeGroup
0x00000071021FBE38,_ZTV9EdgeGroup
0x00000071021FBE58,_ZTV10BoxTrigger
0x00000071021FBE90,_ZTV15CylinderTrigger
0x00000071021FBEC8,_ZTV7Trigger
0x00000071021FBF00,_ZTV16TriggerEventData
0x00000071021FBF28,_ZTV14TriggerManager
0x00000071021FBFF0,_ZTV13VehicleTarget
0x00000071021FC060,_ZTV9APIOBJECT
0x00000071021FC0C0,ai_moveradius
0x00000071021FC0C4,_ZN9OrcaAgent10m_maxSpeedE
0x00000071021FC0C8,_ZN9OrcaAgent13m_timeHorizonE
0x00000071021FC0CC,_ZN9OrcaAgent16m_invTimeHorizonE
0x00000071021FC0D0,_ZN9OrcaAgent16m_separationDistE
0x00000071021FC0D4,_ZN9OrcaAgent12m_stopRadiusE
0x00000071021FC0D8,_ZN9OrcaAgent16m_deadZoneRadiusE
0x00000071021FC0E0,_ZTV13TempAStarItem
0x00000071021FC160,_ZTV17ConvexDynamicLink
0x00000071021FC230,_ZTV23ConvexDynamicLinkHelper
0x00000071021FC398,_ZTV22EdRefConvexDynamicLink
0x00000071021FC438,_ZTV17ConvexDynamicNode
0x00000071021FC480,_ZTV10StitchLink
0x00000071021FC548,_ZTV16StitchLinkHelper
0x00000071021FC6B0,_ZTV24SAction_SetAvoidanceType
0x00000071021FC6F0,_ZTV22SAction_SetZoneAbility
0x00000071021FC730,_ZTV23AILocatorScriptVariable
0x00000071021FC7C8,_ZTV22SAction_AILocator2Text
0x00000071021FC808,_ZTV22SAction_Text2AILocator
0x00000071021FC848,_ZTV26SAction_Text2AILocatorDeep
0x00000071021FC888,_ZTV17SAction_AILocator
0x00000071021FC8C8,_ZTV13LocatorAction
0x00000071021FC910,_ZTV26SAction_AILocator2Position
0x00000071021FC958,_ZTV29SAction_AILocatorGetDirection
0x00000071021FC9A0,_ZTV21DynamicScriptVariableI15AIConvexLocatorE
0x00000071021FCA38,_ZTV26AILocatorSetScriptVariable
0x00000071021FCAD0,_ZTV25SAction_AILocatorSet2Text
0x00000071021FCB10,_ZTV25SAction_Text2AILocatorSet
0x00000071021FCB50,_ZTV20SAction_AILocatorSet
0x00000071021FCB90,_ZTV30SAction_AILocatorSetGetLocator
0x00000071021FCBD0,_ZTV24SAction_AILocatorSetSize
0x00000071021FCC10,_ZTV21DynamicScriptVariableI18AIConvexLocatorSetE
0x00000071021FCCA8,_ZTV20SAction_GetCharacter
0x00000071021FCCE8,_ZTV14ProjectedDecal
0x00000071021FCD30,pPartCastFn
0x00000071021FCD38,MAXPARTS
0x00000071021FCD3C,maxPhysicsParts
0x00000071021FCD40,i_part
0x00000071021FCD44,PARTSCALEUPTIME
0x00000071021FCD48,partseed
0x00000071021FCD58,_ZTV4PART
0x00000071021FCD84,timeincrement
0x00000071021FCD88,DEBRIS_GENERATEONLY
0x00000071021FCD8C,EDPP_SCALE_TYPES
0x00000071021FCD90,EDPP_MAX_DMADEBTYPES
0x00000071021FCD94,DebrisSuspendDrawObjectSwitch
0x00000071021FCD98,debris_detail_level
0x00000071021FCDB0,edpp_create_scale
0x00000071021FCDB4,edptl_preview_key
0x00000071021FCDB8,edpp_display_scale
0x00000071021FCDC0,_ZTV15ParticleManager
0x00000071021FCE88,_ZTV12DynamicLight
0x00000071021FD110,_ZTV18DynamicLightHelper
0x00000071021FD270,_ZTV19DynamicLightManager
0x00000071021FD338,_ZTV22DynamicLightDescHelper
0x00000071021FD498,_ZTV23DynamicLightDescManager
0x00000071021FD568,_ZTV16DynamicLightDesc
0x00000071021FD740,_ZTV23EdRefDynamicLightParams
0x00000071021FD7E0,_ZTV24EdRefPipeLightInstToDesc
0x00000071021FD880,_ZTV14EdRefLightName
0x00000071021FD970,_ZN7VfxBeam15AlphaMultiplierE
0x00000071021FD974,_ZN7VfxBeam11FarClipDistE
0x00000071021FD978,_ZN7VfxBeam26AdditionalOffScreenCushionE
0x00000071021FD97C,vfxPreLoadVfxScene
0x00000071021FDC80,_ZTV8VfxThing
0x00000071021FDD50,NuHwScalar_OneOver255
0x00000071021FDD54,NuHwScalar_OneOver256
0x00000071021FDD58,_ZTV12DecalManager
0x00000071021FDE20,_ZTV8DecalSet
0x00000071021FDE68,_ZTV14ParFileRequest
0x00000071021FDEC0,NumCommonStreamingBuffers
0x00000071021FDEC4,cutscenecam_gamma
0x00000071021FDEC8,cutscenecam_brightness
0x00000071021FDECC,cutscenecam_contrast
0x00000071021FDED0,cutscenecam_screenscale
0x00000071021FDED4,streamout
0x00000071021FDED8,gcutSoundVol
0x00000071021FDEDC,gcutSoundMusVol
0x00000071021FDEE0,NuGCutAudioStream
0x00000071021FDEE4,BlinkU
0x00000071021FDEF4,BlinkV
0x00000071021FDF04,g_enableLockedCacheSkinning
0x00000071021FDF08,EarlyClipFlash
0x00000071021FDF10,_ZTV26FrameworkEventCutSceneData
0x00000071021FDF38,_ZTV13CutSceneThing
0x00000071021FE000,_ZN12ClassManager15m_nextManagerIDE
0x00000071021FE008,_ZTV12ClassManager
0x00000071021FE0D0,_ZN15FrameworkConfig9Streaming4Grid6mSizeXE
0x00000071021FE0D4,_ZN15FrameworkConfig9Streaming4Grid6mSizeZE
0x00000071021FE0D8,_ZN15FrameworkConfig9Streaming4Grid9mRefAreaXE
0x00000071021FE0DC,_ZN15FrameworkConfig9Streaming4Grid9mRefAreaZE
0x00000071021FE0E0,_ZN15FrameworkConfig9Streaming4Grid14mHighLodRadiusE
0x00000071021FE0E4,_ZN15FrameworkConfig9Streaming4Grid13mMedLodRadiusE
0x00000071021FE0E8,_ZTV12TFixedStringILi16EE
0x00000071021FE108,_ZN13FrameworkDemo7m_StoryE
0x00000071021FE110,_ZN13FrameworkDemo10m_FreePlayE
0x00000071021FE118,_ZTV24LaunchDemoLevelEventData
0x00000071021FE140,_ZN13FrameworkDemo12m_LevelIndexE
0x00000071021FE144,_ZN20FrameworkEnvironment14frameTimeScaleE
0x00000071021FE148,_ZTV13FrameworkPads
0x00000071021FE210,_ZTV28StartPressedRequestEventData
0x00000071021FE238,_ZTV13FrameworkSave
0x00000071021FE268,_ZTV22FrameworkSaveEventData
0x00000071021FE290,_ZTV26SaveLoadPiggyBackEventData
0x00000071021FE2B8,_ZTV17SaveFileIndexData
0x00000071021FE2E0,_ZTV6CStackIiLi32EE
0x00000071021FE300,_ZTV12TFixedStringILi512EE
0x00000071021FE320,g_bDoUISafeZone
0x00000071021FE328,_ZTV13GameFramework
0x00000071021FE450,_ZTV19NuSceneResourceType
0x00000071021FE480,_ZTV19NUHGOBJResourceType
0x00000071021FE4B0,_ZTV16AnimResourceType
0x00000071021FE4E0,_ZTV15SFXResourceType
0x00000071021FE510,_ZTV19TextureResourceType
0x00000071021FE540,_ZTV17KeyframeSubHelper
0x00000071021FE6A0,_ZTV18ManagerProcessData
0x00000071021FE6C8,_ZTV17ManagerRenderData
0x00000071021FE6F0,_ZTV20BeamSplineKnotHelper
0x00000071021FE890,_ZTV13OverlaySystem
0x00000071021FE958,_ZTV29LevelContainerMemEventHandler
0x00000071021FE978,g_levelContainerMemEventHandler
0x00000071021FE980,_ZTV14LevelContainer
0x00000071021FE9B0,_ZTV20SystemLevelContainer
0x00000071021FE9E0,_ZTV20GlobalLevelContainer
0x00000071021FEA10,_ZTV18GameLevelContainer
0x00000071021FEA50,_ZTV17GUILevelContainer
0x00000071021FEA80,_ZTV21LevelContainerManager
0x00000071021FEAB0,_ZTV16ManagerEventData
0x00000071021FEAD8,ttbLocalisation_Languages
0x00000071021FEB08,_ZN21LevelStreamingManager13kDRCLevelNameE
0x00000071021FEB10,_ZTV21LevelStreamingManager
0x00000071021FED88,_ZTV14StreamingLevel
0x00000071021FEDA8,_ZTV23StreamingLevelEventData
0x00000071021FEE10,_ZTV26GameUnloadRequestEventData
0x00000071021FEE38,_ZTV26StreamingLevelConfigHelper
0x00000071021FEF98,_ZTV25EdRefStreamingLevelConfig
0x00000071021FF038,_ZTV24StreamingLevelAreaHelper
0x00000071021FF198,_ZN18StreamingLevelArea22mHighLODActivateRadiusE
0x00000071021FF1A0,_ZTV18StreamingLevelArea
0x00000071021FF388,_ZTV27StreamingLevelBoxAreaHelper
0x00000071021FF4E8,_ZTV21StreamingLevelBoxArea
0x00000071021FF6D0,_ZTV26StreamingLevelBoxAreaEdRef
0x00000071021FF770,_ZTV24StreamingLevelSplineArea
0x00000071021FF958,_ZTV30StreamingLevelSplineAreaHelper
0x00000071021FFAB8,_ZTV29StreamingLevelSplineAreaEdRef
0x00000071021FFB58,_ZTV34StreamingLevelAreaBoundLevelHelper
0x00000071021FFCB8,_ZTV15BoundLevelEdRef
0x00000071021FFD58,_ZTV25StreamingLevelAreaManager
0x00000071021FFE20,_ZN22BackgroundLevelManager7mActiveE
0x00000071021FFE28,_ZTV25ResourceDefinitionManager
0x00000071021FFEF0,_ZTV20ResDefLEDLoadVisitor
0x00000071021FFF30,_ZTV24ResourceDefinitionHelper
0x0000007102200090,_ZTV27ResourceDefinitionSetHelper
0x00000071022001F0,_ZTV26ResourceDefinitionSetEdRef
0x0000007102200290,_ZTV23ResourceDefinitionAsset
0x00000071022002D8,_ZTV29ResourceDefinitionAssetHelper
0x0000007102200438,_ZTV28ResourceDefinitionAssetEdRef
0x00000071022004D8,_ZTV21ResourceDefinitionGSC
0x0000007102200520,_ZTV27ResourceDefinitionGSCHelper
0x0000007102200680,_ZTV21ResourceDefinitionLED
0x00000071022006C8,_ZTV27ResourceDefinitionLEDHelper
0x0000007102200828,_ZTV15EdRefLEDSubFile
0x00000071022008C8,_ZTV32ResourceDefinitionStreamingLevel
0x0000007102200910,_ZTV38ResourceDefinitionStreamingLevelHelper
0x0000007102200A70,_ZTV25EdRefResDefStreamingLevel
0x0000007102200B10,_ZTV31ResourceDefinitionExternalLevel
0x0000007102200B58,_ZTV37ResourceDefinitionExternalLevelHelper
0x0000007102200CB8,_ZTV20SplashScreenSequence
0x0000007102200CE8,_ZTV17GameSplashScreens
0x0000007102200D50,_ZN16SplashScreenInfo7UnitVecE
0x0000007102200D60,_ZTV24FrameworkScreenGrabThing
0x0000007102200E28,_ZTV20AboutToGrabEventData
0x0000007102200E50,s_ScreenTagNames
0x00000071022010F0,_ZTV15FrameworkImpose
0x00000071022011B8,_ZTV26ImposeStateChangeEventData
0x00000071022011E0,_ZTV12ImposedState
0x0000007102201210,_ZTV25FrameworkImposePadChecker
0x0000007102201240,_ZTV9MenuFlow2
0x0000007102201308,_ZTV17MenuFlowEventData
0x0000007102201330,_ZTV19ImposedStateMessage
0x0000007102201360,_ZTV28FrameworkImposeMessageScreen
0x0000007102201388,_ZTV32GenericPageHandlerImplementation
0x00000071022013D8,_ZTV18GenericPageHandler
0x0000007102201418,_ZTV23AnimatingSaveIconScreen
0x0000007102201478,iconanimscalex
0x000000710220147C,iconanimscaley
0x0000007102201480,animspeed
0x0000007102201488,_ZTV21AutosaveWarningScreen
0x00000071022014C8,_ZTV10FadeScreen
0x0000007102201528,_ZTV21LedGuiFadingEventData
0x0000007102201550,_ZN20LanguageSelectScreen22m_LastSelectedLanguageE
0x0000007102201558,_ZTV20LanguageSelectScreen
0x0000007102201598,_ZTV23LanguageChosenEventData
0x00000071022015C0,_ZTV17LevelSelectScreen
0x0000007102201600,_ZTV20LevelSelectEventData
0x0000007102201628,_ZN14MainMenuScreen16m_DemoTimeoutMaxE
0x0000007102201630,_ZTV14MainMenuScreen
0x00000071022016A8,_ZTV13OptionsScreen
0x0000007102201720,_ZTV16OptionsEventData
0x0000007102201748,_ZTV16PressStartScreen
0x0000007102201788,_ZTV13PromptsScreen
0x00000071022017B0,_ZTV15SaveSlotsScreen
0x0000007102201828,_ZTV19StoryFreeplayScreen
0x0000007102201868,_ZTV13TrailerScreen
0x00000071022018A8,_ZTV20ViewTrailerEventData
0x00000071022018D0,_ZTV18ChooseDeviceScreen
0x0000007102201968,_ZTV17ConfirmSlotScreen
0x00000071022019B8,_ZTV32ConfirmSlotReallyOverwriteScreen
0x0000007102201A08,_ZTV27ContinueWithoutSavingScreen
0x0000007102201A58,_ZTV23ControllerMappingScreen
0x0000007102201AF0,_ZTV16CreateDataScreen
0x0000007102201B40,_ZTV16DemoSplashScreen
0x0000007102201BD8,_ZTV19DeviceChangedScreen
0x0000007102201C28,_ZTV20EnumerateSlotsScreen
0x0000007102201CC0,HOLD_ON_100_PCT
0x0000007102201CC8,_ZTV25ExternalSaveUtilityScreen
0x0000007102201D60,_ZN24MissingRequirementScreen15m_CurrentReasonE
0x0000007102201D68,_ZTV24MissingRequirementScreen
0x0000007102201E00,_ZTV16NeedDeviceScreen
0x0000007102201E50,_ZTV16NeedSignInScreen
0x0000007102201EA0,_ZTV13NoSavesScreen
0x0000007102201EF0,_ZN27PreStartupSaveWarningScreen7m_StateE
0x0000007102201EF8,_ZTV27PreStartupSaveWarningScreen
0x0000007102201F48,_ZTV19QuitToDesktopScreen
0x0000007102201FE0,s_DEBUG_CORRUPT_LOAD_PS3
0x0000007102201FF8,_ZTV15RetrySaveScreen
0x0000007102202048,SERIALISING_RESULT_TIMEOUT
0x0000007102202050,_ZTV23SerialisingResultScreen
0x00000071022020E8,_ZTV17SerialisingScreen
0x0000007102202138,_ZTV18ShowControlsScreen
0x00000071022021D0,_ZTV12SignInScreen
0x0000007102202268,_ZTV19SubtitlesInfoScreen
0x00000071022022B8,_ZTV18SubtitlesEventData
0x00000071022022E0,_ZTV24SubtitlesSelectionScreen
0x0000007102202330,_ZTV12SplashScreen
0x0000007102202390,_ZTV8FadeBase
0x00000071022023E0,_ZTV29FrameworkPlayerProfileManager
0x00000071022024A8,_ZTV14FrameworkThing
0x0000007102202570,_ZTV16FlowPageHandler2
0x00000071022025B0,_ZTV9CfgLoader
0x0000007102202618,cfgtab_main
0x0000007102202648,_ZTV7CfgPoll
0x0000007102202660,_ZTV12CommonString
0x0000007102202680,_ZTV13DynamicString
0x00000071022026A0,_ZTV11FixedString
0x00000071022026C0,_ZTV12TFixedStringILi64EE
0x00000071022026E0,_ZTV12ResourceInfo
0x0000007102202708,_ZTV8Resource
0x0000007102202798,_ZTV16FileResourceInfo
0x00000071022027C0,_ZTV12FileResource
0x0000007102202850,_ZTV22SubPakFileResourceInfo
0x0000007102202878,_ZTV18SubPakFileResource
0x0000007102202908,_ZTV20DynoBlockFileRequest
0x0000007102202960,_ZTV19NuSceneResourceInfo
0x0000007102202988,_ZTV15NuSceneResource
0x0000007102202A18,_ZTV19NUHGOBJResourceInfo
0x0000007102202A40,_ZTV15NUHGOBJResource
0x0000007102202AD0,_ZN22AnimDecompressionCache13animTypeNamesE
0x0000007102202AF8,_ZTV16AnimResourceInfo
0x0000007102202B20,_ZTV12AnimResource
0x0000007102202BB0,_ZTV15SFXResourceInfo
0x0000007102202BD8,_ZTV11SFXResource
0x0000007102202C68,_ZTV19TextureResourceInfo
0x0000007102202C90,_ZTV15TextureResource
0x0000007102202D20,_ZTV12ResourceType
0x0000007102202D50,_ZN14ResourceLoader22mAllowProcessFilteringE
0x0000007102202D54,_ZN14ResourceLoader16mProcessFilterIdE
0x0000007102202D5C,_ZN15ClipLineManager12k_fLineScaleE
0x0000007102202D60,_ZN15ClipLineManager35k_fCliplineWidthAbsoluteScreenUnitsE
0x0000007102202D64,_ZN17ClipLineStateWipe12k_fWipeSpeedE
0x0000007102202D68,_ZTV17ClipLineStateWipe
0x0000007102202DA0,_ZTV19ClipLineStateStatic
0x0000007102202DD8,_ZTV20ClipLineStateShiftIn
0x0000007102202E10,_ZTV21ClipLineStateShiftOut
0x0000007102202E48,_ZN19cNewSplitScreenInfo9OrbParams13kOrbFlashTypeE
0x0000007102202E4C,_ZN19cNewSplitScreenInfo9OrbParams15kOrbFlashValMaxE
0x0000007102202E50,_ZN19cNewSplitScreenInfo9OrbParams15kOrbFlashValMinE
0x0000007102202E58,_ZN19cNewSplitScreenInfo17ORBSTATE_INACTIVEE
0x0000007102202E60,_ZN19cNewSplitScreenInfo41ORBSTATE_MAINSEGMENTCONTRACTINGTOCOMPLETEE
0x0000007102202E68,_ZN19cNewSplitScreenInfo45ORBSTATE_MAINSEGMENTCONTRACTINGTODYNAMICSPLITE
0x0000007102202E70,_ZN19cNewSplitScreenInfo39ORBSTATE_MAINSEGMENTEXPANDINGTOCOMPLETEE
0x0000007102202E78,_ZN19cNewSplitScreenInfo33ORBSTATE_MAINSEGMENTFORCECOMPLETEE
0x0000007102202E80,_ZN19cNewSplitScreenInfo32ORBSTATE_EXPANDINGTODYNAMICSPLITE
0x0000007102202E88,_ZN19cNewSplitScreenInfo43ORBSTATE_DYNAMICSPLITEXPANDINGTOMAINSEGMENTE
0x0000007102202E90,_ZN19cNewSplitScreenInfo33ORBSTATE_ORBEXPANDINGTOFULLSCREENE
0x0000007102202E98,_ZN19cNewSplitScreenInfo35ORBSTATE_FULLSCREENCONTRACTINGTOORBE
0x0000007102202EA0,_ZN19cNewSplitScreenInfo28ORBSTATE_FIXEDPANELORBSTATICE
0x0000007102202EB0,_ZN19cNewSplitScreenInfo31ORBSTATE_FIXEDPANELORBEXPANDINGE
0x0000007102202EC0,_ZN19cNewSplitScreenInfo31ORBSTATE_FIXEDPANELORBSHRINKINGE
0x0000007102202ED0,_ZN19cNewSplitScreenInfo46ORBSTATE_FIXEDPANELORBEXPANDINGTOVERTICALSPLITE
0x0000007102202EE0,_ZN19cNewSplitScreenInfo39ORBSTATE_FIXEDPANELORBSHRINKINGTOSTATICE
0x0000007102202EF0,_ZN33OrbStateOrbToFullScreenTransition25k_transitionSlowingFactorE
0x0000007102202EF4,_ZN19cNewSplitScreenInfo9OrbParams15kCompleteOrbFOVE
0x0000007102202EF8,_ZN19cNewSplitScreenInfo9OrbParams19kTargetCircleRadiusE
0x0000007102202EFC,_ZN19cNewSplitScreenInfo21m_kOrbTransitionSpeedE
0x0000007102202F00,_ZN19cNewSplitScreenInfo29kOrbCliplineScreenSpaceMarginE
0x0000007102202F04,_ZN19cNewSplitScreenInfo32s_audioListenerMinOrbSensitivityE
0x0000007102202F08,g_renderOrbInFinalScreenSpace
0x0000007102202F10,_ZTV19cNewSplitScreenInfo
0x0000007102202F30,_ZTV22RCNuEffectTex2DWrapper
0x0000007102202F50,g_bJDW_useOrbToDynamicSplitTransition
0x0000007102202F54,_ZN35DynamicCoopSubmodeStateAbstractBase21k_fTransitionDurationE
0x0000007102202F58,_ZN22cNewSplitScreenManager15k_iDRCPipeIndexE
0x0000007102202F5C,_ZN22cNewSplitScreenManager33kOffsetInsetPercentageOfFreeSpaceE
0x0000007102202F60,_ZN22cNewSplitScreenManager18kOffsetSplitHeightE
0x0000007102202F68,_ZTV34DynamicCoopSubmodeForcedHorizontal
0x0000007102202FB8,_ZN22cNewSplitScreenManager25DCSTATE_FORCED_HORIZONTALE
0x0000007102202FC0,_ZTV32DynamicCoopSubmodeForcedVertical
0x0000007102203010,_ZN22cNewSplitScreenManager23DCSTATE_FORCED_VERTICALE
0x0000007102203018,_ZTV49DynamicCoopSubmodeOrientByProjectedScreenPosition
0x0000007102203068,_ZN22cNewSplitScreenManager28DCSTATE_PROJECTED_SCREEN_POSE
0x0000007102203070,_ZTV35DynamicCoopSubmodeBlendToHorizontal
0x00000071022030C0,_ZN22cNewSplitScreenManager27DCSTATE_BLEND_TO_HORIZONTALE
0x00000071022030C8,_ZTV41DynamicCoopSubmodeBlendToForcedHorizontal
0x0000007102203118,_ZN22cNewSplitScreenManager34DCSTATE_BLEND_TO_FORCED_HORIZONTALE
0x0000007102203120,_ZTV39DynamicCoopSubmodeBlendToForcedVertical
0x0000007102203170,_ZN22cNewSplitScreenManager32DCSTATE_BLEND_TO_FORCED_VERTICALE
0x0000007102203178,_ZTV39CutsceneDualCameraManagerBasicWipeState
0x00000071022031B0,_ZN21CutsceneCameraManager19STATE_WIPEFROMRIGHTE
0x00000071022031B8,_ZTV52CutsceneDualCameraManagerSlideInToVerticalSplitState
0x00000071022031F0,_ZN21CutsceneCameraManager28STATE_SLIDEINTOVERTICALSPLITE
0x00000071022031F8,_ZTV22cNewSplitScreenManager
0x00000071022032C0,_ZN22cNewSplitScreenManager28kClipLineAlphaTransitionTimeE
0x00000071022032C4,_ZN22cNewSplitScreenManager22kClipLineBlendOffScaleE
0x00000071022032C8,_ZN22cNewSplitScreenManager35kSnapBlendOnDropInAndTargetBlendIs1E
0x00000071022032CC,_ZN22cNewSplitScreenManager20m_kDebugCamConeScaleE
0x00000071022032D0,_ZN22cNewSplitScreenManager22m_kDebugCamSphereScaleE
0x00000071022032D8,_ZTV27DynamicSplitScreenLevelView
0x0000007102203310,_ZTV12DRCLevelView
0x0000007102203340,_ZTV35DynamicCoopSubmodeStateAbstractBase
0x0000007102203390,_ZTV12FrozenCamera
0x0000007102203420,_ZTV9LevelView
0x0000007102203450,_ZTV13LevelViewFade
0x0000007102203498,_ZTV17LevelViewFadeDown
0x00000071022034E0,_ZTV15LevelViewFadeUp
0x0000007102203528,_ZTV28LevelViewStillScreenFadeDown
0x0000007102203570,_ZTV26LevelViewStillScreenFadeUp
0x00000071022035B8,_ZN33OrbStateOrbToFullScreenTransition26k_fTransitionSpeedModifierE
0x00000071022035BC,_ZN26OrbStateFixedPanelPosition16k_fSlowingFactorE
0x00000071022035C0,_ZTV16OrbStateInactive
0x0000007102203668,_ZTV32OrbStateMainSegmentForceComplete
0x0000007102203710,_ZTV31OrbStateExpandingToDynamicSplit
0x00000071022037B8,_ZTV42OrbStateDynamicSplitExpandingToMainSegment
0x0000007102203860,_ZTV44OrbStateMainSegmentContractingToDynamicSplit
0x0000007102203908,_ZTV40OrbStateMainSegmentContractingToComplete
0x00000071022039B0,_ZTV38OrbStateMainSegmentExpandingToComplete
0x0000007102203A58,_ZTV8OrbState
0x0000007102203B00,_ZTV32OrbStateOrbExpandingToFullScreen
0x0000007102203BA8,_ZTV34OrbStateFullScreenContractingToOrb
0x0000007102203C50,_ZTV33OrbStateOrbToFullScreenTransition
0x0000007102203CF8,_ZTV32OrbStateFixedPanelPositionStatic
0x0000007102203DA0,_ZTV35OrbStateFixedPanelPositionExpanding
0x0000007102203E48,_ZTV35OrbStateFixedPanelPositionShrinking
0x0000007102203EF0,_ZTV26OrbStateFixedPanelPosition
0x0000007102203F98,_ZTV50OrbStateFixedPanelPositionExpandingToVerticalSplit
0x0000007102204040,_ZTV43OrbStateFixedPanelPositionShrinkingToStatic
0x00000071022040E8,_ZTV16SplitScreenState
0x00000071022041E0,_ZTV27SplitScreenDynamicCoopState
0x00000071022042D8,_ZTV28SplitScreenSingleCameraState
0x00000071022043D0,_ZTV43SplitScreenCutsceneDualCameraCrossFadeState
0x00000071022044C8,_ZTV34SplitScreenCutsceneDualCameraState
0x00000071022045C0,_ZTV34SplitScreenForceVerticalSplitState
0x00000071022046B8,_ZTV36SplitScreenForceHorizontalSplitState
0x00000071022047B0,_ZTV29SplitScreenOrbFixedPanelState
0x00000071022048A8,g_orbAngleColour
0x00000071022048AC,g_orbAngleWidth
0x00000071022048B0,_ZTV17SAction_RandomInt
0x00000071022048F0,_ZTV19SAction_RandomFloat
0x0000007102204930,_ZTV17SAction_Reference
0x0000007102204970,_ZTV23SAction_GotoRandomState
0x00000071022049B0,_ZTV25SAction_IsReferenceScript
0x00000071022049F0,_ZTV21SAction_RegisterEvent
0x0000007102204A30,_ZN13ScriptLibrary12m_ScriptHelpE
0x0000007102204A31,FatalError
0x0000007102204A34,xFileId
0x0000007102204A38,_ZTVN12ScriptParser9TypeStackE
0x0000007102204A58,_ZTV6CStackI4SVarLi255EE
0x0000007102204A78,_ZTV7SCmdAnd
0x0000007102204AC0,_ZTV6SCmdOr
0x0000007102204B08,_ZTV7SCmdAdd
0x0000007102204B50,_ZTV7SCmdSub
0x0000007102204B98,_ZTV7SCmdMul
0x0000007102204BE0,_ZTV7SCmdDiv
0x0000007102204C28,_ZTV12SCmdLessThan
0x0000007102204C78,_ZTV17SCmdLessThanEqual
0x0000007102204CC8,_ZTV15SCmdGreaterThan
0x0000007102204D18,_ZTV20SCmdGreaterThanEqual
0x0000007102204D68,_ZTV13ScriptProgram
0x0000007102204D90,_ZTV11ScriptScope
0x0000007102204DB8,_ZTV12ScriptState2
0x0000007102204DE0,_ZTV13ScriptContext
0x0000007102204E18,_ZTV11ScriptEvent
0x0000007102204E48,_ZTV13ScriptManager
0x0000007102204F10,_ZTV16ScriptFileLoader
0x0000007102204F68,_ZTV14ScriptVariable
0x0000007102204FC0,_ZTV18SAction_TextToHash
0x0000007102205000,_ZTV20SAction_NumberToText
0x0000007102205040,_ZTV8SVarArea
0x00000071022050D8,_ZTV12SAction_Area
0x0000007102205118,_ZTV22SAction_AreaToPosition
0x0000007102205158,_ZTV17SAction_Text2Area
0x0000007102205198,_ZTV18SAction_InsideArea
0x00000071022051D8,_ZTV17SAction_Area2Text
0x0000007102205218,_ZTV21DynamicScriptVariableI12AIConvexAreaE
0x00000071022052B0,_ZTV9SVarLevel
0x0000007102205308,_ZTV23SAction_Text2WorldLevel
0x0000007102205348,_ZTV23SAction_WorldLevel2Text
0x0000007102205388,_ZTV27SAction_WorldLevel_IsLoaded
0x00000071022053C8,_ZTV32SAction_WorldLevel_IsFullyLoaded
0x0000007102205408,_ZTV28SAction_WorldLevel_ForceLoad
0x0000007102205448,_ZTV25SAction_WorldLevel_Enable
0x0000007102205488,_ZTV10SVarScript
0x00000071022054E0,_ZTV8SVarText
0x0000007102205538,_ZTV9SVarTimer
0x0000007102205590,_ZTV16SAction_SetTimer
0x00000071022055D0,_ZTV19SAction_Float2Timer
0x0000007102205610,_ZTV18SAction_Timer2Text
0x0000007102205650,_ZTV18SAction_ResetTimer
0x0000007102205690,_ZTV7SVarPos
0x00000071022056E8,_ZTV16SAction_Distance
0x0000007102205728,_ZTV18SAction_DistanceXZ
0x0000007102205768,_ZTV23PositionAction_Distance
0x00000071022057A8,_ZTV25PositionAction_DistanceXZ
0x00000071022057E8,_ZTV27SAction_PositionConstructor
0x0000007102205828,_ZTV19PositionAction_GetX
0x0000007102205868,_ZTV19PositionAction_GetY
0x00000071022058A8,_ZTV19PositionAction_GetZ
0x00000071022058E8,_ZTVN17ScriptArrayObject14SharedInstanceE
0x0000007102205908,_ZTV9SVarArray
0x0000007102205960,_ZTV27SAction_Array_NumberToArray
0x00000071022059A0,_ZTV18SAction_Array_Size
0x00000071022059E0,_ZTV20SAction_Array_Create
0x0000007102205A20,_ZTV17SAction_Array_Add
0x0000007102205A60,_ZTV19SAction_Array_Clear
0x0000007102205AA0,_ZTV20SAction_Array_Remove
0x0000007102205AE0,_ZTV17SAction_Array_Get
0x0000007102205B20,_ZTV17SAction_Array_Set
0x0000007102205B60,_ZTV24SAction_Array_CreateCopy
0x0000007102205BA0,yylineno
0x0000007102205BA8,_ZTV17SAction_GotoState
0x0000007102205BE8,_ZTV17SCmdParameterName
0x0000007102205C30,_ZTV10SCmdAction
0x0000007102205C78,_ZTV10SCmdAssign
0x0000007102205CC0,_ZTV14SCmdBeginState
0x0000007102205D08,_ZTV8SCmdCall
0x0000007102205D50,_ZTV15SCmdConstructor
0x0000007102205D98,_ZTV12SCmdPrintCtx
0x0000007102205DE0,_ZTV9SCmdPrint
0x0000007102205E28,_ZTV7SCmdEnd
0x0000007102205E70,_ZTV14SCmdEqualityOp
0x0000007102205EC0,_ZTV9SCmdEqual
0x0000007102205F08,_ZTV12SCmdNotEqual
0x0000007102205F50,_ZTV8SCmdGoto
0x0000007102205F98,_ZTV8SCmdHold
0x0000007102205FE0,_ZTV6SCmdIf
0x0000007102206028,_ZTV15SCmdLiteralBool
0x0000007102206070,_ZTV16SCmdLiteralFloat
0x00000071022060B8,_ZTV15SCmdLiteralText
0x0000007102206100,_ZTV15SCmdLiteralHash
0x0000007102206148,_ZTV10SCmdNegate
0x0000007102206190,_ZTV7SCmdNot
0x00000071022061D8,_ZTV10SCmdReturn
0x0000007102206220,_ZTV8SCmdStop
0x0000007102206268,_ZTV11SCmdAddText
0x00000071022062B0,_ZTV12SCmdVariable
0x00000071022062F8,_ZTV9SCmdWhile
0x0000007102206340,_ZTV9SCmdYield
0x0000007102206388,_ZTV13ScriptCommand
0x00000071022063D0,_ZTV14ScriptFragment
0x00000071022063F8,_ZTV14ScriptFunction
0x0000007102206420,_ZN17MechAbilityHandle19CANUSEONEDCLASS_ANYE
0x0000007102206428,_ZN17MechAbilityHandle20CANUSEONEDCLASS_NONEE
0x0000007102206430,_ZTV19MechAbilityInstance
0x0000007102206450,_ZTV13MechAbilities
0x0000007102206598,_ZTV13MechEventType
0x00000071022065B0,_ZTV45MechAbilitiesToAddAndSuppressFlagsAndListPtrs
0x00000071022065E8,_ZTVN9NuMechPtrI19MechAbilityInstanceLi8EE11ManagedBaseE
0x0000007102206608,_ZTV13MechCharacter
0x0000007102206A28,_ZTVN14MechRidingData15RidingEventDataE
0x0000007102206A50,_ZTV19MechObjectEventData
0x0000007102206A88,_ZTV26AllowPhysicsYSmoothingArgs
0x0000007102206AD0,_ZTVN9NuMechPtrI13MechCharacterLi8EE11ManagedBaseE
0x0000007102206AF0,_ZTV26MechCharacterBaseInterface
0x0000007102206F18,_ZTV27MechCharacterBaseHealthInfo
0x0000007102206FF0,_ZTV25MechCharacterDynoListener
0x00000071022070A0,_ZTV32MechCharacterNoCollisionListener
0x0000007102207150,_ZTV39MechCharacterNoVehicleCollisionListener
0x0000007102207200,_ZTV42MechCharacterNoEnityLayerCollisionListener
0x00000071022072B0,_ZTV38MechCharacterNoEntityCollisionListener
0x0000007102207360,_ZTV44MechCharacterNoCollisionWithinSphereListener
0x0000007102207410,_ZTV38MechCharacterDynoListenerDisjointAddOn
0x0000007102207680,_ZTV34MechCharacterDynoListenerEventData
0x00000071022076A8,_ZN19MechCharacterHelper13s_edClassNameE
0x00000071022076B0,_ZTV19MechCharacterHelper
0x0000007102207810,_ZTV25MechCharacterParamsHelper
0x0000007102207970,MECHPAD_JUMP
0x0000007102207974,MECHPAD_ACTION
0x0000007102207978,MECHPAD_SPECIAL
0x000000710220797C,MECHPAD_DUP
0x0000007102207980,MECHPAD_DDOWN
0x0000007102207984,MECHPAD_DLEFT
0x0000007102207988,MECHPAD_DRIGHT
0x000000710220798C,MECHPAD_LIFT
0x0000007102207990,_ZTV11MechCharPad
0x00000071022079B0,_ZN14MechCharacters32s_playersAsMechCharactersEnabledE
0x00000071022079B1,_ZN14MechCharacters10s_mechNPCsE
0x00000071022079B2,_ZN14MechCharacters17s_mechPedestriansE
0x00000071022079B8,_ZTV14MechCharacters
0x0000007102207B08,g_debug_SurfaceRender
0x0000007102207B0C,g_debug_LayerTypeRender
0x0000007102207B10,_ZTVN14MechCharacters31EventChangedPartyMembershipDataE
0x0000007102207B38,_ZTV11MechContext
0x0000007102207BE0,_ZTV17MechContextSystem
0x0000007102207D38,_ZTV14DefaultContext
0x0000007102207DE0,_ZTV14MechRidingData
0x00000071022080C8,_ZN15BackFlipContext11s_contextIdE
0x00000071022080D0,_ZTV15BackFlipContext
0x0000007102208190,_ZN14DefaultContext11s_contextIdE
0x0000007102208194,_ZN13DoomedContext11s_contextIdE
0x0000007102208198,_ZTV13DoomedContext
0x0000007102208240,_ZN12DeathContext11s_contextIdE
0x0000007102208248,_ZTV12DeathContext
0x00000071022082F0,_ZN11JumpContext11s_contextIdE
0x00000071022082F4,_ZN11JumpContext16s_highJumpHeightE
0x00000071022082F8,_ZN11JumpContext18s_combatJumpHeightE
0x00000071022082FC,_ZN11JumpContext12s_lungeSpeedE
0x0000007102208300,_ZN11JumpContext14s_lungeGravityE
0x0000007102208308,_ZTV11JumpContext
0x00000071022083C8,_ZN13JumpInContext11s_contextIdE
0x00000071022083D0,_ZTV13JumpInContext
0x0000007102208478,_ZTV18ContextWrapperTask
0x00000071022084D0,_ZN11LandContext19s_landJumpContextIdE
0x00000071022084D4,_ZN11LandContext19s_landSlamContextIdE
0x00000071022084D8,_ZN11LandContext25s_landCombatRollContextIdE
0x00000071022084DC,_ZN15LandSlamContext14s_debrisRadiusE
0x00000071022084E0,_ZN15LandSlamContext12s_debrisTimeE
0x00000071022084E4,_ZN15LandSlamContext11s_decalSizeE
0x00000071022084E8,_ZN15LandSlamContext21s_decalScaleVariationE
0x00000071022084F0,_ZTV11LandContext
0x00000071022085D0,_ZTV15LandJumpContext
0x00000071022086B0,_ZTV21LandCombatRollContext
0x0000007102208790,_ZTV15LandSlamContext
0x0000007102208870,_ZN11FallContext11s_contextIdE
0x0000007102208878,_ZTV11FallContext
0x0000007102208920,_ZN15SwimmingContext11s_contextIdE
0x0000007102208924,_ZN15SwimmingContext14s_jumpOutSpeedE
0x0000007102208928,_ZN15SwimmingContext8s_xzSeekE
0x0000007102208930,_ZTV15SwimmingContext
0x00000071022089D8,_ZN15DrowningContext11s_contextIdE
0x00000071022089DC,_ZN15DrowningContext20s_DeepWaterDrownTimeE
0x00000071022089E0,_ZN15DrowningContext15DrowningAllowedE
0x00000071022089E8,_ZTV15DrowningContext
0x0000007102208A90,_ZN14BigJumpContext18s_bigJumpContextIdE
0x0000007102208A98,_ZTV14BigJumpContext
0x0000007102208B58,_ZN23MechWallJumpWaitContext11s_contextIdE
0x0000007102208B60,_ZTV23MechWallJumpWaitContext
0x0000007102208C08,_ZN12SlideContext11s_contextIdE
0x0000007102208C10,_ZTV12SlideContext
0x0000007102208CB8,_ZN14FlattenContext11s_contextIdE
0x0000007102208CC0,_ZTV14FlattenContext
0x0000007102208D68,_ZN13LegacyContext11s_contextIdE
0x0000007102208D70,_ZTV13LegacyContext
0x0000007102208E20,_ZN12GlideContext11s_contextIdE
0x0000007102208E24,_ZN12GlideContext14s_minGlideTimeE
0x0000007102208E28,_ZN12GlideContext19s_glideHoldWaitTimeE
0x0000007102208E2C,_ZN12GlideContext21s_glideBankingTurnMulE
0x0000007102208E30,_ZTV12GlideContext
0x0000007102208ED8,_ZN12ClimbContext11s_contextIdE
0x0000007102208EE0,_ZTV12ClimbContext
0x0000007102208F88,_ZN16PoleClimbContext11s_contextIdE
0x0000007102208F90,_ZTV16PoleClimbContext
0x0000007102209038,_ZTV22BlockContextTimerAddOn
0x0000007102209308,_ZN16AnimBlendContext11s_contextIdE
0x0000007102209310,_ZTV16AnimBlendContext
0x00000071022093E8,_ZTV22LegoContextHandlerBaseI16AnimBlendContextE
0x00000071022094C0,_ZN24AIScriptAnimationContext11s_contextIdE
0x00000071022094C8,_ZTV24AIScriptAnimationContext
0x0000007102209570,_ZN19RunBackwardsContext11s_contextIdE
0x0000007102209578,_ZTV19RunBackwardsContext
0x0000007102209620,_ZN16GrindRailContext11s_contextIdE
0x0000007102209628,_ZTV16GrindRailContext
0x00000071022096D0,_ZTV22GrindRailDismountAddOn
0x0000007102209940,_ZN15ActionOverrides18s_defaultOverridesE
0x00000071022099D0,_ZTV23ActionOverrideEventArgs
0x00000071022099F8,_ZTV12MechKrawlies
0x0000007102209BB8,_ZTV18MechKrawliesHelper
0x0000007102209D38,_ZTV32MechKrawlieSimpleHookPlayerClose
0x0000007102209D50,_ZN11MechKrawlie14s_nextUniqueIdE
0x0000007102209D58,_ZTV30MechKrawlieSimpleHookOnDestroy
0x0000007102209D70,_ZTV38MechKrawlieSimpleHookSectorNodeRemoved
0x0000007102209D88,_ZTV37MechKrawlieSimpleHookCollidedWithEdge
0x0000007102209DA0,_ZTV26MechKrawlieObjectInterface
0x000000710220A1B0,_ZTV30MechKrawlieSimpleHookCollision
0x000000710220A1C8,_ZTV43MechKrawlieSimpleHookTransformIntoCharacter
0x000000710220A1E0,_ZTV16MechKrawlieGroup
0x000000710220A440,_ZTV22MechKrawlieGroupHelper
0x000000710220A5A0,_ZTVN26MechKrawlieTypeDefinitions11KrawlieTypeE
0x000000710220A5D0,_ZTVN26MechKrawlieTypeDefinitions12KrawlieGroupE
0x000000710220A600,_ZTV26MechKrawlieTypeDefinitions
0x000000710220A740,SfxNameKeywords
0x000000710220A778,_ZN26MechKrawlieTypeDefinitions24s_krawlieTypeDefKeywordsE
0x000000710220A8C8,_ZTV24MechKrawliePackInterface
0x000000710220ACD0,_ZTV25MechKrawlieControllerBase
0x000000710220AFA0,_ZN30MechKrawlieSplatterGridHeights10s_maxGridZE
0x000000710220AFA4,_ZN30MechKrawlieSplatterGridHeights19s_displaySegmentIdsE
0x000000710220AFA8,_ZN30MechKrawlieSplatterGridHeights18s_debugDrawYOffsetE
0x000000710220AFAC,_ZN30MechKrawlieSplatterGridHeights11s_versionIdE
0x000000710220AFB0,_ZTV30MechKrawlieSplatterGridHeights
0x000000710220B210,_ZTV25SplatterGridHeightsHelper
0x000000710220B370,_ZTV24EdRefSplatterGridHeights
0x000000710220B410,_ZTV9EdNuArrayIhtE
0x000000710220B470,_ZTV9EdNuArrayIttE
0x000000710220B4D0,_ZTV9EdNuArrayIctE
0x000000710220B530,_ZTV9EdNuArrayIftE
0x000000710220B590,_ZTV9EdNuArrayI5VuVectE
0x000000710220B5F0,_ZTV16EdHeightArrayRefIhE
0x000000710220B690,_ZTV12EdFixedArrayIhLj1EtE
0x000000710220B6F0,_ZTV10EdArrayRefIhE
0x000000710220B790,_ZTV10EdArrayRefIcE
0x000000710220B830,_ZTV10EdArrayRefI5VuVecE
0x000000710220B8D0,_ZTV12EdFixedArrayI5VuVecLj1EtE
0x000000710220B930,_ZTV10EdArrayRefIfE
0x000000710220B9D0,_ZTV12EdFixedArrayIfLj1EtE
0x000000710220BA30,_ZTV10EdArrayRefItE
0x000000710220BAD0,_ZTV12EdFixedArrayItLj1EtE
0x000000710220BB30,_ZN18MechKrawlieManager24s_enableKrawliesGloballyE
0x000000710220BB38,_ZTV18MechKrawlieManager
0x000000710220BC50,g_renderKrawlieInfoGridSize
0x000000710220BC58,_ZTV29MechKrawlieSimpleHookOnCreate
0x000000710220BC70,_ZTV28MechKrawlieSimpleHookFlatten
0x000000710220BC88,_ZTV43MechKrawlieSimpleHookStationaryVehicleClose
0x000000710220BCA0,_ZTV15MechKrawlieZone
0x000000710220BF00,g_lsvLightingOffY
0x000000710220BF08,_ZTV21MechKrawlieZoneHelper
0x000000710220C098,_ZTV16EdKrawlieGridRef
0x000000710220C138,_ZTV36NuClass_MechKrawlieZoneFixedCylinder
0x000000710220C1D0,_ZTV25NuClass_NuMechKrawlieZone
0x000000710220C268,_ZTV17MechKrawlieAddons
0x000000710220C3A8,_ZTV10ClassTableI16MechKrawlieAddonE
0x000000710220C3C8,_ZN21MechKrawlieAnimations17s_animActionRemapE
0x000000710220CE28,_ZTV31MechKrawlieAnimTrigger_ViaAddonI22CharAnimTriggerVFXData19MechKrawlieVFXAddonE
0x000000710220CE68,_ZTV31MechKrawlieAnimTrigger_ViaAddonI22CharAnimTriggerPTLData31MechKrawlieParticleEmitterAddonE
0x000000710220CEA8,_ZTV31MechKrawlieAnimTrigger_Footstep
0x000000710220CEE8,_ZTV26MechKrawlieAnimTrigger_SFX
0x000000710220CF28,_ZTV22MechKrawlieContextNone
0x000000710220CF90,_ZTV37MechKrawlieContextMiniFigAiNodeWander
0x000000710220CFF8,_ZTV33MechKrawlieSimpleHookOverrideAnim
0x000000710220D010,_ZTV37MechKrawlieContextMiniFigRandomWander
0x000000710220D078,_ZTV47MechKrawlieContextMiniFigRandomWanderTurnAround
0x000000710220D0E0,_ZTV38MechKrawlieSimpleHookOverrideTargetPos
0x000000710220D0F8,_ZTV26MechKrawliePlayAnimContext
0x000000710220D160,_ZTV30MechKrawlieMiniFigContextDeath
0x000000710220D1C8,_ZTV32MechKrawlieMiniFigContextTakeHit
0x000000710220D230,_ZTV34MechKrawlieMiniFigContextThrowItem
0x000000710220D298,_ZTV29MechKrawlieMiniFigContextJump
0x000000710220D300,_ZTV32MechKrawlieMiniFigContextFlatten
0x000000710220D368,_ZTV35MechKrawlieMiniFigContextGotoTarget
0x000000710220D3D0,_ZTV28MechKrawlieControllerAnimals
0x000000710220D6A0,_ZTV26MechKrawlieControllerBirds
0x000000710220D970,_ZTV25MechKrawlieControllerFish
0x000000710220DC40,_ZTV27MechKrawlieGangerController
0x000000710220DF10,_ZTV24MechKrawlieContextGanger
0x000000710220DF78,_ZTV37MechKrawlieSimpleHookGangerLinkRemove
0x000000710220DF90,_ZTV31MechKrawlieSimpleHookGangerInit
0x000000710220DFA8,_ZTV27MechKrawlieRidingController
0x000000710220E278,_ZTV24MechKrawlieRidingContext
0x000000710220E2E0,MechRidingDataVehicleKrawlieString
0x000000710220E2E8,_ZTV28MechRidingDataVehicleKrawlie
0x000000710220E5D8,_ZTV31MechKrawlieStationaryController
0x000000710220E8A8,_ZTV27MechKrawlieWanderController
0x000000710220EB78,_ZTV26MechKrawlieAlphaBlendAddon
0x000000710220EBD0,_ZTV24MechKrawlieAttachToAddon
0x000000710220EC28,_ZTV25MechKrawlieAvoidanceAddon
0x000000710220EC80,_ZTV28MechKrawlieKrawlieRiderAddon
0x000000710220ECD8,_ZTV31MechKrawlieParticleEmitterAddon
0x000000710220ED30,_ZTV19MechKrawlieSFXAddon
0x000000710220ED88,_ZTV19MechKrawlieVFXAddon
0x000000710220EDE0,_ZTV12MechVehicles
0x000000710220EF98,_ZTV25MechObjectKilledEventData
0x000000710220EFD0,_ZTV32OverrideVehicleDeletionEventData
0x000000710220F008,_ZTV16VehicleEventData
0x000000710220F030,_ZTV29PartyVehicleRestoredEventData
0x000000710220F058,MechRidingDataVehicleString
0x000000710220F060,_ZTV21MechRidingDataVehicle
0x000000710220F368,_ZTV11MechVehicle
0x000000710220F518,_ZTV21MechVehicleHealthInfo
0x000000710220F5A8,_ZTV28MechVehicleCollisionListener
0x000000710220F658,_ZTV14MechEventTypeTI32OverrideVehicleDeletionEventDataE
0x000000710220F670,_ZTVN9NuMechPtrI11MechVehicleLi8EE11ManagedBaseE
0x000000710220F690,_ZTV20MechVehicleInterface
0x000000710220FAA8,SteeringAssistantAddOnString
0x000000710220FAB0,_ZTV22SteeringAssistantAddOn
0x000000710220FD20,_ZTV12LinearSpline
0x000000710220FDA8,_ZTV10SplineBaseI16LinearSplineKnotE
0x000000710220FE30,_ZN15MechInputSystem14s_inputBlockerE
0x000000710220FE34,_ZN15MechInputSystem7s_RLEFTE
0x000000710220FE38,_ZN15MechInputSystem8s_RRIGHTE
0x000000710220FE3C,_ZN15MechInputSystem7s_RDOWNE
0x000000710220FE40,_ZN15MechInputSystem5s_RUPE
0x000000710220FE44,_ZN15MechInputSystem4s_L2E
0x000000710220FE48,_ZN15MechInputSystem4s_R2E
0x000000710220FE4C,_ZN15MechInputSystem4s_L1E
0x000000710220FE50,_ZN15MechInputSystem4s_R1E
0x000000710220FE54,_ZN15MechInputSystem4s_L3E
0x000000710220FE58,_ZN15MechInputSystem4s_R3E
0x000000710220FE5C,_ZN15MechInputSystem12s_MENUSELECTE
0x000000710220FE60,_ZN15MechInputSystem12s_MENUCANCELE
0x000000710220FE64,_ZN15MechInputSystem28m_adaptiveMashScaleIncrementE
0x000000710220FE68,_ZN15MechInputSystem22m_adaptiveMashMaxDelayE
0x000000710220FE70,_ZTV15MechInputSystem
0x000000710220FFA8,_ZTV15MechInputDevice
0x000000710220FFF0,_ZTV20MechInputTriggerBase
0x0000007102210030,_ZTV21MechInputMethodButton
0x0000007102210060,_ZTV19MechInputMethodBase
0x0000007102210090,_ZTV22MechInputTriggerButton
0x00000071022100D0,_ZTV31MechInputMethodDataSimpleButton
0x0000007102210160,_ZTV27MechInputMethodSimpleButton
0x0000007102210190,_ZTV25MechInputMethodDataButton
0x0000007102210220,_ZTV26CameraRailSplineKnotHelper
0x00000071022103C0,_ZTV26CameraSockSplineKnotHelper
0x0000007102210560,_ZTV22PickupSplineKnotHelper
0x0000007102210700,_ZTV29MechGrindRailSplineKnotHelper
0x00000071022108A0,_ZTV11KnotHelperTI15KrawlieAreaKnotE
0x0000007102210A40,_ZTV10MechHelper
0x0000007102210BA8,_ZTV10MechSystem
0x0000007102210CD0,_ZTV12FollowPacket
0x0000007102210D00,_ZTV16CameraRailSpline
0x0000007102210FA8,_ZTV20CameraRailSplineKnot
0x00000071022111C0,_ZTV23CameraRailSplineManager
0x00000071022112A8,_ZTV19EdRefMechSplineKnot
0x0000007102211348,_ZTV15EdRefMechSpline
0x00000071022113E8,_ZTV22CameraRailSplineHelper
0x00000071022115E0,_ZTV16CameraSockSpline
0x00000071022118A8,_ZTV20CameraSockSplineKnot
0x0000007102211AC0,_ZTV23CameraSockSplineManager
0x0000007102211BA8,_ZTV15EdRefSockSpline
0x0000007102211C48,_ZTV19EdRefSockSplineKnot
0x0000007102211CE8,_ZTV21EdRefCustomSockHandle
0x0000007102211D88,_ZTV22CameraSockSplineHelper
0x0000007102211F80,_ZTVN9NuMechPtrI16CameraSockSplineLi680EE11ManagedBaseE
0x0000007102211FA0,gdv_fMechCameraDefaultFocalRegion
0x0000007102211FA8,_ZTV16MechCameraHelper
0x0000007102212110,_ZTV17MechCameraManager
0x00000071022121D8,_ZTV16CameraBaseSpline
0x0000007102212480,_ZTV20CameraBaseSplineKnot
0x0000007102212698,_ZTV33FlowCommonInterface_CamBaseSpline
0x00000071022127D0,_ZTV25EdRefCameraBaseSplineKnot
0x0000007102212870,_ZTV16MechGadgetSystem
0x00000071022129A8,_ZTV27MechGadgetComponentParticle
0x00000071022129D8,_ZTV33MechGadgetComponentParticleHelper
0x0000007102212B38,_ZTV23MechGadgetComponentPart
0x0000007102212B68,_ZTV29MechGadgetComponentPartHelper
0x0000007102212CC8,_ZTV23MechGadgetComponentCoin
0x0000007102212CF8,_ZTV29MechGadgetComponentCoinHelper
0x0000007102212E58,_ZTV36MechGadgetComponentProximityTemplate
0x0000007102212E88,_ZTV42MechGadgetComponentProximityTemplateHelper
0x0000007102213038,_ZTV37MechGadgetComponentControllerTemplate
0x0000007102213068,_ZTV37MechGadgetComponentControllerInstance
0x00000071022130A0,_ZTV26MechGadgetControllerSystem
0x0000007102213208,_ZTV43MechGadgetComponentControllerTemplateHelper
0x0000007102213368,_ZTV43MechGadgetComponentControllerInstanceHelper
0x0000007102213508,_ZTV33MechGadgetComponentTargetInstance
0x0000007102213540,_ZTV22MechGadgetTargetSystem
0x0000007102213698,_ZTV39MechGadgetComponentTargetInstanceHelper
0x00000071022137F8,_ZTV30MechGadgetComponentSFXInstance
0x0000007102213830,_ZTV30MechGadgetComponentSFXTemplate
0x0000007102213860,_ZTV36MechGadgetComponentSFXTemplateHelper
0x00000071022139C0,_ZTV33MechGadgetComponentCameraInstance
0x00000071022139F8,_ZTV39MechGadgetComponentCameraInstanceHelper
0x0000007102213B58,_ZN43MechGadgetControllerAnimationTemplateHelper15mFlagsEnumItemsE
0x0000007102213B88,_ZTV37MechGadgetControllerAnimationTemplate
0x0000007102213BA8,_ZN43MechGadgetControllerAnimationInstanceHelper15mFlagsEnumItemsE
0x0000007102213BC8,_ZTV37MechGadgetControllerAnimationInstance
0x0000007102213C10,_ZTV43MechGadgetControllerAnimationTemplateHelper
0x0000007102213D70,_ZTV43MechGadgetControllerAnimationInstanceHelper
0x0000007102213ED0,_ZTV14MechShapeArrow
0x0000007102213EF0,_ZTV38MechGadgetControllerBaseTemplateHelper
0x0000007102214050,_ZTV38MechGadgetControllerBaseInstanceHelper
0x00000071022141B0,_ZTV33MechGadgetControllerBBashTemplate
0x00000071022141D0,_ZTV33MechGadgetControllerBBashInstance
0x0000007102214218,_ZTV39MechGadgetControllerBBashTemplateHelper
0x0000007102214378,_ZTV39MechGadgetControllerBBashInstanceHelper
0x00000071022144D8,_ZTV33MechGadgetControllerPlaneTemplate
0x00000071022144F8,_ZTV33MechGadgetControllerPlaneInstance
0x0000007102214540,testDisableGravity
0x0000007102214548,_ZTV39MechGadgetControllerPlaneTemplateHelper
0x00000071022146A8,_ZTV39MechGadgetControllerPlaneInstanceHelper
0x0000007102214848,_ZTV25MechGadgetProximitySystem
0x00000071022149A8,_ZTV31MechGadgetProximityBaseTemplate
0x00000071022149F0,_ZTV37MechGadgetProximityBaseTemplateHelper
0x0000007102214B50,_ZTV33MechGadgetProximitySphereTemplate
0x0000007102214B98,_ZTV39MechGadgetProximitySphereTemplateHelper
0x0000007102214CF8,_ZTV30MechGadgetProximityBoxTemplate
0x0000007102214D40,_ZTV36MechGadgetProximityBoxTemplateHelper
0x0000007102214EA0,_ZTV12MechShapeBox
0x0000007102214EC0,_ZTV34MechGadgetTargetBaseInstanceHelper
0x0000007102215020,_ZTV35MechGadgetTargetGizmoInstanceHelper
0x00000071022151B8,_ZTV29MechGadgetTargetGizmoInstance
0x00000071022151E0,_ZTV41MechGadgetTargetLegoSpecialInstanceHelper
0x0000007102215340,_ZTV35MechGadgetTargetLegoSpecialInstance
0x0000007102215368,_ZTV26MechGadgetFloorTargetAddOn
0x00000071022155D8,_ZTV28MechGadgetTakeHereArrowAddOn
0x0000007102215848,_ZTV22MechGadgetBaseTemplate
0x0000007102215AF8,_ZTV28MechGadgetBaseTemplateHelper
0x0000007102215C90,_ZTV22MechGadgetBaseInstance
0x0000007102216040,_ZTV28MechGadgetBaseInstanceHelper
0x00000071022161D8,_ZN28MechGadgetBaseInstanceHelper24mForgetProgressEnumItemsE
0x0000007102216218,_ZTV42FlowCommonInterface_MechGadgetBaseInstance
0x0000007102216350,_ZTV26MechGadgetPhantomInterface
0x00000071022163A0,_ZTV19MechGadgetInterface
0x00000071022167A8,_ZTV24MechGadgetScriptVariable
0x0000007102216840,_ZTV18SAction_MechGadget
0x0000007102216880,_ZTV23SAction_LevelMechGadget
0x00000071022168C0,_ZTV16MechGadgetAction
0x0000007102216908,_ZTV33MechGadgetAction_MechGadgetToText
0x0000007102216950,_ZTV37MechGadgetAction_MechGadgetToPosition
0x0000007102216998,_ZTV26MechGadgetAction_SetActive
0x00000071022169E0,_ZTV27MechGadgetAction_SetVisible
0x0000007102216A28,_ZTV26MechGadgetAction_GetOutput
0x0000007102216A70,_ZTV28MechGadgetAction_HasFinished
0x0000007102216AB8,_ZTV22MechGadgetAction_Reset
0x0000007102216B00,_ZTV31MechGadgetAction_JumpToComplete
0x0000007102216B48,_ZTV28MechGadgetAction_GetPosition
0x0000007102216B90,_ZTV29MechGadgetAction_GetDirection
0x0000007102216BD8,_ZTV23MechGadgetAction_BlowUp
0x0000007102216C20,_ZTV21DynamicScriptVariableI22MechGadgetBaseInstanceE
0x0000007102216CB8,_ZTV28MechGadgetSimplePropTemplate
0x0000007102216F70,_ZN34MechGadgetSimplePropTemplateHelper18mAnimTypeEnumItemsE
0x0000007102216FB0,_ZN34MechGadgetSimplePropTemplateHelper15mFlagsEnumItemsE
0x0000007102216FF0,_ZTV28MechGadgetSimplePropInstance
0x00000071022173A0,_ZTV34MechGadgetSimplePropTemplateHelper
0x0000007102217538,_ZTV34MechGadgetSimplePropInstanceHelper
0x00000071022176D0,_ZTV21MechGadgetSimpleProps
0x0000007102217878,_ZTV35MechGadgetSimplePropChangeModeAddon
0x0000007102217AE8,_ZTV29MechGadgetSimplePropEventdata
0x0000007102217B10,_ZTV20MechGadgetAnimBlowUp
0x0000007102217B90,_ZZN20MechGadgetAnimBlowUp7OnStartER17ProcAnimInterfaceE11minVelocity
0x0000007102217B94,_ZZN20MechGadgetAnimBlowUp7OnStartER17ProcAnimInterfaceE11maxVelocity
0x0000007102217B98,_ZTV24MechGadgetRemoteTemplate
0x0000007102217E48,_ZN30MechGadgetRemoteTemplateHelper14mTypeEnumItemsE
0x0000007102217E88,_ZN24MechGadgetRemoteInstance13s_callOutDistE
0x0000007102217E90,_ZTV24MechGadgetRemoteInstance
0x0000007102218250,_ZN30MechGadgetRemoteInstanceHelper15mFlagsEnumItemsE
0x0000007102218280,_ZTV30MechGadgetRemoteTemplateHelper
0x0000007102218418,_ZTV30MechGadgetRemoteInstanceHelper
0x00000071022185B0,_ZTV17MechGadgetRemotes
0x00000071022187A8,_ZTV11RemoteAddon
0x0000007102218A58,_ZTV30MechGadgetTrafficLightTemplate
0x0000007102218D10,_ZTV36MechGadgetTrafficLightTemplateHelper
0x0000007102218EA8,_ZTV30MechGadgetTrafficLightInstance
0x0000007102219258,_ZTV36MechGadgetTrafficLightInstanceHelper
0x00000071022193F0,_ZTV23MechGadgetTrafficLights
0x0000007102219570,_ZTV27MechGadgetTrafficLightAddon
0x00000071022197E0,_ZN20MechGadgetAnimBlowUp5kNameE
0x00000071022197E8,_ZN21MechGadgetAnimRespawn5kNameE
0x00000071022197F0,_ZTV21MechGadgetAnimRespawn
0x0000007102219870,_ZN17MechGadgetAnimHop5kNameE
0x0000007102219878,_ZTV17MechGadgetAnimHop
0x00000071022198F8,_ZN22MechGadgetAnimHitShake5kNameE
0x0000007102219900,_ZTV22MechGadgetAnimHitShake
0x0000007102219980,_ZN21MechGadgetAnimHitSpin5kNameE
0x0000007102219988,_ZTV21MechGadgetAnimHitSpin
0x0000007102219A08,_ZTV22MechGadgetBeenHitAddOn
0x0000007102219C78,_ZTV7cAINode
0x0000007102219CB8,_ZTV13cAISectorNode
0x0000007102219D00,_ZTVN13cAISectorNode15SectorEventDataE
0x0000007102219D28,_ZTV12cAIWorldNode
0x0000007102219D78,_ZTV11cAIRoadLink
0x0000007102219E10,_ZTV11cAIRoadNode
0x0000007102219E50,_ZTV15cAIJunctionNode
0x0000007102219E98,_ZTV16cAISemaphoreNode
0x0000007102219F48,_ZTV18cAISemaphorePortal
0x0000007102219FF8,_ZTV10AIRoadLane
0x000000710221A018,_ZTV18AITrafficLightNode
0x000000710221A038,MAX_FRAMES_BETWEEN_UPDATES
0x000000710221A040,_ZTV13cAIPathfinder
0x000000710221A060,_ZTV4cLAK
0x000000710221A090,CHARACTER_ARRIVAL_RADIUS
0x000000710221A094,POSITION_ARRIVAL_RADIUS
0x000000710221A098,AINODE_ARRIVAL_RADIUS
0x000000710221A0A0,_ZTV22MechPopulationAISystem
0x000000710221A1F8,_ZTV14cAnimationTask
0x000000710221A250,_ZTV10iSlaveTask
0x000000710221A2B0,ARRIVAL_RAD
0x000000710221A2B8,_ZTV13cUseAttractor
0x000000710221A310,_ZTV15cFaceTargetTask
0x000000710221A368,_ZTV17cGotoTargetOnFoot
0x000000710221A3C0,_ZTV13cWanderOnFoot
0x000000710221A418,_ZTV11cFleeOnFoot
0x000000710221A470,_ZTV26AStarFunctor_Flee_FreeForm
0x000000710221A4B0,_ZTV20AStarFunctor_Flee_To
0x000000710221A4F0,_ZTV24AStarFunctor_Flee_InArea
0x000000710221A530,_ZTV13cPlayerOnFoot
0x000000710221A588,_ZN19cEnterVehiclePlayer19s_defaultGiveUpTimeE
0x000000710221A590,_ZTV19cEnterVehiclePlayer
0x000000710221A5F0,_ZTV18cExitVehiclePlayer
0x000000710221A650,_ZN24StreamedCharacterManager20mFilterResourceLoadsE
0x000000710221A658,_ZTV24StreamedCharacterManager
0x000000710221A790,_ZN18cPopulationManager26s_bEnableVehiclePopulationE
0x000000710221A791,_ZN18cPopulationManager28s_bEnableLegacyMovingTrafficE
0x000000710221A792,_ZN18PopulationManagers29s_bLegacyMovingTrafficEnabledE
0x000000710221A793,_ZN18cPopulationManager17s_bTrafficEnabledE
0x000000710221A798,_ZTV17PursuitTargetList
0x000000710221A7B8,_ZTV21AggressiveVehicleList
0x000000710221A7D8,_ZTV18cPopulationManager
0x000000710221A8A0,_ZN18PopulationManagers21CONTEXT_ANIMATIONTASKE
0x000000710221A8A4,_ZN18PopulationManagers29CONTEXT_ANIMATIONTASK_FACECAME
0x000000710221A8A8,_ZTV18PopulationManagers
0x000000710221AA68,_ZTV26SAction_SetGridlockRoadMap
0x000000710221AAB8,_ZTV26SAction_SetGridlockBoatMap
0x000000710221AB08,_ZTV39SAction_SetDefaultRoadGridlockRoadGroup
0x000000710221AB58,_ZTV39SAction_SetDefaultBoatGridlockRoadGroup
0x000000710221ABA8,_ZTV23PopulationManagerHelper
0x000000710221AD10,_ZTV17ClassManagerProxy
0x000000710221ADD8,_ZTV12cAIAttractor
0x000000710221AE48,_ZTV11cAINodeLink
0x000000710221AEE0,_ZTV13cAIPortalLink
0x000000710221AF78,_ZTV13cAIPortalNode
0x000000710221AFB8,_ZTV14iSemaphoreBase
0x000000710221B000,_ZTV16AStarFunctorBase
0x000000710221B040,_ZTV19AStarFunctor_FromTo
0x000000710221B080,_ZTV14cAttractorTask
0x000000710221B0D8,_ZTV11iMasterTask
0x000000710221B148,_ZTV22cVehicleRidingBaseTask
0x000000710221B1A8,_ZTV11GLFenceList
0x000000710221B1C8,_ZTV14GLLaneNodeList
0x000000710221B1E8,_ZTV10GLLaneList
0x000000710221B208,_ZTV14GLNodeLinkList
0x000000710221B228,_ZTV14GLRampZoneList
0x000000710221B248,_ZTV16GLSpawnPointList
0x000000710221B268,_ZN14GridlockSystem20s_pGridlockDirectoryE
0x000000710221B270,_ZN14GridlockSystem23s_pGridlockMapDirectoryE
0x000000710221B278,_ZN14GridlockSystem18s_pGridlockMapFileE
0x000000710221B280,_ZN14GridlockSystem23s_pGridlockMapExtensionE
0x000000710221B288,_ZTV14GridlockSystem
0x000000710221B3C8,_ZTV15GridlockManager
0x000000710221B490,_ZTV21GridlockManagerHelper
0x000000710221B5F8,_ZTV20ActorAvoidConstraint
0x000000710221B628,_ZTV19ActorStopConstraint
0x000000710221B658,_ZTV17PathClipPlaneList
0x000000710221B678,_ZTV19CorneringDecomposer
0x000000710221B6A0,_ZTV18PlanningDecomposer
0x000000710221B6D8,_ZTV15VehicleActuator
0x000000710221B710,_ZTVN8Steering4PathE
0x000000710221B738,_ZTV14ZoneConstraint
0x000000710221B768,_ZTV9ChaseTask
0x000000710221B7C0,_ZTV20ChaseLanePathFunctor
0x000000710221B7F8,_ZTV17ChaseGoalTargeter
0x000000710221B820,_ZTV23ChasePlanningDecomposer
0x000000710221B860,_ZTV11DriveToTask
0x000000710221B8B8,_ZTV22DriveToLanePathFunctor
0x000000710221B8F0,_ZTV19DriveToGoalTargeter
0x000000710221B918,_ZTV25DriveToPlanningDecomposer
0x000000710221B958,_ZTV8FleeTask
0x000000710221B9B0,_ZTV19FleeLanePathFunctor
0x000000710221B9E8,_ZTV16FleeGoalTargeter
0x000000710221BA10,_ZTV22FleePlanningDecomposer
0x000000710221BA50,_ZTV10FleeToTask
0x000000710221BAA8,_ZTV21FleeToLanePathFunctor
0x000000710221BAE0,_ZTV18FleeToGoalTargeter
0x000000710221BB08,_ZTV24FleeToPlanningDecomposer
0x000000710221BB48,_ZTV8StopTask
0x000000710221BBA0,_ZTV16StopGoalTargeter
0x000000710221BBC8,_ZTV8BeepList
0x000000710221BBE8,_ZTV11TrafficTask
0x000000710221BC40,_ZTV22TrafficLanePathFunctor
0x000000710221BC78,_ZTV25TrafficPlanningDecomposer
0x000000710221BCB0,_ZTV15DriveTargetList
0x000000710221BCD0,_ZTV18LanePathTargetData
0x000000710221BCF0,_ZTV8LanePath
0x000000710221BD10,_ZTV12NodeLinkPath
0x000000710221BD30,_ZTV12ChaseManager
0x000000710221BD50,_ZTV14RubberBandList
0x000000710221BD70,_ZTV11VehiclePath
0x000000710221BD98,_ZTV17GLToggleLayerSVar
0x000000710221BDF0,_ZTV25GridlockToggleLayerAction
0x000000710221BE38,_ZTV32GridlockToggleLayerAction_Toggle
0x000000710221BE80,_ZTV27SAction_GridlockToggleLayer
0x000000710221BEC0,_ZTV9GLMapSVar
0x000000710221BF18,_ZTV19SAction_GridlockMap
0x000000710221BF58,_ZTV17GridlockMapAction
0x000000710221BFA0,_ZTV26GridlockMapAction_IsLoaded
0x000000710221BFE8,_ZTV22GridlockMapAction_Load
0x000000710221C030,_ZTV24GridlockMapAction_Unload
0x000000710221C078,_ZTV14GLMapEventData
0x000000710221C0A0,_ZN17MechTrafficParser31s_CurrentVehicleModelGroupIndexE
0x000000710221C0A8,_ZTV17MechTrafficSystem
0x000000710221C220,_ZTV23TrafficSpawnHistoryList
0x000000710221C240,_ZTV22InactiveTrafficVehicle
0x000000710221C260,_ZTV18MechTrafficManager
0x000000710221C340,_ZTV24MechTrafficManagerHelper
0x000000710221C4A8,_ZTV32ActiveTrafficModelCompareFunctor
0x000000710221C4C0,_ZTV26TrafficModelCompareFunctor
0x000000710221C4D8,_ZTV11TrafficListI18ActiveTrafficModelE
0x000000710221C4F8,_ZTV11TrafficListI12TrafficModelE
0x000000710221C518,_ZTV16MechTrafficAddOn
0x000000710221C7C0,_ZTV26CharacterAction_BeenKilled
0x000000710221C808,_ZTV25CharacterAction_GetHealth
0x000000710221C850,_ZTV24CharacterAction_GetSpeed
0x000000710221C898,_ZTV25CharacterAction_InContext
0x000000710221C8E0,_ZTV24CharacterAction_IsPlayer
0x000000710221C928,_ZTV20CharacterAction_Kill
0x000000710221C970,_ZTV25CharacterAction_SetHealth
0x000000710221C9B8,_ZTV43MechCharacterNoEnityLayersCollisionListener
0x000000710221CA68,_ZTV25CharacterNoCollisionAddOn
0x000000710221CCD8,_ZTV30CharacterAction_SetNoCollision
0x000000710221CD20,_ZTV27CharacterAction_SetPushable
0x000000710221CD68,_ZTV33CharacterAction_SetMoveWithGround
0x000000710221CDB0,_ZTV26CharacterAction_SetUnEmbed
0x000000710221CDF8,_ZTV28CharacterAction_SetAvoidance
0x000000710221CE40,_ZTV35CharacterAction_SetIgnoreCamVolumes
0x000000710221CE88,_ZTV21SAction_NearestPlayer
0x000000710221CEC8,_ZTV19SAction_SpawnScript
0x000000710221CF08,_ZTV12SAction_Wait
0x000000710221CF48,_ZTV9MechIcons
0x000000710221D080,_ZN9MechIcons25s_OverHeadIcon_FadeUpTimeE
0x000000710221D088,_ZTV5AddOn
0x000000710221D2E8,_ZTV10MechAddOns
0x000000710221D428,_ZN10MechAddOns13s_edClassNameE
0x000000710221D430,_ZTV13AddOnsManager
0x000000710221D500,_ZTV9AddOnList
0x000000710221D550,_ZTV14LightAddOnList
0x000000710221D5A0,_ZTV14HeavyAddOnList
0x000000710221D650,_ZTV10ClassTableI5AddOnE
0x000000710221D670,_ZTVN9NuMechPtrI5AddOnLi16EE11ManagedBaseE
0x000000710221D690,_ZTV16BeingRiddenAddon
0x000000710221D900,_ZTV20BodyFaceHeadingAddOn
0x000000710221DBC8,_ZTV17CameraAttachAddOn
0x000000710221DE48,_ZTV16CameraTowerAddOn
0x000000710221E0C8,_ZTV16CameraTweakAddOn
0x000000710221E340,_ZTV20CameraPlayerPosAddOn
0x000000710221E5C0,_ZTV21CharMovementBaseAddOn
0x000000710221E888,_ZTV9FadeAddOn
0x000000710221EB00,_ZTV16FallMonitorAddOn
0x000000710221EDB8,_ZTV17InvulnerableAddon
0x000000710221F028,_ZTV23CharacterMoveSpeedAddon
0x000000710221F298,_ZTV20RequestTeleportAddon
0x000000710221F508,_ZTV18TaggingEffectAddon
0x000000710221F778,_ZTV11TickerAddOn
0x000000710221F9E0,_ZTV23VfxAttachToLocatorAddOn
0x000000710221FC50,_ZN17ButtonPromptAddOn15s_pulsatePeriodE
0x000000710221FC54,_ZN17ButtonPromptAddOn22s_pulsateMaxScaleToAddE
0x000000710221FC58,_ZTV17ButtonPromptAddOn
0x000000710221FF10,_ZN17ButtonPromptAddOn14m_buttonInputsE
0x000000710221FF24,_ZN10BroomRider17s_inputBroomRiderE
0x000000710221FF28,gdv_DebugCamRailAddOnNewMovementPlayerAheadDist
0x000000710221FF2C,gdv_DebugCamRailAddOnNewMovementIdealTargetDist
0x000000710221FF30,gdv_DebugCamRailAddOnNewMovementIdealTargetDistScale
0x000000710221FF34,gdv_DebugCamRailAddOnNewMovementIdealSpeed
0x000000710221FF38,gdv_CamRailTetherLimit
0x000000710221FF3C,gdv_CamRailTetherSpring
0x000000710221FF40,FixedVehicleOffsetYTweak
0x000000710221FF44,FixedVehicleOffsetZTweak
0x000000710221FF48,CameraLookTweak
0x000000710221FF4C,MaxBanking
0x000000710221FF50,BankingRate
0x000000710221FF54,SplineLookAhead
0x000000710221FF58,MaxPitch
0x000000710221FF5C,PitchRate
0x000000710221FF60,PitchUpOffsetY
0x000000710221FF64,PitchDownOffsetY
0x000000710221FF68,PitchOffsetYRate
0x000000710221FF6C,MaxTiltX
0x000000710221FF70,MaxTiltZ
0x000000710221FF74,OffsetXSpeed
0x000000710221FF78,OffsetZSpeed
0x000000710221FF7C,SteerScale
0x000000710221FF80,DriveBankingScale
0x000000710221FF84,VehicleBankScale
0x000000710221FF88,SplineBankingScale
0x000000710221FF8C,DriveSineScale
0x000000710221FF90,DriveSineSpeed
0x000000710221FF94,TargetDistance
0x000000710221FF98,PadCameraRollSpeed
0x000000710221FF9C,LookAheadSeek
0x000000710221FFA0,TweakRoll
0x000000710221FFA4,MoveSeek
0x000000710221FFA8,_ZN20CamRailMovementAddOn13mCamSpeedSeekE
0x000000710221FFB0,_ZTV20CamRailMovementAddOn
0x0000007102220280,_ZTV15CamRailMovement
0x00000071022202B8,gdv_DebugCamRailAddOnSimpleMovementSteeringFullLock
0x00000071022202C0,_ZTV26SimpleCamRailMovementAddOn
0x0000007102220588,_ZTV27GizmoCoopPuzzleButtonPrompt
0x0000007102220808,_ZTV29GizmoProgressMeterAddonHelper
0x0000007102220A80,_ZN14HealthBarAddOn15s_addOnTypeNameE
0x0000007102220A88,_ZN19HealthBarLevelAddOn15s_addOnTypeNameE
0x0000007102220A90,_ZTV19HealthBarLevelAddOn
0x0000007102220D08,_ZTV14HealthBarAddOn
0x0000007102220FB8,_ZTV32FloatDieCharacterAttachmentAddOn
0x0000007102221228,_ZTV28MechOverrideRenderStageAddon
0x00000071022214A0,_ZTV15SlideAngleAddOn
0x0000007102221710,_ZTV17MechFlowInterface
0x0000007102221848,_ZTV14MechFlowSystem
0x0000007102221998,_ZTV15MechFlowManager
0x0000007102221A60,_ZTV14MechFlowHelper
0x0000007102221BC8,_ZTV9MechEdRef
0x0000007102221C68,_ZTV31MechFlowInterfaceProgressSystem
0x0000007102221DA0,_ZN11MechTagging21s_inputTagToSomethingE
0x0000007102221DA4,_ZN11MechTagging10s_inputTagE
0x0000007102221DA8,_ZN11MechTagging12s_inputTagL1E
0x0000007102221DAC,_ZN11MechTagging12s_inputTagR1E
0x0000007102221DB0,_ZN11MechTagging15s_inputDismountE
0x0000007102221DB4,_ZN11MechTagging20s_oldTaggingInputTagE
0x0000007102221DB8,_ZN11MechTagging24s_oldTaggingInputTagHeldE
0x0000007102221DBC,_ZN11MechTagging13s_inputCancelE
0x0000007102221DC0,_ZTV11MechTagging
0x0000007102221FD0,_ZTV12MechToggling
0x0000007102222140,_ZTV16MechOpponentInfo
0x0000007102222178,_ZTV19MechOpponentManager
0x00000071022222C0,_ZTV29MechOpponentTypeListContainer
0x00000071022222F8,_ZTV13MechDropInOut
0x0000007102222460,_ZTV18DropInOutEventData
0x0000007102222488,_ZN12PickupSpline17s_PatternTemplateE
0x00000071022224A0,_ZTV19PickupSplineManager
0x0000007102222588,_ZTV18PackedPickupSpline
0x00000071022225E8,_ZTV12PickupSpline
0x0000007102222868,_ZTV16PickupSplineKnot
0x0000007102222A60,_ZTV32FlowCommonInterface_PickupSpline
0x0000007102222B98,_ZTV17EdRefPickupSpline
0x0000007102222C38,_ZTV18PickupSplineHelper
0x0000007102222E30,_ZTV19MechGrindRailSpline
0x00000071022230D0,_ZTV23MechGrindRailSplineKnot
0x00000071022232D8,_ZTV26MechGrindRailSplineManager
0x00000071022233C0,_ZTV24EdRefMechGrindSplineKnot
0x0000007102223460,_ZTV20EdRefMechGrindSpline
0x0000007102223500,_ZTV25MechGrindRailSplineHelper
0x00000071022236F8,_ZN19MechOpponentChooser19s_MAX_OPPONENT_DISTE
0x0000007102223700,_ZTV19MechOpponentChooser
0x0000007102223768,_ZTVN15MechAIAvoidance18AvoidanceActorListE
0x0000007102223788,_ZTV16MechAIAvoidables
0x00000071022237A8,_ZTV21MechAIAvoidanceSystem
0x00000071022238E0,_ZTV21Task_ConvertToKrawlie
0x0000007102223938,_ZTV24Task_KrawlieDismountBoat
0x0000007102223990,_ZTV27Task_KrawlieDismountVehicle
0x00000071022239E8,_ZTV23Task_FindKrawlieNetwork
0x0000007102223A40,_ZTV18MechShapeBoxHelper
0x0000007102223BA0,_ZTV9MechEvent
0x0000007102223BE0,_ZTV20MechObjectInterfaces
0x0000007102223D18,_ZTV24MechObjectHealthInfoBase
0x0000007102223D98,_ZTVN30MechTargetableIteratorFrustrum26TargetablesFilterCollectorE
0x0000007102223DC0,_ZTV14MechEventTypeTI25MechObjectKilledEventDataE
0x0000007102223DD8,_ZTV27MechStreamingLevelInterface
0x00000071022241E0,_ZTV9MechHooks
0x0000007102224318,_ZTV19HookListenerManager
0x00000071022243E0,_ZTV31CharacterAction_SetInvulnerable
0x0000007102224428,_ZTV24CharacterAction_SetNoTag
0x0000007102224470,_ZTV31CharacterAction_SetNoTagRelease
0x00000071022244B8,_ZTV27CharacterAction_SetTaggable
0x0000007102224500,_ZTV37CharacterAction_SetNoTerrainCollision
0x0000007102224548,_ZTV22GenericAction_FreePlay
0x0000007102224588,_ZTV33TargetingInterfaceAIConvexLocator
0x0000007102224990,_ZTV6LegoAI
0x0000007102224C50,LEGO_MIDSPECIAL_MOVE_JUMP_TO_TIGHTROPE
0x0000007102224C54,LEGO_MIDSPECIAL_MOVE_STARTJUMP
0x0000007102224C58,LEGO_MIDSPECIAL_MOVE_DEFAULT
0x0000007102224C5C,LEGO_MIDSPECIAL_MOVE_USEHATCH
0x0000007102224C60,LEGO_MIDSPECIAL_MOVE_BIGJUMP
0x0000007102224C64,LEGO_MIDSPECIAL_MOVE_BIGJUMP_TO_LEDGE
0x0000007102224C68,LEGO_MIDSPECIAL_MOVE_GRAPPLE
0x0000007102224C6C,LEGO_MIDSPECIAL_MOVE_BATMANGRAPPLE
0x0000007102224C70,LEGO_MIDSPECIAL_MOVE_INDYGRAPPLE_ADJUST_HEIGHT
0x0000007102224C74,LEGO_MIDSPECIAL_MOVE_JUMP_TO_INDYGRAPPLE
0x0000007102224C78,LEGO_MIDSPECIAL_MOVE_JUMP_FROM_INDYGRAPPLE
0x0000007102224C7C,LEGO_MIDSPECIAL_MOVE_CLIMB_UP_LADDER
0x0000007102224C80,LEGO_MIDSPECIAL_MOVE_CLIMB_DOWN_LADDER
0x0000007102224C84,LEGO_MIDSPECIAL_MOVE_WALLCLIMB
0x0000007102224C88,LEGO_MIDSPECIAL_MOVE_MAGNETCLIMB
0x0000007102224C8C,LEGO_MIDSPECIAL_MOVE_TWIRLLEDGE
0x0000007102224C90,LEGO_MIDSPECIAL_MOVE_LEDGE
0x0000007102224C94,OFFSCREEN_CATCHUP_TIME
0x0000007102224C98,jump_stuck_time
0x0000007102224C9C,newai_preparing_for_jump_stuck_time
0x0000007102224CA0,LEGO_JUMPRANGE
0x0000007102224CA4,route_y_tol
0x0000007102224CA8,test_big_jump_f
0x0000007102224CAC,test_wait_f
0x0000007102224CB0,test_min_time
0x0000007102224CB4,test_jump
0x0000007102224CB8,test_wait
0x0000007102224CBC,indy_grapple_height_tol
0x0000007102224CC0,indy_grapple_jumpoff_range
0x0000007102224CC4,grapple_give_up_time
0x0000007102224CC8,_ZTV20RigidBodyAIAvoidable
0x0000007102224D18,_ZTV24CloneWarsWalkerAvoidable
0x0000007102224D68,_ZTV15SActionDebugMsg
0x0000007102224DA8,_ZTV19GenericEventCreatorI24GameObjectHitScriptEventE
0x0000007102224DC0,_ZTV19GenericEventCreatorI23AreaCompleteScriptEventE
0x0000007102224DD8,_ZTV19GenericEventCreatorI27CutsceneFinishedScriptEventE
0x0000007102224DF0,_ZTV15LegoAreaManager
0x0000007102224F40,_ZTV17LegoAreaEventData
0x0000007102224F68,AUTOTARGET_IAMHERE_PPS
0x0000007102224F70,_ZTV11LegoBlowUps
0x0000007102225288,_ZTV32BlowupTriggerOnCollisionListener
0x0000007102225338,GIZBLOWUPSHOWANTINODES
0x0000007102225340,_ZTV6BlowUp
0x00000071022258B0,_ZTV13BlowUpManager
0x0000007102225AD8,_ZN11LegoBlowUps14s_maxTintScaleE
0x0000007102225ADC,_ZN11LegoBlowUps14s_minTintScaleE
0x0000007102225AE0,_ZTV15GizBlowupHelper
0x0000007102225C60,_ZTV23BlowUpCollisionListener
0x0000007102225D30,_ZTV24TargetingInterfaceBlowup
0x0000007102226138,_ZTV14GizmoInterface
0x0000007102226540,_ZTV25TargetingInterfaceGrapple
0x0000007102226950,_ZN9LegoBolts22m_DefaultExtraSeekTimeE
0x0000007102226954,_ZN9LegoBolts29m_DefaultSeekTargetTurnFactorE
0x0000007102226958,_ZN9LegoBolts27m_offscreenTimeBeforeRemoveE
0x000000710222695C,_ZN9LegoBolts10m_maxBoltsE
0x0000007102226960,_ZN9LegoBolts14m_maxBoltTypesE
0x0000007102226968,_ZTV16LegoBoltsManager
0x0000007102226A30,_ZTV9LegoBolts
0x0000007102226C60,_ZN15BoltTypesParser13lastTypeAddedE
0x0000007102227148,_ZN8BoltType24s_Default_TargetDeg_NearE
0x000000710222714A,_ZN8BoltType23s_Default_TargetDeg_MidE
0x000000710222714C,_ZN8BoltType23s_Default_TargetDeg_FarE
0x0000007102227150,_ZTV8BoltType
0x00000071022271A8,_ZTV4Bolt
0x00000071022271D0,_ZTV15LegoBoltsHelper
0x0000007102227338,_ZTV13WeakReferable
0x0000007102227358,_ZTV19BoltCustomCollector
0x00000071022276C0,_ZTV22LegoPointerHandleTableIP8BoltTypea10BoltTypeIDE
0x00000071022276E0,_ZTV15LegoHandleTableIP8BoltTypea10BoltTypeIDE
0x0000007102227700,_ZTV10ClassTableI8BoltTypeE
0x0000007102227720,_ZTV22TargetingInterfaceBolt
0x0000007102227B30,_ZN14LegoCharacters29s_gameSpecific2DCharIconScaleE
0x0000007102227B38,g_superCharMtlName
0x0000007102227C10,g_superCharObjName
0x0000007102227C48,g_charLayerFlagName
0x0000007102227C78,_ZTV14LegoCharacters
0x0000007102227E70,_ZTV13CHARACTERDATA
0x0000007102227E90,_ZTV34MechAbilitiesToAddAndSuppressFlags
0x0000007102227ED0,_ZTV17LegoComplexGizmos
0x00000071022280F0,_ZTV12ComplexGizmo
0x0000007102228638,_ZTV19ComplexGizmoManager
0x0000007102228860,_ZTV18ComplexGizmoHelper
0x00000071022289E0,_ZTV9GizmoList
0x0000007102228A00,_ZTV8FLOWLINK
0x0000007102228A20,_ZTV13GizmoListItem
0x0000007102228A40,_ZTV17FLOWCONDITION_BOX
0x0000007102228A88,_ZTV23FLOWNUMBERPROCESSOR_BOX
0x0000007102228AD0,_ZN13WeakReferable17m_lastWeakRefGUIDE
0x0000007102228AD4,_ZN13LegoCreatures15m_shatterOnFallE
0x0000007102228AD8,_ZTV13LegoCreatures
0x0000007102228C48,_ZTV18LegoCutSceneGizmos
0x0000007102228E68,cutscene_gizmotype_id
0x0000007102228E70,_ZTV13GizmoCutscene
0x00000071022293A0,_ZTV20GizmoCutsceneManager
0x00000071022295C8,_ZTV19CutSceneGizmoHelper
0x0000007102229748,_ZTV18LegoCutscenePlayer
0x0000007102229898,_ZN13LegoCutscenes21s_fmvDestinationLevelE
0x00000071022298A0,_ZTV20CutscenePlaylistItem
0x00000071022298C0,_ZTV13LegoCutscenes
0x0000007102229A20,_ZTV20CutsceneInstanceBase
0x0000007102229A88,_ZTV16CutsceneInstance
0x0000007102229AF0,_ZTV28AttachTextToSceneObjectAddOn
0x0000007102229D60,_ZTV32CutsceneRateExternalControlAddOn
0x0000007102229FD0,_ZTV20LegoCutscenesManager
0x000000710222A098,_ZTV21LegoCutsceneEventData
0x000000710222A5E0,_ZTVN9NuMechPtrI20CutscenePlaylistItemLi8EE11ManagedBaseE
0x000000710222A618,_ZN11LegoDigging10s_inputDigE
0x000000710222A61C,_ZN11LegoDigging15s_inputQuickDigE
0x000000710222A620,_ZTV11LegoDigging
0x000000710222A858,temp_MAXBTNBASHSPEED
0x000000710222A85C,MAXSCOOPS
0x000000710222A860,_ZTV8GizmoDig
0x000000710222ADA8,_ZTV15GizmoDigManager
0x000000710222AFD0,_ZTV12GizDigHelper
0x000000710222B180,_ZN9LegoDoors28m_bKeepStartDoorNameOverrideE
0x000000710222B184,DOORS_MINARRIVALPOINTS
0x000000710222B188,_ZTV16GizmoDoorManager
0x000000710222B3B0,_ZTV9LegoDoors
0x000000710222B650,test_blend
0x000000710222B658,_ZTV9GizmoDoor
0x000000710222BB88,_ZTV15GizmoDoorHelper
0x000000710222BD08,_ZTV33GizmoDoorPartyAICollisionListener
0x000000710222BDB8,_ZTV18cLegoDoorEventData
0x000000710222BDE0,_ZTV13DoorEventData
0x000000710222BE38,_ZTV14LegoExplosions
0x000000710222BF98,_ZTV15ShockWaveAttack
0x000000710222BFD0,_ZN6LegoFX12m_maxFXTypesE
0x000000710222BFD8,_ZTV6LegoFX
0x000000710222C140,_ZN12LegoFighting17m_punchButtonModeE
0x000000710222C141,_ZN12LegoFighting12m_usingPunchE
0x000000710222C142,_ZN12LegoFighting21m_punchCanTargetPartyE
0x000000710222C143,_ZN12LegoFighting15m_canPunchGirlsE
0x000000710222C144,_ZN12LegoFighting18m_drawPunchStreaksE
0x000000710222C145,_ZN12LegoFighting18m_drawComboStreaksE
0x000000710222C146,_ZN12LegoFighting29m_punchFriendlyPartyTargetingE
0x000000710222C148,_ZN12LegoFighting10m_stunTimeE
0x000000710222C14C,_ZN12LegoFighting16m_swordHitRadiusE
0x000000710222C150,_ZN12LegoFighting19m_defaultPunchRangeE
0x000000710222C154,_ZN12LegoFighting17m_defaultPunchGapE
0x000000710222C158,_ZN12LegoFighting21m_defaultPunchCharGapE
0x000000710222C15C,_ZN12LegoFighting19s_defaultComboRangeE
0x000000710222C160,_ZN12LegoFighting17s_defaultComboGapE
0x000000710222C164,_ZN12LegoFighting21s_defaultComboCharGapE
0x000000710222C168,_ZN12LegoFighting12s_inputPunchE
0x000000710222C16C,_ZN12LegoFighting12s_inputBlockE
0x000000710222C170,_ZN12LegoFighting12s_inputSwipeE
0x000000710222C178,_ZTV12LegoFighting
0x000000710222C430,WOOZY_PUNCH_ANIMSPEED
0x000000710222C434,FIGHT_MAXCOMBOCOUNT
0x000000710222C438,FIGHT_COMBOCOUNTWAITTIME
0x000000710222C440,_ZTV19ComboContextHandler
0x000000710222C518,_ZTV12LegoFloating
0x000000710222C6A0,Float_SwimUpSpeed
0x000000710222C6A4,Float_JumpOutSpeed
0x000000710222C6A8,FLOAT_SPEEDMUL
0x000000710222C6AC,FLOAT_XZSEEK
0x000000710222C6B0,FLOAT_DIVE_DOWNTIME
0x000000710222C6B4,FLOAT_DIVE_WAITTIME
0x000000710222C6B8,FLOAT_DIVE_UPTIME
0x000000710222C6BC,FLOAT_DIVE_MAXDEPTH
0x000000710222C6C0,Float_DiveHitPointWait
0x000000710222C6C8,_ZTV14LegoFlowSystem
0x000000710222C818,override_level
0x000000710222C81C,COMPLEXSHADOWS
0x000000710222C820,DOUBLESCOREBEAT
0x000000710222C828,CheatList
0x000000710222CAC8,_ZTV12LegoGameBase
0x000000710222D410,character_lowpriorityanimframeratedistscale
0x000000710222D414,character_highpriorityanimframeratedistscale
0x000000710222D4B0,_ZN12LegoGameBase11s_inputSkipE
0x000000710222D4B8,_ZTV20SubtitleResourceType
0x000000710222D4E8,_ZTV21AreaCompleteEventData
0x000000710222D510,cmdbrightness
0x000000710222D514,_ZN10GameObject19s_glideHoldWaitTimeE
0x000000710222D518,_ZN10GameObject14s_minGlideTimeE
0x000000710222D51C,_ZN15LegoGameObjects27m_playerDieWaitOverrideTimeE
0x000000710222D520,_ZTV15LegoGameObjects
0x000000710222DA40,_ZTV10GameObject
0x000000710222DF00,default_mover_extra
0x000000710222DF04,_ZN15LegoGameObjects16BURN_DAMAGE_TIMEE
0x000000710222DF08,_ZN15LegoGameObjects20BURN_COOL_DOWN_SCALEE
0x000000710222DF10,_ZTV18GameObjectListener
0x000000710222DFC0,_ZTV24GameObjectAddedEventData
0x000000710222DFE8,_ZTV25GameObjectKilledEventData
0x000000710222E010,_ZTV12TagEventData
0x000000710222E038,_ZTV15ToggleEventData
0x000000710222E060,_ZTV18ObjHitObjEventData
0x000000710222E088,_ZTV24GameObjectShouldBeKilled
0x000000710222E0B0,GAMEPAD_START
0x000000710222E0B4,GAMEPAD_JUMP
0x000000710222E0B8,GAMEPAD_ACTION
0x000000710222E0BC,GAMEPAD_SPECIAL
0x000000710222E0C0,GAMEPAD_TAG
0x000000710222E0C4,GAMEPAD_TOGGLELEFT
0x000000710222E0C8,GAMEPAD_TOGGLERIGHT
0x000000710222E0CC,GAMEPAD_DUP
0x000000710222E0D0,GAMEPAD_DDOWN
0x000000710222E0D4,GAMEPAD_DLEFT
0x000000710222E0D8,GAMEPAD_DRIGHT
0x000000710222E0DC,GAMEPAD_SKIP
0x000000710222E0E0,GAMEPAD_SKIPCONFIRM
0x000000710222E0E4,GAMEPAD_SELECT
0x000000710222E0E8,GAMEPAD_L1
0x000000710222E0EC,GAMEPAD_L2
0x000000710222E0F0,GAMEPAD_L3
0x000000710222E0F4,GAMEPAD_R1
0x000000710222E0F8,GAMEPAD_R2
0x000000710222E0FC,GAMEPAD_R3
0x000000710222E100,GAMEPAD_LIFT
0x000000710222E104,GAMEPAD_TURBO
0x000000710222E108,GAMEPAD_MENUSELECT
0x000000710222E10C,GAMEPAD_MENUCANCEL
0x000000710222E110,GAMEPAD_CYCLELEFT
0x000000710222E114,GAMEPAD_CYCLERIGHT
0x000000710222E118,PADCHANGEWAIT
0x000000710222E11C,CtrlConfigDropInPlayer
0x000000710222E11D,CtrlConfigDropInPlayerMaybe
0x000000710222E120,frontendLevelSelect
0x000000710222E128,_ZTV13LegoGameThing
0x000000710222E1F0,GameID_Name
0x000000710222E240,GameNuApiProject
0x000000710222E264,_ZN10LegoGizmos17m_maxGizmoSystemsE
0x000000710222E268,_ZN10LegoGizmos23HiddenLayerCullingRangeE
0x000000710222E270,_ZTV10LegoGizmos
0x000000710222E3F0,_ZTV15LegoGizmoSystem
0x000000710222E608,_ZTV5Gizmo
0x000000710222EB38,_ZTV16LegoGizmoManager
0x000000710222ED60,_ZTV8GIZMOSYS
0x000000710222EE28,_ZTV17GizmoProgressItem
0x000000710222EE50,_ZTV13GizmoProgress
0x000000710222EE98,g_defaultSpecialDrawDistance
0x000000710222EEA0,_ZTV15LegoGizmoHelper
0x000000710222F020,_ZTV17GizmoFileResource
0x000000710222F058,_ZTV10EdRefGizmo
0x000000710222F0F8,_ZTV15LegoGizmoGroups
0x000000710222F318,_ZTV10GizmoGroup
0x000000710222F338,_ZTV18GizmoGroupTemplate
0x000000710222F868,_ZTV17GizmoGroupManager
0x000000710222FA90,_ZTV11GroupHelper
0x000000710222FC10,_ZTV17LegoGlowTargeting
0x000000710222FD90,GLOWTIME
0x000000710222FD94,GLOWHOLD
0x000000710222FD98,glowtypes
0x0000007102230108,_ZN12LegoGrapples20s_inputGrappleAttachE
0x0000007102230110,_ZTV12LegoGrapples
0x00000071022303E8,GrappleSwingMode
0x00000071022303EC,Grapples_Available
0x00000071022303ED,Grapple_AutoJumpAtTopIfGrabFails
0x00000071022303EE,Grapple_GrabCanUseLedgeIdle
0x00000071022303F0,Grapple_RopeSwingRotate
0x00000071022303F2,LEGOOBJ_GRAPPLE_FLOORTARGET
0x00000071022303F6,LEGOOBJ_GRAPPLE_SHADOWTARGET
0x00000071022303F8,test_rotor
0x0000007102230400,_ZTV12GizmoGrapple
0x0000007102230958,grapple_max_height
0x0000007102230960,_ZTV19GizmoGrappleManager
0x0000007102230B88,Grapple_UpSpeed
0x0000007102230B8C,Grapple_DownSpeed
0x0000007102230B90,_ZTV13GrappleHelper
0x0000007102230D28,_ZTV14LegoHintGizmos
0x0000007102230F48,GizHint_default
0x0000007102230F90,GizHintDefaultStr
0x0000007102230F98,_ZTV9GizmoHint
0x00000071022314C8,_ZTV16GizmoHintManager
0x00000071022316F0,_ZTV13GizHintHelper
0x0000007102231870,_ZTV9LegoHints
0x0000007102231A38,_ZN9LegoItems17s_inputPickUpItemE
0x0000007102231A3C,_ZN9LegoItems17s_inputHideInsideE
0x0000007102231A40,_ZN9LegoItems15s_inputPlugItemE
0x0000007102231A44,_ZN9LegoItems17s_inputUnclipItemE
0x0000007102231A48,_ZN9LegoItems11s_inputBashE
0x0000007102231A4C,_ZN9LegoItems12s_inputComboE
0x0000007102231A50,_ZN9LegoItems12s_inputThrowE
0x0000007102231A54,_ZN9LegoItems21s_inputThrowTargetingE
0x0000007102231A58,_ZN9LegoItems19s_inputItemDropAwayE
0x0000007102231A5C,_ZN9LegoItems14s_inputItemOutE
0x0000007102231A60,_ZN9LegoItems16s_inputItemInOutE
0x0000007102231A64,LEGOITEM_SFX_PICKUP
0x0000007102231A66,LEGOITEM_SFX_PUTDOWN
0x0000007102231A68,LEGOITEM_SFX_SHOOT
0x0000007102231A6A,LEGOITEM_SFX_DESTROY
0x0000007102231A6C,LEGOITEM_SFX_PUTAWAY
0x0000007102231A6E,LEGOITEM_SFX_TAKEOUT
0x0000007102231A70,LEGOITEM_SFX_SONAR
0x0000007102231A72,LEGOITEM_SFX_BASH
0x0000007102231A74,LEGOITEM_SFX_BASH_GAMEOBJECT
0x0000007102231A76,LEGOITEM_SFX_PLUG
0x0000007102231A78,LEGOITEM_SFX_BLOCK
0x0000007102231A7A,LEGOITEM_SFX_LUNGE
0x0000007102231A7C,LEGOITEM_SFX_LUNGE_HIT
0x0000007102231A7E,LEGOITEM_SFX_LUNGE_MISS
0x0000007102231A80,LEGOITEM_SFX_UPDATE
0x0000007102231A82,LEGOITEM_SFX_IMPACT
0x0000007102231A84,_ZN9LegoItems26m_CanPickUpSameHandedItemsE
0x0000007102231A85,_ZN9LegoItems19m_ManualItemPutAwayE
0x0000007102231A86,_ZN9LegoItems16m_ManualItemDropE
0x0000007102231A87,_ZN9LegoItems27s_hideHeldItemsWhenPunchingE
0x0000007102231A88,_ZN9LegoItems34m_dontPlayPutAwaySfxWhenGettingOutE
0x0000007102231A8C,_ZN9LegoItems16m_QuickThrowModeE
0x0000007102231A90,_ZN9LegoItems32m_CanAlsoThrowWithActionIfUnusedE
0x0000007102231A91,_ZN9LegoItems32m_invulnerableWhenThrowTargetingE
0x0000007102231A94,_ZN9LegoItems25m_DefaultAutoPutAwayTimerE
0x0000007102231A98,_ZN9LegoItems21m_LegoItemPickUpRangeE
0x0000007102231A9C,_ZN9LegoItems23m_SuperCarryPickUpRangeE
0x0000007102231AA0,_ZN9LegoItems26m_GlowLineOfSightToleranceE
0x0000007102231AA4,_ZN9LegoItems15m_itemBashRangeE
0x0000007102231AA8,_ZN9LegoItems13m_itemBashGapE
0x0000007102231AAC,_ZN9LegoItems18LEGOITEM_COMBO_GAPE
0x0000007102231AB0,_ZN9LegoItems23LEGOITEM_COMBO_CHAR_GAPE
0x0000007102231AB4,_ZN9LegoItems39LEGOITEM_DEFAULT_GET_OUT_PUT_AWAY_DELAYE
0x0000007102231AB8,_ZTV9LegoItems
0x0000007102231ED8,LegoItem_GlowLightMul
0x0000007102231EE8,LegoItem_GlowMid
0x0000007102231EEC,LegoItem_GlowRange
0x0000007102231EF0,gizitem_showtakeherearrow_jewelcentredraw
0x0000007102231EF1,gizitem_showtakeherearrow_enable
0x0000007102231EF8,_ZTV7GizItem
0x0000007102232450,_ZTV14GizItemManager
0x0000007102232678,LegoItem_DrawThrowTarget_UpDownArrows
0x000000710223267C,LEGOITEM_SHAKE_MUL
0x0000007102232680,LEGOITEM_SHAKE_SPEED
0x0000007102232688,_ZTV14cGizItemHelper
0x0000007102232808,_ZTV16GizItemPlacement
0x0000007102232830,_ZTV24LegoItemRespawnEventData
0x0000007102232858,_ZTV22TargetingInterfaceItem
0x00000071022333D0,_ZTV22LegoItemContextHandler
0x00000071022334A8,_ZTV13LegoInventory
0x00000071022334D8,_ZTV33ItemRemovedFromInventoryEventData
0x0000007102233500,_ZTV28LegoItemStateChangeEventData
0x0000007102233528,_ZTV17LegoItemEventData
0x0000007102233550,_ZTV22LegoContextHandlerBaseI22LegoItemContextHandlerE
0x0000007102233628,_ZTV15LegoItemTracker
0x0000007102233650,_ZTV19LegoItemTrackerData
0x0000007102233678,LEGOITEM_THROW_SPEED
0x0000007102233680,_ZTV31LegoItemPhysicsPartDynoListener
0x0000007102233730,LegoItem_SuperCarry_AlignObject
0x0000007102233738,_ZTV15SuperCarryAddon
0x00000071022339A8,_ZTV11LegoLadders
0x0000007102233BD8,_ZTV18GizmoLadderManager
0x0000007102233E00,_ZTV11GizmoLadder
0x0000007102234330,_ZTV17GizmoLadderHelper
0x00000071022344B0,_ZTV10LegoLedges
0x0000007102234760,Ledge_JumpClearance
0x0000007102234768,_ZTV17GizmoLedgeManager
0x0000007102234998,ledgemanager_shadowfix_magicnumber
0x00000071022349C8,_ZTV10GizmoLedge
0x0000007102234F20,fixup_ledge_y_offset
0x0000007102234F28,_ZTV17LedgeDynoListener
0x0000007102234FD8,_ZTV14GizLedgeHelper
0x0000007102235158,Ledge_TwirlJumpClearance
0x000000710223515C,Ledge_TwirlDismountClearance
0x0000007102235160,_ZN16TwirlJumpContext17CONTEXT_TWIRLJUMPE
0x0000007102235164,_ZN16TwirlJumpContext16SPEED_MULTIPLIERE
0x0000007102235168,_ZTV16TwirlJumpContext
0x0000007102235240,_ZTV22LegoContextHandlerBaseI16TwirlJumpContextE
0x0000007102235318,_ZTV23TargetingInterfaceLedge
0x0000007102235720,_ZTV18LegoLevelContainer
0x0000007102235860,_ZN14LegoLightBeams28m_allowCollideWithCharactersE
0x0000007102235861,_ZN14LegoLightBeams26m_CharactersCanBendBeamInYE
0x0000007102235862,_ZN14LegoLightBeams27m_CharactersCanBendBeamInXZE
0x0000007102235864,_ZN14LegoLightBeams14mMaxCollisionsE
0x0000007102235868,_ZTV14LegoLightBeams
0x0000007102235AC8,_ZTV14GizmoLightBeam
0x0000007102236000,_ZTV21GizmoLightBeamManager
0x0000007102236230,_ZTV16cLightBeamHelper
0x00000071022363B0,_ZTV11LEGOMessage
0x00000071022363D0,_ZTV12LegoMessages
0x00000071022365F0,_ZTV21GizmoAIMessageManager
0x0000007102236818,_ZTV30LEGOMessageFlowInterfaceHelper
0x0000007102236978,_ZTV13MessageHelper
0x0000007102236B20,_ZTV24LEGOMessageFlowInterface
0x0000007102236C58,_ZTV11SVarMessage
0x0000007102236CF0,_ZTV24SAction_Text2LegoMessage
0x0000007102236D30,_ZTV19SAction_LegoMessage
0x0000007102236D70,_ZTV18SAction_MessageSet
0x0000007102236DB0,_ZTV20SAction_Message2Text
0x0000007102236DF0,_ZTV21DynamicScriptVariableI11LEGOMessageE
0x0000007102236E88,_ZTV12LegoMiniCuts
0x00000071022370B0,_ZTV12GizmoMiniCut
0x00000071022375E0,_ZTV19GizmoMiniCutManager
0x0000007102237808,_ZTV16GizMiniCutHelper
0x00000071022379A8,_ZN9LegoMoves15m_padThresholdsE
0x00000071022379B4,_ZN9LegoMoves28m_numMiddleAnimCycles_sprintE
0x00000071022379B8,_ZN9LegoMoves16m_magicJumpFlagsE
0x00000071022379BC,_ZN9LegoMoves11m_fireDelayE
0x00000071022379C0,_ZN9LegoMoves11s_inputJumpE
0x00000071022379C4,_ZN9LegoMoves19s_inputSpecialMoveAE
0x00000071022379C8,_ZN9LegoMoves19s_inputSpecialMoveBE
0x00000071022379D0,_ZTV9LegoMoves
0x0000007102237B28,_ZN13LegoObstacles19s_inputPushObstacleE
0x0000007102237B2C,_ZN13LegoObstacles19s_inputObstacleMashE
0x0000007102237B30,_ZN13GizmoObstacle18s_pullObstBashTimeE
0x0000007102237B38,_ZTV13LegoObstacles
0x0000007102237E78,_ZTV20GizmoObstacleManager
0x00000071022380A0,_ZTV13GizmoObstacle
0x0000007102238658,gizobstacleupdatefns
0x00000071022386D0,_ZTV17GizObstacleHelper
0x0000007102238890,_ZTV13LegoPaintings
0x0000007102238AD8,_ZTV13GizmoPainting
0x0000007102239040,_ZTV20GizmoPaintingManager
0x0000007102239268,_ZTV14PaintingHelper
0x00000071022393E8,_ZTV22TargetingInterfacePart
0x00000071022397F8,_ZTV11LegoPickups
0x0000007102239AB0,COINMSGTIME
0x0000007102239AB8,CanPickUpBePickedUpFn
0x0000007102239AC0,COINMAGNETSCALE
0x0000007102239AC4,ScoreMultiplier
0x0000007102239AC8,AddStudsAverageValue
0x0000007102239ACC,HappyTokenBase
0x0000007102239ACE,LEGOPICKUPTYPE_HAPPYTOKEN
0x0000007102239AD2,HappyTokenRGB
0x0000007102239AE0,g_fVehiclePickupScale
0x0000007102239AE4,DrawPickup_Alpha
0x0000007102239AE8,_ZTV11GizmoPickup
0x000000710223A020,_ZTV17LegoPickupManager
0x000000710223A248,FANCYDETECTOREDGESCALE
0x000000710223A24C,FANCYDETECTORSCALE
0x000000710223A250,PANEL_COINADJUSTDY
0x000000710223A254,COINTOTAL_SCOREDY
0x000000710223A258,cointotal_i_obj
0x000000710223A260,VEHICLEHEARTTIME
0x000000710223A264,VEHICLEHEARTARCHEIGHT
0x000000710223A268,LOSECOINS_DIE_NORMAL
0x000000710223A26C,LOSECOINS_DIE_BONUS
0x000000710223A270,LOSECOINS_FALL_NORMAL
0x000000710223A274,LOSECOINS_FALL_BONUS
0x000000710223A278,COINTRAILPPS
0x000000710223A280,_ZTV17GizmoPickupSimple
0x000000710223A298,_ZTV12PickupHelper
0x000000710223A418,_ZTV21cPickupBrickEventData
0x000000710223A440,Plugs_ForceSuperCarryBlend
0x000000710223A444,_ZN9LegoPlugs20s_detectorArrowRangeE
0x000000710223A448,ShowTakeHereArrows_NormalCarryPlugMask
0x000000710223A44A,ShowTakeHereArrows_ItemPlugMask
0x000000710223A450,_ZTV9LegoPlugs
0x000000710223A6F0,_ZTV9GizmoPlug
0x000000710223AC20,_ZTV16GizmoPlugManager
0x000000710223AE48,_ZTV10PlugHelper
0x000000710223AFC8,_ZTV22onPlugPluggedEventData
0x000000710223AFF0,_ZTV22TargetingInterfacePlug
0x000000710223B3F8,g_poleRadius0
0x000000710223B3FC,g_poleRadius1
0x000000710223B400,_ZN9LegoPoles16s_inputPoleClimbE
0x000000710223B408,_ZTV9LegoPoles
0x000000710223B638,_ZTV16GizmoPoleManager
0x000000710223B868,_ZTV9GizmoPole
0x000000710223BD98,_ZTV10PoleHelper
0x000000710223BF18,_ZTV11LegoPortals
0x000000710223C138,_ZTV11GizmoPortal
0x000000710223C668,_ZTV18GizmoPortalManager
0x000000710223C890,_ZTV12PortalHelper
0x000000710223CA10,_ZN15LegoPushBlocks217CONTEXT_PUSHBLOCKE
0x000000710223CA18,_ZTV15LegoPushBlocks2
0x000000710223CC60,_ZTV9PushBlock
0x000000710223D1B8,_ZTV20LegoPushBlockManager
0x000000710223D3E0,_ZTV19LegoPushBlockHelper
0x000000710223D560,_ZTV17PushBlockListener
0x000000710223D610,_ZTV31LegoAIBehaviourScatterEventData
0x000000710223D680,_ZN11LegoPuzzles13s_inputPuzzleE
0x000000710223D684,GIZPUZZLETIMER
0x000000710223D688,MAXGIZPUZZLETIMER
0x000000710223D68C,MAXGIZPUZZLEGLOWTIMER
0x000000710223D690,MAXGIZPUZZLESIMONGLOWTIMER
0x000000710223D694,MAXGIZPUZZLES_YTOL
0x000000710223D698,GIZPUZZLEMOVESPACE
0x000000710223D6A0,_ZTV11LegoPuzzles
0x000000710223D940,_ZTV18GizmoPuzzleManager
0x000000710223DB78,_ZTV11GizmoPuzzle
0x000000710223E0A8,_ZTV15GizPuzzleHelper
0x000000710223E228,_ZTV16LegoRandomGizmos
0x000000710223E488,_ZTV11GizmoRandom
0x000000710223E9B8,_ZTV18GizmoRandomManager
0x000000710223EBE0,_ZTV12RandomHelper
0x000000710223ED60,_ZTV7LegoSFX
0x000000710223EEB0,g_charSFXNames
0x000000710223EFB0,last_chatter_sfx
0x000000710223EFB8,_ZTV24MechCharacterFootStepSFX
0x000000710223EFE0,_ZTV22LegoPointerHandleTableIP7SFXTypes9SFXTypeIDE
0x000000710223F000,_ZTV15LegoHandleTableIP7SFXTypes9SFXTypeIDE
0x000000710223F020,_ZTV18VanillaScriptEvent
0x000000710223F050,_ZTV21GameObjectScriptEvent
0x000000710223F080,_ZTV24GameObjectHitScriptEvent
0x000000710223F0B0,_ZTV16LevelScriptEvent
0x000000710223F0E0,_ZTV23AreaCompleteScriptEvent
0x000000710223F110,_ZTV27CutsceneFinishedScriptEvent
0x000000710223F140,_ZTV19MechCharacterAction
0x000000710223F188,_ZTV28LegoAction_ActivateCharacter
0x000000710223F1D0,_ZTV30LegoAction_DeactivateCharacter
0x000000710223F218,_ZTV28LegoAction_MechCharacterJump
0x000000710223F260,_ZTV25LegoAction_GetPartyMember
0x000000710223F2A0,_ZTV28LegoAction_ForceGizmoLayerOn
0x000000710223F2E0,_ZTV29LegoAction_ForceGizmoLayerOff
0x000000710223F320,_ZTV23LegoGizmoScriptVariable
0x000000710223F3B8,_ZTV11GizmoAction
0x000000710223F400,_ZTV30GizmoAction_MinicutGetPlayTime
0x000000710223F448,_ZTV17SAction_LegoGizmo
0x000000710223F488,_ZTV22SAction_WorldLegoGizmo
0x000000710223F4C8,_ZTV26GizmoAction_LegoGizmo2Text
0x000000710223F510,_ZTV30GizmoAction_LegoGizmo2Position
0x000000710223F558,_ZTV17GizmoAction_Reset
0x000000710223F5A0,_ZTV26GizmoAction_JumpToComplete
0x000000710223F5E8,_ZTV19GizmoAction_Trigger
0x000000710223F630,_ZTV21GizmoAction_SetActive
0x000000710223F678,_ZTV22GizmoAction_SetVisible
0x000000710223F6C0,_ZTV18GizmoAction_FadeIn
0x000000710223F708,_ZTV19GizmoAction_FadeOut
0x000000710223F750,_ZTV32GizmoAction_SetTriggeredByPlayer
0x000000710223F798,_ZTV32GizmoAction_GetTriggeredByPlayer
0x000000710223F7E0,_ZTV23GizmoAction_HasFinished
0x000000710223F828,_ZTV21GizmoAction_HasFailed
0x000000710223F870,_ZTV17GizmoAction_InUse
0x000000710223F8B8,_ZTV21GizmoAction_GetOutput
0x000000710223F900,_ZTV19GizmoAction_GetType
0x000000710223F948,_ZTV24GizmoAction_GetDirection
0x000000710223F990,_ZTV27GizmoAction_MinicutEndStage
0x000000710223F9D8,_ZN12LegoShooting12s_inputShootE
0x000000710223F9DC,_ZN12LegoShooting21s_inputShootTargetingE
0x000000710223F9E0,_ZN12LegoShooting19m_tapInsteadOfPressE
0x000000710223F9E1,_ZN12LegoShooting17m_cursorTargetingE
0x000000710223F9E2,_ZN12LegoShooting26m_startTargetingAtShootPosE
0x000000710223F9E3,_ZN12LegoShooting18m_ignoreLastTargetE
0x000000710223F9E4,_ZN12LegoShooting26m_playerCanTargetOffScreenE
0x000000710223F9E5,_ZN12LegoShooting21m_doLineOfSightChecksE
0x000000710223F9E8,_ZN12LegoShooting26m_ShootTargetingButtonModeE
0x000000710223F9EC,_ZN12LegoShooting17m_rangeMultiplierE
0x000000710223F9F0,_ZN12LegoShooting16m_shootFlashTimeE
0x000000710223F9F4,_ZN12LegoShooting14m_movingRecoilE
0x000000710223F9F8,_ZN12LegoShooting21Shoot_TargetGameObjDXE
0x000000710223F9FC,_ZN12LegoShooting21Shoot_TargetGameObjDYE
0x000000710223FA00,_ZTV12LegoShooting
0x000000710223FC30,current_vfx_instance
0x000000710223FC38,_ZTV37ShootTargetingTightRopeContextHandler
0x000000710223FD10,_ZTV28ShootTightropeContextHandler
0x000000710223FDE8,_ZTV17LegoSpecialGizmos
0x0000007102240008,_ZTV12GizmoSpecial
0x0000007102240538,_ZTV19GizmoSpecialManager
0x0000007102240760,_ZTV18GizmoSpecialHelper
0x00000071022408E0,_ZN12LegoSpellIts14s_inputSpellItE
0x00000071022408E4,_ZN12LegoSpellIts19m_allowDrawTwinklesE
0x00000071022408E8,_ZN12LegoSpellIts27m_targetAndForgetSpeedScaleE
0x00000071022408EC,_ZN12LegoSpellIts25m_triggerByTargetingDelayE
0x00000071022408F0,_ZTV12LegoSpellIts
0x0000007102240BB8,_ZTV12GizmoSpellIt
0x0000007102241130,_ZTV19GizmoSpellItManager
0x0000007102241368,_ZTV14GizSpellItItem
0x00000071022413A0,_ZTV34GizSpellItGoldBrickPartsController
0x00000071022413C8,_ZTV13SpellItHelper
0x0000007102241548,_ZTV38GizSpellItGoldBrickPartsControllerList
0x0000007102241568,_ZTV25GizSpellItPartsController
0x00000071022415A8,SUBTITLE_SCALE
0x00000071022415AC,SUBTITLE_FIT_WIDTH
0x00000071022415B0,SUBTITLE_Y_LOADING
0x00000071022415B4,SUBTITLE_MAXLINES
0x00000071022415B8,_ZTV12CutSubtitles
0x00000071022415E8,_ZTV20SubtitleResourceInfo
0x0000007102241610,_ZTV16SubtitleResource
0x00000071022416A0,_ZTV19SubtitleFileRequest
0x00000071022416F8,_ZTV12SubtitlesSRT
0x0000007102241728,_ZTV19DontCollideListener
0x00000071022417D8,_ZN12LegoSwitches13s_inputSwitchE
0x00000071022417DC,_ZN12LegoSwitches23s_defaultCanUseDistanceE
0x00000071022417E0,_ZTV12LegoSwitches
0x0000007102241AC0,GIZSWITCH_ZOFFSET
0x0000007102241AC8,_ZTV9GizSwitch
0x0000007102242070,_ZTV18SwitchInputTrigger
0x00000071022420C0,_ZTV16GizSwitchManager
0x00000071022422E8,_ZTV24LegoSwitchContextHandler
0x00000071022423C0,_ZTV16cGizSwitchHelper
0x0000007102242560,_ZTV10LegoSystem
0x00000071022426B0,_ZTV11LegoSystems
0x00000071022426D0,_ZTV11MechSystems
0x00000071022426F0,_ZTV22LegoPointerHandleTableIP13MechLevelFlags15MechLevelFlagIdE
0x0000007102242710,_ZTV15LegoHandleTableIP13MechLevelFlags15MechLevelFlagIdE
0x0000007102242730,_ZTV19MechGadgetObstacles
0x0000007102242868,_ZTV22MechGadgetTriggerAreas
0x00000071022429A0,_ZN13LegoTargeting28m_CheckCameraLOSifObstructedE
0x00000071022429A4,_ZN13LegoTargeting27m_TargetCursorRotationSpeedE
0x00000071022429A8,_ZN13LegoTargeting22m_TargetHighlightScaleE
0x00000071022429AC,_ZN13LegoTargeting22m_defaultMaxAimTargetsE
0x00000071022429B0,_ZTV13LegoTargeting
0x0000007102242B88,CONTEXTTARGETWAIT
0x0000007102242B8C,_ZN13LegoTargeting18CONTEXTTARGETSPEEDE
0x0000007102242B90,CONTEXTTARGETSCALE_PANEL
0x0000007102242B94,CONTEXTTARGETSCALE_WORLD
0x0000007102242BA0,_ZTV19MechObjectInterface
0x0000007102242FD0,_ZTVN9NuMechPtrI19MechObjectInterfaceLi8EE11ManagedBaseE
0x0000007102242FF0,_ZN11LegoTechnos13s_inputTechnoE
0x0000007102242FF8,_ZTV16LegoWinchTechnos
0x0000007102243250,_ZTV11LegoTechnos
0x0000007102243628,TechnoSys_Default
0x0000007102243630,TechnoSys
0x0000007102243658,_ZTV11GizmoTechno
0x0000007102243BA0,_ZTV18GizmoTechnoManager
0x0000007102243DC8,_ZTV18WinchTechnoManager
0x0000007102243FF0,_ZTV15GizTechnoHelper
0x0000007102244170,_ZTV13LegoTeleports
0x0000007102244408,_ZTV22TeleportContextHandler
0x00000071022444E0,_ZN13LegoTeleports15s_inputTeleportE
0x0000007102244508,_ZTV13GizmoTeleport
0x0000007102244A60,_ZTV20GizmoTeleportManager
0x0000007102244C88,_ZTV15cTeleportHelper
0x0000007102244E08,_ZTV22LegoContextHandlerBaseI22TeleportContextHandlerE
0x0000007102244EE0,_ZTV26TargetingInterfaceTeleport
0x00000071022452F0,s_TIGHTROPE_BLEND_TO_WALKER_DELAY_BEFORE_START
0x00000071022452F4,tightrope_gizmotype_id
0x00000071022452F8,_ZTV13LegoTightRope
0x0000007102245520,TightRopeSys
0x0000007102245528,_ZTV14GizmoTightRope
0x0000007102245A58,_ZTV21GizmoTightRopeManager
0x0000007102245C80,_ZTV13TogglingAddOn
0x0000007102245EF0,_ZTV13DismountAddOn
0x0000007102246160,_ZTV15TightRopeHelper
0x00000071022462E0,_ZTV10LegoTimers
0x0000007102246500,_ZTV10GizmoTimer
0x0000007102246A30,_ZTV17GizmoTimerManager
0x0000007102246C58,_ZTV11TimerHelper
0x0000007102246DD8,v100
0x0000007102246DE4,v010
0x0000007102246DF0,v001
0x0000007102246DFC,v111
0x0000007102246E08,v00m1
0x0000007102246E18,_0xffffffffffffffff
0x0000007102246E20,LAYER_HOVERIGNORE
0x0000007102246E24,EDGIZMOGRIDSIZE
0x0000007102246E28,editor_qfont_size
0x0000007102246E2C,DRAW_WATERMARK
0x0000007102246E30,ASCII_UP
0x0000007102246E38,ASCII_DOWN
0x0000007102246E40,ASCII_LEFT
0x0000007102246E48,ASCII_RIGHT
0x0000007102246E50,GAMERAND
0x0000007102246E54,qseed
0x0000007102246E58,PermDataLoaded
0x0000007102246E5C,LOADPERM_FADETIME
0x0000007102246E60,LOADPERM_EXTRATIME
0x0000007102246E64,RideOnCoupledAllowed
0x0000007102246E65,RideOnCoupledIndirectRender
0x0000007102246E68,_ZTV24GadgetFilteringCollector
0x0000007102246E90,_ZTV9LegoTubes
0x00000071022470C8,_ZTV21TubeAnimOverrideAddon
0x0000007102247338,_ZTV9GizmoTube
0x0000007102247868,_ZTV16GizmoTubeManager
0x0000007102247A90,_ZTV10TubeHelper
0x0000007102247C10,_ZTV11LegoTurrets
0x0000007102247E38,gizturret_test_ang
0x0000007102247E3C,gizturret_rapid_fire_rate
0x0000007102247E40,glynTestDy
0x0000007102247E48,_ZTV11GizmoTurret
0x0000007102248380,_ZTV18GizmoTurretManager
0x00000071022485A8,_ZTV15GizTurretHelper
0x0000007102248728,_ZTV24TargetingInterfaceTurret
0x0000007102248B30,_ZN9LegoWhips11s_inputWhipE
0x0000007102248B34,_ZN9LegoWhips20s_inputWhipTargetingE
0x0000007102248B38,_ZN9LegoWhips19s_inputWhipObstacleE
0x0000007102248B40,_ZTV9LegoWhips
0x0000007102248CA0,Whip_TapGrabItems
0x0000007102248CA4,Whip_DoPhysicsRope
0x0000007102248CA8,WhipperSys_Default
0x0000007102248CD8,WhipperSys
0x0000007102248CE0,WHIP_HOLDSPECIALTIME
0x0000007102248CE4,LevelWhipTieTime
0x0000007102248CE8,Whip_DoFlashRagDollCast
0x0000007102248CEC,WHIPTETHERBREAKDIST2
0x0000007102248CF0,_ZTV18WhipContextHandler
0x0000007102248E18,_ZTV22LegoContextHandlerBaseI18WhipContextHandlerE
0x0000007102248EF0,_ZTV7AIState
0x0000007102248F30,_ZTV18ConcurrentAIStates
0x0000007102248F70,_ZTV18BigBossManagerBase
0x0000007102249450,_ZTV18LiteBigBossManager
0x0000007102249930,_ZTV13PuppetWrapper
0x0000007102249978,_ZTV19BossShockWaveAttack
0x00000071022499C0,_ZTV17GroundCrackAttack
0x0000007102249A08,DAMAGE_AMOUNT
0x0000007102249A10,_ZTV16BossCraterAttack
0x0000007102249A58,_ZTV20BossAttackDescriptor
0x0000007102249A78,_ZTV28BossAttackDataBlockCfgLoader
0x0000007102249AE8,_ZTV20BossDescriptorAttack
0x0000007102249B30,GLOBAL_ANGULAR_IMPULSE_MULTIPLIER
0x0000007102249B38,_ZTV12LiteBossInit
0x0000007102249B60,_ZTV16FootPrintManager
0x0000007102249B90,_ZN16FootPrintManager24FOOT_PRINT_FADE_FRACTIONE
0x0000007102249B94,_ZN16FootPrintManager24FOOT_PRINT_FADE_OUT_TIMEE
0x0000007102249B98,_ZTV13GizFlowHelper
0x0000007102249D30,_ZN18cAreaSplitSettings33m_kDynamicCoopSubModePriorityListE
0x0000007102249D48,_ZN18cAreaSplitSettings28m_AreaSplitSettingsParseCmdsE
0x0000007102249E48,_ZTV21cAreaSplitSettingsMgr
0x0000007102249F10,_ZTV31cSplitScreenSegmentInterfaceMgr
0x0000007102249FD8,_ZN31cSplitScreenSegmentInterfaceMgr28s_ListenerFocusPointsEnabledE
0x0000007102249FDC,_ZN31cSplitScreenSegmentInterfaceMgr34m_eOverrideSelectedSplitScreenModeE
0x0000007102249FE0,_ZTV15LegoSplitScreen
0x000000710224A130,_ZTV28SplitScreenGameCameraAdaptor
0x000000710224A1B8,_ZTV32SplitScreenCutsceneCameraAdaptor
0x000000710224A240,subtitleLineHeight
0x000000710224A244,LEGOACT_IDLE
0x000000710224A246,LEGOACT_TIPTOE
0x000000710224A248,LEGOACT_WALK
0x000000710224A24A,LEGOACT_RUN
0x000000710224A24C,LEGOACT_SPRINT
0x000000710224A24E,LEGOACT_CHARGE
0x000000710224A250,LEGOACT_JUMP
0x000000710224A252,LEGOACT_LAND
0x000000710224A254,LEGOACT_JUMP2
0x000000710224A256,LEGOACT_JUMP3
0x000000710224A258,LEGOACT_JUMP4
0x000000710224A25A,LEGOACT_LAND2
0x000000710224A25C,LEGOACT_LAND3
0x000000710224A25E,LEGOACT_COMBOJUMP
0x000000710224A260,LEGOACT_COMBOLAND
0x000000710224A262,LEGOACT_COMBO1_1
0x000000710224A264,LEGOACT_COMBO1_2A
0x000000710224A266,LEGOACT_COMBO1_2B
0x000000710224A268,LEGOACT_COMBO1_3A
0x000000710224A26A,LEGOACT_COMBO1_3B
0x000000710224A26C,LEGOACT_COMBO1_3C
0x000000710224A26E,LEGOACT_COMBO1_3D
0x000000710224A270,LEGOACT_COMBO2_1
0x000000710224A272,LEGOACT_COMBO2_2A
0x000000710224A274,LEGOACT_COMBO2_2B
0x000000710224A276,LEGOACT_COMBO2_3A
0x000000710224A278,LEGOACT_COMBO2_3B
0x000000710224A27A,LEGOACT_COMBO2_3C
0x000000710224A27C,LEGOACT_COMBO2_3D
0x000000710224A27E,LEGOACT_TURN
0x000000710224A280,LEGOACT_FALL
0x000000710224A282,LEGOACT_FALLLAND
0x000000710224A284,LEGOACT_FALLLAND2
0x000000710224A286,LEGOACT_FALLLAND3
0x000000710224A288,LEGOACT_FALLLAND4
0x000000710224A28A,LEGOACT_FALL_COMBAT_ROLL
0x000000710224A28C,LEGOACT_TAKEHIT
0x000000710224A28E,LEGOACT_TAKEHIT2
0x000000710224A290,LEGOACT_TAKEHIT3
0x000000710224A292,LEGOACT_TAKEHIT4
0x000000710224A294,LEGOACT_TAKEHIT5
0x000000710224A296,LEGOACT_TAKEHIT6
0x000000710224A298,LEGOACT_BIGJUMP_TAKEHIT
0x000000710224A29A,LEGOACT_BIGJUMP_TAKEHIT_LAND
0x000000710224A29C,LEGOACT_LEFT
0x000000710224A29E,LEGOACT_RIGHT
0x000000710224A2A0,LEGOACT_BACKPACKFALLLAND
0x000000710224A2A2,LEGOACT_ACTIVATE
0x000000710224A2A4,LEGOACT_ACTIVATED
0x000000710224A2A6,LEGOACT_DEACTIVATED
0x000000710224A2A8,LEGOACT_DEACTIVATED2
0x000000710224A2AA,LEGOACT_DEACTIVATED3
0x000000710224A2AC,LEGOACT_DEACTIVATED4
0x000000710224A2AE,LEGOACT_PUNCH_BEHIND
0x000000710224A2B0,LEGOACT_SHOOT
0x000000710224A2B2,LEGOACT_SHOOT2
0x000000710224A2B4,LEGOACT_SHOOT3
0x000000710224A2B6,LEGOACT_SHOOTRIGHT
0x000000710224A2B8,LEGOACT_SHOOTLEFT
0x000000710224A2BA,LEGOACT_SHOOTBACK
0x000000710224A2BC,LEGOACT_SHOOT_QUICKDRAW
0x000000710224A2BE,LEGOACT_SHOOT_TARGETING
0x000000710224A2C0,LEGOACT_SHOOT_TARGETED
0x000000710224A2C2,LEGOACT_LEDGE_GRAB
0x000000710224A2C4,LEGOACT_LEDGE_SNATCH
0x000000710224A2C6,LEGOACT_LEDGE_IDLE
0x000000710224A2C8,LEGOACT_LEDGE_LEFT
0x000000710224A2CA,LEGOACT_LEDGE_RIGHT
0x000000710224A2CC,LEGOACT_LEDGE_DANGLE_IDLE
0x000000710224A2CE,LEGOACT_LEDGE_DANGLE_LEFT
0x000000710224A2D0,LEGOACT_LEDGE_DANGLE_RIGHT
0x000000710224A2D2,LEGOACT_LEDGE_DANGLE_GRAB
0x000000710224A2D4,LEGOACT_LEDGE_SPIN
0x000000710224A2D6,LEGOACT_LEDGE_SPIN_180
0x000000710224A2D8,LEGOACT_LEDGE_JUMP
0x000000710224A2DA,LEGOACT_LEDGE_DISMOUNT
0x000000710224A2DC,LEGOACT_HANG_IDLE
0x000000710224A2DE,LEGOACT_HANG_MOVE
0x000000710224A2E0,LEGOACT_CLIMB_IDLE
0x000000710224A2E2,LEGOACT_CLIMB_UP
0x000000710224A2E4,LEGOACT_CLIMB_DOWN
0x000000710224A2E6,LEGOACT_CLIMB_LEFT
0x000000710224A2E8,LEGOACT_CLIMB_RIGHT
0x000000710224A2EA,LEGOACT_CLIMB_WALL_IDLE
0x000000710224A2EC,LEGOACT_CLIMB_WALL_UP
0x000000710224A2EE,LEGOACT_CLIMB_WALL_DOWN
0x000000710224A2F0,LEGOACT_CLIMB_WALL_LEFT
0x000000710224A2F2,LEGOACT_CLIMB_WALL_RIGHT
0x000000710224A2F4,LEGOACT_CLIMB_WALL_MOVE
0x000000710224A2F6,LEGOACT_CLIMB_WALL_MOVE_SLOW
0x000000710224A2F8,LEGOACT_WALLSHUFFLE_IDLE
0x000000710224A2FA,LEGOACT_WALLSHUFFLE_LEFT
0x000000710224A2FC,LEGOACT_WALLSHUFFLE_RIGHT
0x000000710224A2FE,LEGOACT_UNDERWATER_IDLE
0x000000710224A300,LEGOACT_UNDERWATER_IDLE2
0x000000710224A302,LEGOACT_UNDERWATER_IDLE3
0x000000710224A304,LEGOACT_UNDERWATER_TIPTOE
0x000000710224A306,LEGOACT_UNDERWATER_WALK
0x000000710224A308,LEGOACT_UNDERWATER_RUN
0x000000710224A30A,LEGOACT_UNDERWATER_JUMP
0x000000710224A30C,LEGOACT_UNDERWATER_LAND
0x000000710224A30E,LEGOACT_UNDERWATER_LUNGE
0x000000710224A310,LEGOACT_CLIMB_POLE_IDLE
0x000000710224A312,LEGOACT_CLIMB_POLE_UP
0x000000710224A314,LEGOACT_CLIMB_POLE_DOWN
0x000000710224A316,LEGOACT_CLIMB_POLE_LEFT
0x000000710224A318,LEGOACT_CLIMB_POLE_RIGHT
0x000000710224A31A,LEGOACT_CLIMB_POLE_IDLE2
0x000000710224A31C,LEGOACT_CLIMB_POLE_UP2
0x000000710224A31E,LEGOACT_CLIMB_POLE_DOWN2
0x000000710224A320,LEGOACT_CLIMB_POLE_LEFT2
0x000000710224A322,LEGOACT_CLIMB_POLE_RIGHT2
0x000000710224A324,LEGOACT_PUSH
0x000000710224A326,LEGOACT_SUPERPUSH_GRAB
0x000000710224A328,LEGOACT_SUPERPUSH_IDLE
0x000000710224A32A,LEGOACT_SUPERPUSH_PUSH
0x000000710224A32C,LEGOACT_SUPERPUSH_PULL
0x000000710224A32E,LEGOACT_SUPERPUSH_FAIL
0x000000710224A330,LEGOACT_BUILD
0x000000710224A332,LEGOACT_SPELLIT
0x000000710224A334,LEGOACT_DIG
0x000000710224A336,LEGOACT_SEARCH
0x000000710224A338,LEGOACT_FLIP
0x000000710224A33A,LEGOACT_FLIPLAND
0x000000710224A33C,LEGOACT_BACKFLIP
0x000000710224A33E,LEGOACT_WALLJUMP_WAIT
0x000000710224A340,LEGOACT_WALLJUMP_SLIDE
0x000000710224A342,LEGOACT_WALLJUMP
0x000000710224A344,LEGOACT_GRAPPLE_IDLE
0x000000710224A346,LEGOACT_GRAPPLE_UP
0x000000710224A348,LEGOACT_GRAPPLE_DOWN
0x000000710224A34A,LEGOACT_GRAPPLE_HANG
0x000000710224A34C,LEGOACT_GRAPPLE_HANG_AIM
0x000000710224A34E,LEGOACT_GRAPPLE_HANG_THROW
0x000000710224A350,LEGOACT_GRAPPLE_HANG_WAIT
0x000000710224A352,LEGOACT_GRAPPLE_HANG_CATCH
0x000000710224A354,LEGOACT_GRAPPLE_SWING
0x000000710224A356,LEGOACT_GRAPPLE_GRAB
0x000000710224A358,LEGOACT_GRAPPLE_GUNOUT
0x000000710224A35A,LEGOACT_GRAPPLE_AIM
0x000000710224A35C,LEGOACT_GRAPPLE_THROW
0x000000710224A35E,LEGOACT_GRAPPLE_SHOOTUP
0x000000710224A360,LEGOACT_GRAPPLE_SHOOTSWING
0x000000710224A362,LEGOACT_GRAPPLE_FAIL
0x000000710224A364,LEGOACT_GRAPPLE_YANK
0x000000710224A366,LEGOACT_SUPERCARRY_PICKUP
0x000000710224A368,LEGOACT_SUPERCARRY_IDLE
0x000000710224A36A,LEGOACT_SUPERCARRY_WALK
0x000000710224A36C,LEGOACT_SUPERCARRY_THROW
0x000000710224A36E,LEGOACT_SUPERCARRY_PUTDOWN
0x000000710224A370,LEGOACT_SUPERCARRY_BASH
0x000000710224A372,LEGOACT_SUPERCARRY_JUMP
0x000000710224A374,LEGOACT_SUPERCARRY_LAND
0x000000710224A376,LEGOACT_SUPERCARRY_FALL
0x000000710224A378,LEGOACT_SUPERCARRY_FALLLAND
0x000000710224A37A,LEGOACT_MAGNET_IDLE
0x000000710224A37C,LEGOACT_MAGNET_WALK_METAL
0x000000710224A37E,LEGOACT_MAGNET_WALK_STICKY
0x000000710224A380,LEGOACT_BOMB_FALLLAND
0x000000710224A382,LEGOACT_MIXER_TARGET
0x000000710224A384,LEGOACT_MIXER_DEPOSIT
0x000000710224A386,LEGOACT_MIXER_FALLLAND
0x000000710224A388,LEGOACT_MIXER_MIX
0x000000710224A38A,LEGOACT_MIXER_DRINK
0x000000710224A38C,LEGOACT_LUNGE
0x000000710224A38E,LEGOACT_LUNGELAND
0x000000710224A390,LEGOACT_SLAM
0x000000710224A392,LEGOACT_SLAMLAND
0x000000710224A394,LEGOACT_COMBATROLL_JUMP
0x000000710224A396,LEGOACT_COMBATROLL_FALL
0x000000710224A398,LEGOACT_COMBATROLL_LAND
0x000000710224A39A,LEGOACT_COMBATROLL_FIRE
0x000000710224A39C,LEGOACT_EXTRA_JUMP
0x000000710224A39E,LEGOACT_EXTRA_JUMP2
0x000000710224A3A0,LEGOACT_EXTRA_LAND
0x000000710224A3A2,LEGOACT_EXTRA_LAND2
0x000000710224A3A4,LEGOACT_UP
0x000000710224A3A6,LEGOACT_DOWN
0x000000710224A3A8,LEGOACT_BUCK
0x000000710224A3AA,LEGOACT_TEETER
0x000000710224A3AC,LEGOACT_TEETER_HANG
0x000000710224A3AE,LEGOACT_WHIP_START
0x000000710224A3B0,LEGOACT_WHIP_CRACK
0x000000710224A3B2,LEGOACT_WHIP_START_BOSS
0x000000710224A3B4,LEGOACT_WHIP_CRACK_BOSS
0x000000710224A3B6,LEGOACT_WHIP_CRACK_DOWN
0x000000710224A3B8,LEGOACT_WHIP_CRACK_UP
0x000000710224A3BA,LEGOACT_WHIP_START_LEFT
0x000000710224A3BC,LEGOACT_WHIP_CRACK_LEFT
0x000000710224A3BE,LEGOACT_WHIP_CRACK_LEFT_UP
0x000000710224A3C0,LEGOACT_WHIP_CRACK_LEFT_DOWN
0x000000710224A3C2,LEGOACT_WHIP_START_RIGHT
0x000000710224A3C4,LEGOACT_WHIP_CRACK_RIGHT
0x000000710224A3C6,LEGOACT_WHIP_CRACK_RIGHT_UP
0x000000710224A3C8,LEGOACT_WHIP_CRACK_RIGHT_DOWN
0x000000710224A3CA,LEGOACT_WHIP_CRACK_RUN
0x000000710224A3CC,LEGOACT_WHIP_CRACK_JUMP
0x000000710224A3CE,LEGOACT_WHIP_GRAB
0x000000710224A3D0,LEGOACT_WHIP_BREAK
0x000000710224A3D2,LEGOACT_WHIP_BASH
0x000000710224A3D4,LEGOACT_WHIP_SWING_START
0x000000710224A3D6,LEGOACT_WHIP_SWING_SWING
0x000000710224A3D8,LEGOACT_WHIP_SWING_JUMP
0x000000710224A3DA,LEGOACT_WHIP_GRAPPLE_ATTACH
0x000000710224A3DC,LEGOACT_WHIP_TARGET
0x000000710224A3DE,LEGOACT_WEB_BREAK
0x000000710224A3E0,LEGOACT_WEB_GRAB
0x000000710224A3E2,LEGOACT_WEB_RUN
0x000000710224A3E4,LEGOACT_WEB_STUNNED
0x000000710224A3E6,LEGOACT_WHIPPER_HORIZONTAL_START
0x000000710224A3E8,LEGOACT_WHIPPER_HORIZONTAL_PULL
0x000000710224A3EA,LEGOACT_WHIPPER_HORIZONTAL_PULL_BACK
0x000000710224A3EC,LEGOACT_WHIPPER_HORIZONTAL_PULL_FORWARD
0x000000710224A3EE,LEGOACT_WHIPPER_HORIZONTAL_PULL_LEFT
0x000000710224A3F0,LEGOACT_WHIPPER_HORIZONTAL_PULL_RIGHT
0x000000710224A3F2,LEGOACT_WHIPPER_HORIZONTAL_END
0x000000710224A3F4,LEGOACT_WHIPPER_VERTICAL_START
0x000000710224A3F6,LEGOACT_WHIPPER_VERTICAL_PULL
0x000000710224A3F8,LEGOACT_WHIPPER_VERTICAL_END
0x000000710224A3FA,LEGOACT_WHIP_SPIN
0x000000710224A3FC,LEGOACT_WHIP_SPIN_IDLE
0x000000710224A3FE,LEGOACT_JUMP_TRAMPOLINE
0x000000710224A400,LEGOACT_PULLLEVER
0x000000710224A402,LEGOACT_KEEPLEVERPULLED
0x000000710224A404,LEGOACT_PULLLEVEREND
0x000000710224A406,LEGOACT_SOCKETSTART
0x000000710224A408,LEGOACT_SOCKETLOOP
0x000000710224A40A,LEGOACT_SOCKETEND
0x000000710224A40C,LEGOACT_WINDER
0x000000710224A40E,LEGOACT_TELEPORT_CRAWL
0x000000710224A410,LEGOACT_TELEPORT_IN
0x000000710224A412,LEGOACT_TELEPORT_OUT
0x000000710224A414,LEGOACT_GRABBED
0x000000710224A416,LEGOACT_DROP
0x000000710224A418,LEGOACT_IDLE1
0x000000710224A41A,LEGOACT_IDLE2
0x000000710224A41C,LEGOACT_IDLE3
0x000000710224A41E,LEGOACT_IDLE4
0x000000710224A420,LEGOACT_IDLE5
0x000000710224A422,LEGOACT_PICKUP
0x000000710224A424,LEGOACT_PICKUP_WALL
0x000000710224A426,LEGOACT_PICKUP_
0x000000710224A428,LEGOACT_PICKUP_HAT
0x000000710224A42A,LEGOACT_PHOBIA_IDLE
0x000000710224A42C,LEGOACT_PHOBIA_WALK
0x000000710224A42E,LEGOACT_PHOBIA_IDLE2
0x000000710224A430,LEGOACT_PHOBIA_WALK2
0x000000710224A432,LEGOACT_PHOBIA_IDLE3
0x000000710224A434,LEGOACT_PHOBIA_WALK3
0x000000710224A436,LEGOACT_FIX1
0x000000710224A438,LEGOACT_FIX2
0x000000710224A43A,LEGOACT_FIX3
0x000000710224A43C,LEGOACT_FIX4
0x000000710224A43E,LEGOACT_TIGHTROPE_GETON
0x000000710224A440,LEGOACT_TIGHTROPE_IDLE
0x000000710224A442,LEGOACT_TIGHTROPE_MOVE
0x000000710224A444,LEGOACT_TIGHTROPE_GETON_UNDER
0x000000710224A446,LEGOACT_TIGHTROPE_IDLE_UNDER
0x000000710224A448,LEGOACT_TIGHTROPE_MOVE_UNDER
0x000000710224A44A,LEGOACT_TIGHTROPE_JUMP
0x000000710224A44C,LEGOACT_TIGHTROPE_SLIDE_JUMP
0x000000710224A44E,LEGOACT_TIGHTROPE_SLIDE_LAND
0x000000710224A450,LEGOACT_TIGHTROPE_AIM
0x000000710224A452,LEGOACT_TIGHTROPE_THROW
0x000000710224A454,LEGOACT_TIGHTROPE_CATCH
0x000000710224A456,LEGOACT_TIGHTROPE_SLIDE
0x000000710224A458,LEGOACT_ZIPLINE_SLIDE
0x000000710224A45A,LEGOACT_ZIPLINE_GRAB
0x000000710224A45C,LEGOACT_ZIPLINE_DISMOUNT
0x000000710224A45E,LEGOACT_ZIPLINE_RIGHT
0x000000710224A460,LEGOACT_ZIPLINE_RIGHT_360
0x000000710224A462,LEGOACT_ZIPLINE_RIGHT_END
0x000000710224A464,LEGOACT_ZIPLINE_LEFT
0x000000710224A466,LEGOACT_ZIPLINE_LEFT_360
0x000000710224A468,LEGOACT_ZIPLINE_LEFT_END
0x000000710224A46A,LEGOACT_TIGHTROPE_CANUSE
0x000000710224A46C,LEGOACT_DETONATOR_PLACE
0x000000710224A46E,LEGOACT_DETONATOR_PICKUP
0x000000710224A470,LEGOACT_FLOAT
0x000000710224A472,LEGOACT_FLOAT2
0x000000710224A474,LEGOACT_WADE2
0x000000710224A476,LEGOACT_SWIM
0x000000710224A478,LEGOACT_SWIM_ATTACK
0x000000710224A47A,LEGOACT_DIVE
0x000000710224A47C,LEGOACT_DIVE_START
0x000000710224A47E,LEGOACT_DIVE_DOWN
0x000000710224A480,LEGOACT_DIVE_UP
0x000000710224A482,LEGOACT_DIVE_IDLE
0x000000710224A484,LEGOACT_DIVE_MOVE
0x000000710224A486,LEGOACT_SWIM_DEEP_IDLE
0x000000710224A488,LEGOACT_SWIM_DEEP_MOVE
0x000000710224A48A,LEGOACT_FLOAT_DIE
0x000000710224A48C,LEGOACT_FLOAT_KILL
0x000000710224A48E,LEGOACT_WEAPONIN
0x000000710224A490,LEGOACT_WEAPONOUT
0x000000710224A492,LEGOACT_ITEM_IN
0x000000710224A494,LEGOACT_ITEM_OUT
0x000000710224A496,LEGOACT_ITEM_IN_LEFT
0x000000710224A498,LEGOACT_ITEM_OUT_LEFT
0x000000710224A49A,LEGOACT_ITEM_PICKUP
0x000000710224A49C,LEGOACT_ITEM_PICKUP_LEFT
0x000000710224A49E,LEGOACT_ITEM_GRAB
0x000000710224A4A0,LEGOACT_ITEM_GRAB_LEFT
0x000000710224A4A2,LEGOACT_ITEM_THROW
0x000000710224A4A4,LEGOACT_ITEM_CATCH
0x000000710224A4A6,LEGOACT_ITEM_TARGET
0x000000710224A4A8,LEGOACT_ITEM_PLUG
0x000000710224A4AA,LEGOACT_ITEM_UNCLIP
0x000000710224A4AC,LEGOACT_ITEM_SONAR_IDLE
0x000000710224A4AE,LEGOACT_ITEM_SONAR_MOVE
0x000000710224A4B0,LEGOACT_ITEM_SONAR_VICTIM_DEACTIVATED
0x000000710224A4B2,LEGOACT_THROWBANANA
0x000000710224A4B4,LEGOACT_WHEELIE
0x000000710224A4B6,LEGOACT_PADDLE
0x000000710224A4B8,LEGOACT_PUZZLE
0x000000710224A4BA,LEGOACT_PUZZLE2
0x000000710224A4BC,LEGOACT_PUZZLE3
0x000000710224A4BE,LEGOACT_PUZZLE4
0x000000710224A4C0,LEGOACT_KEY_IN
0x000000710224A4C2,LEGOACT_KEY_TURN
0x000000710224A4C4,LEGOACT_KEY_OUT
0x000000710224A4C6,LEGOACT_FLATTEN
0x000000710224A4C8,LEGOACT_SLIDE
0x000000710224A4CA,LEGOACT_RUN1
0x000000710224A4CC,LEGOACT_RUN2
0x000000710224A4CE,LEGOACT_SECURITY
0x000000710224A4D0,LEGOACT_ACCESS_YES
0x000000710224A4D2,LEGOACT_ACCESS_NO
0x000000710224A4D4,LEGOACT_ACCESS_NO2
0x000000710224A4D6,LEGOACT_ACCESS_NO3
0x000000710224A4D8,LEGOACT_ACCESS_OPENHATCH
0x000000710224A4DA,LEGOACT_ACCESS_OPENIDLE
0x000000710224A4DC,LEGOACT_ACCESS_CLOSEHATCH
0x000000710224A4DE,LEGOACT_ACCESS_MINDCONTROLLED
0x000000710224A4E0,LEGOACT_ACCESS_SCARED
0x000000710224A4E2,LEGOACT_ACCESS_LOVEDUP
0x000000710224A4E4,LEGOACT_ACCESS_IDLE1
0x000000710224A4E6,LEGOACT_ACCESS_IDLE2
0x000000710224A4E8,LEGOACT_ACCESS_IDLE3
0x000000710224A4EA,LEGOACT_IN
0x000000710224A4EC,LEGOACT_OUT
0x000000710224A4EE,LEGOACT_SUPERSTRENGTH_THROW
0x000000710224A4F0,LEGOACT_SONAR1
0x000000710224A4F2,LEGOACT_SONAR2
0x000000710224A4F4,LEGOACT_SONAR_FALLLAND
0x000000710224A4F6,LEGOACT_SONAR_IDLE
0x000000710224A4F8,LEGOACT_SONAR_MOVE
0x000000710224A4FA,LEGOACT_SONAR_VICTIM_DEACTIVATED
0x000000710224A4FC,LEGOACT_WOOZY_IDLE
0x000000710224A4FE,LEGOACT_WOOZY_WALK
0x000000710224A500,LEGOACT_RAILS_ATTACK_LEFT
0x000000710224A502,LEGOACT_RAILS_ATTACK_RIGHT
0x000000710224A504,LEGOACT_MAGIC
0x000000710224A506,LEGOACT_MAGIC_RUN
0x000000710224A508,LEGOACT_MAGIC2
0x000000710224A50A,LEGOACT_MAGIC_PUSHED
0x000000710224A50C,LEGOACT_MAGIC_CHOKED
0x000000710224A50E,LEGOACT_MAGIC_LIGHTNINGED
0x000000710224A510,LEGOACT_MAGIC_LOCOMOTE
0x000000710224A512,LEGOACT_MAGIC_FAIL
0x000000710224A514,LEGOACT_DIE_AIR
0x000000710224A516,LEGOACT_DIE_TARGETED
0x000000710224A518,LEGOACT_SIGNAL_HOVER
0x000000710224A51A,LEGOACT_SIGNAL_CHANGE
0x000000710224A51C,LEGOACT_SIGNAL_CHANGE2
0x000000710224A51E,LEGOACT_PANEL
0x000000710224A520,LEGOACT_PANEL_ELECTRIC
0x000000710224A522,LEGOACT_ZAP
0x000000710224A524,LEGOACT_ELECTROCUTE
0x000000710224A526,LEGOACT_ELECTROCUTED
0x000000710224A528,LEGOACT_MINDCONTROL
0x000000710224A52A,LEGOACT_MINDCONTROLLED_IN
0x000000710224A52C,LEGOACT_MINDCONTROLLED_OUT
0x000000710224A52E,LEGOACT_MINDCONTROLLED_WALK
0x000000710224A530,LEGOACT_MINDCONTROLLED_RUN
0x000000710224A532,LEGOACT_MINDCONTROLLED_TIPTOE
0x000000710224A534,LEGOACT_MINDCONTROLLED_IDLE
0x000000710224A536,LEGOACT_GUN_IDLE
0x000000710224A538,LEGOACT_DUALGUN_IDLE
0x000000710224A53A,LEGOACT_TIPTOE2
0x000000710224A53C,LEGOACT_TIPTOE3
0x000000710224A53E,LEGOACT_TIPTOE4
0x000000710224A540,LEGOACT_WALK2
0x000000710224A542,LEGOACT_WALK3
0x000000710224A544,LEGOACT_WALK4
0x000000710224A546,LEGOACT_WALKBACKWARDS
0x000000710224A548,LEGOACT_COMBAT_RUNBACKWARDS
0x000000710224A54A,LEGOACT_WALKBACKWARDS2
0x000000710224A54C,LEGOACT_WALKBACKWARDS3
0x000000710224A54E,LEGOACT_WALKBACKWARDS4
0x000000710224A550,LEGOACT_PUNCH1_1
0x000000710224A552,LEGOACT_PUNCH1_2
0x000000710224A554,LEGOACT_PUNCH1_3
0x000000710224A556,LEGOACT_PUNCH1_4
0x000000710224A558,LEGOACT_PUNCH2_1
0x000000710224A55A,LEGOACT_PUNCH2_2
0x000000710224A55C,LEGOACT_PUNCH2_3
0x000000710224A55E,LEGOACT_RUN3
0x000000710224A560,LEGOACT_RUN4
0x000000710224A562,LEGOACT_LAND4
0x000000710224A564,LEGOACT_FALL2
0x000000710224A566,LEGOACT_FALL3
0x000000710224A568,LEGOACT_FALL4
0x000000710224A56A,LEGOACT_HOVER_UP
0x000000710224A56C,LEGOACT_HOVER_DOWN
0x000000710224A56E,LEGOACT_TRANSFORM
0x000000710224A570,LEGOACT_HATMACHINE_FAIL
0x000000710224A572,LEGOACT_HATMACHINE_IN
0x000000710224A574,LEGOACT_HATMACHINE_OUT
0x000000710224A576,LEGOACT_GRAB
0x000000710224A578,LEGOACT_EAT
0x000000710224A57A,LEGOACT_DETONATOR_THROW_WEAPONIN
0x000000710224A57C,LEGOACT_DETONATOR_THROW_WEAPONOUT
0x000000710224A57E,LEGOACT_DETONATOR_THROW_HOVER
0x000000710224A580,LEGOACT_RIDE
0x000000710224A582,LEGOACT_PADDLE_FAIL
0x000000710224A584,LEGOACT_PADDLE_IDLE
0x000000710224A586,LEGOACT_PADDLE_MOVE
0x000000710224A588,LEGOACT_STAFF_ATTACH
0x000000710224A58A,LEGOACT_STAFF_IDLE
0x000000710224A58C,LEGOACT_STAFF_LEFT
0x000000710224A58E,LEGOACT_STAFF_RIGHT
0x000000710224A590,LEGOACT_BUILDER_CARRY_IDLE
0x000000710224A592,LEGOACT_BUILDER_CARRY_WALK
0x000000710224A594,LEGOACT_BUILDER_CARRY_PICKUP
0x000000710224A596,LEGOACT_BUILDER_CARRY_PUTDOWN
0x000000710224A598,LEGOACT_BUILDER_EDIT_TARGETING
0x000000710224A59A,LEGOACT_BUILDER_WALL_TARGETING
0x000000710224A59C,LEGOACT_BUILDER_ACTION_TARGETING
0x000000710224A59E,LEGOACT_SECURITY3
0x000000710224A5A0,LEGOACT_SECURITY4
0x000000710224A5A2,LEGOACT_SECURITY5
0x000000710224A5A4,LEGOACT_LIGHTUP_IDLE
0x000000710224A5A6,LEGOACT_LIGHTUP_CAST
0x000000710224A5A8,LEGOACT_LIGHTUP_WALK
0x000000710224A5AA,LEGOACT_LIGHTUP_RUN
0x000000710224A5AC,LEGOACT_LIGHTUP_JUMP
0x000000710224A5AE,LEGOACT_LIGHTUP_TIPTOE
0x000000710224A5B0,LEGOACT_LIGHTUP_WHOOMPH
0x000000710224A5B2,LEGOACT_PLANT_GRABBED
0x000000710224A5B4,LEGOACT_PLANT_GRABBED_WALL
0x000000710224A5B6,LEGOACT_PLANT_POTTED
0x000000710224A5B8,LEGOACT_MANDRAKE_POTTING
0x000000710224A5BA,LEGOACT_MANDRAKE_IDLE
0x000000710224A5BC,LEGOACT_MANDRAKE_WALK
0x000000710224A5BE,LEGOACT_CELEBRATION
0x000000710224A5C0,LEGOACT_CONGRATULATE_1
0x000000710224A5C2,LEGOACT_CONGRATULATE_2
0x000000710224A5C4,LEGOACT_CONGRATULATE_3
0x000000710224A5C6,LEGOACT_CONGRATULATE_NEGATIVE_1
0x000000710224A5C8,LEGOACT_CONGRATULATE_NEGATIVE_2
0x000000710224A5CA,LEGOACT_CONGRATULATE_NEGATIVE_3
0x000000710224A5CC,LEGOACT_LAUGH
0x000000710224A5CE,LEGOACT_PONDER
0x000000710224A5D0,LEGOACT_GRABBER_START_GRAB
0x000000710224A5D2,LEGOACT_GRABBER_END_GRAB
0x000000710224A5D4,LEGOACT_GRABBER_OPEN_HAND
0x000000710224A5D6,LEGOACT_GRABBER_CLOSE_HAND
0x000000710224A5D8,LEGOACT_ALTEREGO_IN
0x000000710224A5DA,LEGOACT_ALTEREGO_OUT
0x000000710224A5DC,LEGOACT_SPECIAL_MOVE_1
0x000000710224A5DE,LEGOACT_BUYME
0x000000710224A5E0,LEGOACT_DIE
0x000000710224A5E2,LEGOACT_FIGHT1
0x000000710224A5E4,LEGOACT_FIGHT2
0x000000710224A5E6,LEGOACT_FIGHT3
0x000000710224A5E8,LEGOACT_FIGHT4
0x000000710224A5EA,LEGOACT_FIGHT5
0x000000710224A5EC,LEGOACT_FIGHT6
0x000000710224A5EE,LEGOACT_WEAPON_FIGHT1
0x000000710224A5F0,LEGOACT_BLOCK1
0x000000710224A5F2,LEGOACT_BLOCK2
0x000000710224A5F4,LEGOACT_BLOCK3
0x000000710224A5F6,LEGOACT_BLOCK4
0x000000710224A5F8,LEGOACT_BLOCK5
0x000000710224A5FA,LEGOACT_BLOCK6
0x000000710224A5FC,LEGOACT_LEVITATED_IDLE
0x000000710224A5FE,LEGOACT_LEVITATED_LEFT
0x000000710224A600,LEGOACT_LEVITATED_RIGHT
0x000000710224A602,LEGOACT_LEVITATED_UP
0x000000710224A604,LEGOACT_LEVITATED_DOWN
0x000000710224A606,LEGOACT_LEVITATED_THROWN
0x000000710224A608,LEGOACT_PUNCH_BLOCK_1
0x000000710224A60A,LEGOACT_PUNCH_BLOCK_2
0x000000710224A60C,LEGOACT_PUNCH_BLOCK_3
0x000000710224A60E,LEGOACT_PUNCH_BLOCK_4
0x000000710224A610,LEGOACT_PUNCH_BLOCK_5
0x000000710224A612,LEGOACT_PUNCH_BLOCK_6
0x000000710224A614,LEGOACT_GREET
0x000000710224A616,LEGOACT_GREET_NEGATIVE
0x000000710224A618,LEGOACT_SHRUG
0x000000710224A61A,LEGOACT_WAND_CHARGE
0x000000710224A61C,LEGOACT_AGED_IDLE
0x000000710224A61E,LEGOACT_AGED_WALK
0x000000710224A620,LEGOACT_BROOM_SHOOT
0x000000710224A622,LEGOACT_LIGHTUP_WATER_CAST
0x000000710224A624,LEGOACT_LIGHTUP_WATER_IDLE
0x000000710224A626,LEGOACT_LIGHTUP_WATER_WALK
0x000000710224A628,LEGOACT_LIGHTUP_WATER_WHOOMPH
0x000000710224A62A,LEGOACT_SHOOT_WATER
0x000000710224A62C,LEGOACT_WAND_CHARGE_WATER
0x000000710224A62E,LEGOACT_SPELLIT_WATER
0x000000710224A630,LEGOACT_LOCOMOTE_WATER
0x000000710224A632,LEGOACT_SUPERCARRY_WATER_IDLE
0x000000710224A634,LEGOACT_SUPERCARRY_WATER_WALK
0x000000710224A636,LEGOACT_SUPERCARRY_WATER_PICKUP
0x000000710224A638,LEGOACT_JUMP_WATER
0x000000710224A63A,LEGOACT_SWIM_RECOIL
0x000000710224A63C,LEGOACT_CHOOSE
0x000000710224A63E,LEGOACT_CHOOSETAG
0x000000710224A640,LEGOACT_TAKEHIT_KNOCKBACK
0x000000710224A642,LEGOACT_HOVER
0x000000710224A644,LEGOACT_FLY
0x000000710224A646,LEGOACT_FLY_WALK
0x000000710224A648,LEGOACT_FLY_TIPTOE
0x000000710224A64A,LEGOACT_FLY_FAIL
0x000000710224A64C,LEGOACT_SABRECUTOVAL
0x000000710224A64E,LEGOACT_FLYBACK
0x000000710224A650,LEGOACT_FLYBACK_LAND
0x000000710224A652,LEGOACT_SURRENDER
0x000000710224A654,LEGOACT_BASH
0x000000710224A656,LEGOACT_SWORD_LVR_PULL
0x000000710224A658,LEGOACT_SWORD_LVR_STRUGGLE
0x000000710224A65A,LEGOACT_SWORD_LVR_LOOP
0x000000710224A65C,LEGOACT_SWORD_LVR_END
0x000000710224A65E,LEGOACT_BALANCE_IDLE
0x000000710224A660,LEGOACT_BALANCE_TIPTOE
0x000000710224A662,LEGOACT_BALANCE_WALK
0x000000710224A664,LEGOACT_BALANCE_RUN
0x000000710224A666,LEGOACT_BALANCE_LAND
0x000000710224A668,LEGOACT_CANNON_READY
0x000000710224A66A,LEGOACT_CANNON_AIM
0x000000710224A66C,LEGOACT_CANNON_FIRE
0x000000710224A66E,LEGOACT_SPYGLASS_ATTACH
0x000000710224A670,LEGOACT_SPYGLASS_IDLE
0x000000710224A672,LEGOACT_SPYGLASS_DETACH
0x000000710224A674,LEGOACT_ZIPUP_UP
0x000000710224A676,LEGOACT_ZIPUP_START
0x000000710224A678,LEGOACT_GLIDE
0x000000710224A67A,LEGOACT_STARTGLIDE
0x000000710224A67C,LEGOACT_ENDGLIDE
0x000000710224A67E,LEGOACT_ENDGLIDELAND
0x000000710224A680,LEGOACT_TIREDGLIDE
0x000000710224A682,LEGOACT_POWERUPGLIDE
0x000000710224A684,LEGOACT_REMOTECONTROL_ENTER
0x000000710224A686,LEGOACT_REMOTECONTROL_USE
0x000000710224A688,LEGOACT_REMOTECONTROL_EXIT
0x000000710224A68A,LEGOACT_KEY_ENTER
0x000000710224A68C,LEGOACT_KEY_EXIT
0x000000710224A68E,LEGOACT_VALVE_HORIZONTAL_ENTER
0x000000710224A690,LEGOACT_VALVE_HORIZONTAL_EXIT
0x000000710224A692,LEGOACT_VALVE_VERTICAL_ENTER
0x000000710224A694,LEGOACT_VALVE_VERTICAL_EXIT
0x000000710224A696,LEGOACT_PUZZLE_ENTER
0x000000710224A698,LEGOACT_PUZZLE_EXIT
0x000000710224A69A,LEGOACT_ATTACK36
0x000000710224A69C,LEGOACT_ATTACK37
0x000000710224A69E,LEGOACT_ATTACK38
0x000000710224A6A0,LEGOACT_ATTACKED36
0x000000710224A6A2,LEGOACT_ATTACKED37
0x000000710224A6A4,LEGOACT_ATTACKED38
0x000000710224A6A6,LEGOACT_FREEZE_BREATH
0x000000710224A6A8,LEGOACT_FREEZE_BREATH_RUN
0x000000710224A6AA,LEGOACT_IDLE_PORTRAIT
0x000000710224A6AC,g_ApiCharClip_MinSize
0x000000710224A6B0,g_ApiCharClip_MaxSize
0x000000710224A6B4,g_ApiCharClip_Norm_Size_Min
0x000000710224A6B8,g_ApiCharClip_Norm_Size_Max
0x000000710224A6BC,g_ApiCharClip_Scale
0x000000710224A6C0,_ZTV12GAMEANIMDATA
0x000000710224A708,_ZTV18GAMEANIMDATAHelper
0x000000710224A868,_ZTV26LegoAnimTriggerContextData
0x000000710224A898,_ZTV30LegoAnimTriggerCameraShakeData
0x000000710224A8F0,_ZTV25LegoAnimTriggerImpactData
0x000000710224A948,_ZTV27LegoAnimTriggerFootStepData
0x000000710224A9A0,_ZTVN27LegoAnimTriggerFootStepData25FootstepTriggerUpdateDataE
0x000000710224A9C0,_ZTV33LegoAnimTriggerFootStepDataHelper
0x000000710224AB50,_ZTV27LegoAnimTriggerGamePlayData
0x000000710224ABA8,_ZTV15CharDefGameData
0x000000710224AC08,_ZTV20CharSkeletonGameData
0x000000710224AC58,_ZTV34LegoAnimTriggerSpawnLayerPartsData
0x000000710224ACB0,_ZTV13GAMEOBJECTSYS
0x000000710224ACD0,MakeLayerList
0x000000710224ACD8,_ZTV32LegoAnimTriggerContextDataHelper
0x000000710224AE38,_ZTV36LegoAnimTriggerCameraShakeDataHelper
0x000000710224AF98,_ZTV31LegoAnimTriggerImpactDataHelper
0x000000710224B0F8,_ZTV33LegoAnimTriggerGamePlayDataHelper
0x000000710224B258,_ZTV21CharDefGameDataHelper
0x000000710224B3B8,_ZTV26CharSkeletonGameDataHelper
0x000000710224B518,_ZTV40LegoAnimTriggerSpawnLayerPartsDataHelper
0x000000710224B678,_ZTV28CharDefGameDataLoadEventData
0x000000710224B6A0,Area
0x000000710224B6A4,g_firstCustomisableId
0x000000710224B6A8,g_areaGlobalsPtr
0x000000710224B6B0,AREA_DEFAULTBONUSTIMETRIALTIME
0x000000710224B6B4,AREA_DEFAULTCHALLENGETIME
0x000000710224B6B8,NUMLEVELSPERAREA
0x000000710224B6BC,LEGOCAMMODE_DOORCUT
0x000000710224B6C0,LEGOCAMMODE_OBSTACLE
0x000000710224B6C4,KeepOnScreen_SidesOnly
0x000000710224B6C5,PerLevelCamLookRotMul_Enabled
0x000000710224B6C8,g_LookRotFovMul
0x000000710224B6D0,GameCam_ObjLookingWithLeftStick
0x000000710224B6D8,CurrentSpeed
0x000000710224B6DC,BaseCurrentSpeed
0x000000710224B6E4,DefaultTiedUpLocator
0x000000710224B6E8,DefaultPantsLocator
0x000000710224B6EC,VARIANT_WEIRDO
0x000000710224B6F0,ExtraModelList
0x000000710224DBD0,times
0x000000710224DBD4,CHARSHADOWS_ON
0x000000710224DBD8,CheatSys
0x000000710224DBE0,CHEAT_ICERINK_FRICTION
0x000000710224DBE4,LEGOCHEAT_ADAPTIVEDIFFICULTY
0x000000710224DBE5,LEGOCHEAT_DETONATORX6
0x000000710224DBE6,LEGOCHEAT_MAGNETMOVE
0x000000710224DBE7,LEGOCHEAT_EXTRAHEARTS
0x000000710224DBE8,LEGOCHEAT_ALWAYSSCOREMULTIPLY
0x000000710224DBE9,LEGOCHEAT_ARMOURPLATING
0x000000710224DBEA,LEGOCHEAT_MAGIC_DARKSIDE
0x000000710224DBEB,LEGOCHEAT_MAGIC_PULL
0x000000710224DBEC,LEGOCHEAT_SUPERZAPPER
0x000000710224DBED,LEGOCHEAT_SUPERASTROMECH
0x000000710224DBEE,LEGOCHEAT_SUPERDETONATORS
0x000000710224DBEF,LEGOCHEAT_INFINITETORPEDOS
0x000000710224DBF0,LEGOCHEAT_NICKNAMES
0x000000710224DBF1,LEGOCHEAT_SUPERDRAGBOMB
0x000000710224DBF2,LEGOCHEAT_CABLE_INSTANTZAP
0x000000710224DBF3,LEGOCHEAT_DISARM
0x000000710224DBF4,LEGOCHEAT_IMMUNETOPHOBIA
0x000000710224DBF5,LEGOCHEAT_SNAKEWHIP
0x000000710224DBF6,LEGOCHEAT_DOOMEDRECOVERY
0x000000710224DBF7,LEGOCHEAT_BREATHEUNDERWATER
0x000000710224DBF8,LEGOCHEAT_COLLECTGHOSTSTUDS
0x000000710224DBF9,LEGOCHEAT_SUPERSTRENGTH
0x000000710224DBFC,Cheat_CharacterStuds_Value
0x000000710224DC00,menudrawentercode_toparrowmul
0x000000710224DC04,menudrawentercode_botarrowmul
0x000000710224DC08,g_fE3EnableConsole
0x000000710224DC10,Cheats_CountPowerBricksFn
0x000000710224DC18,_ZTV14CheatEventData
0x000000710224DC40,CHOOSER_RADIALMENUBIGICONSCALE
0x000000710224DC48,LEGOASCII_CHOOSERNODE
0x000000710224DC50,LEGOASCII_MINICHOOSERNODE_NSEW
0x000000710224DC58,LEGOASCII_MINICHOOSERNODE_DIAG
0x000000710224DC60,_ZTV7Chooser
0x000000710224DC8C,MAGNETCHEAT_SPEEDMUL
0x000000710224DC90,NormalClimbDefaultSpeed
0x000000710224DC94,MagnetClimbDefaultSpeed
0x000000710224DC98,Climb_GetOffAtBottom
0x000000710224DCA0,CanMagnetClimbFn
0x000000710224DCA8,threshold
0x000000710224DCAA,angle1
0x000000710224DCAC,angle2
0x000000710224DCB0,COLLECTION_DX
0x000000710224DCB4,COLLECTION_DY
0x000000710224DCB8,COLLECTION_DEFAULTSCALE
0x000000710224DCBC,COLLECTION_ICONSIZE
0x000000710224DCC0,COLLECTION_DELTA
0x000000710224DCC4,COLLECTION_Y_HUB
0x000000710224DCC8,COLLECTION_Y_STATUS
0x000000710224DCCC,COLLECTION_VEHICLE_Y_STATUS
0x000000710224DCD0,COLLECTION_DRAW_Z
0x000000710224DCD4,COLLECTION_FADED_ICON_ALPHA
0x000000710224DCD8,COLLECTION_CATS
0x000000710224DCDC,collection_draw_builder
0x000000710224DCE0,drawcollection_drawselectedscale
0x000000710224DCE4,drawcollection_drawselectedscale2
0x000000710224DCE8,_ZTV19CollectionEventData
0x000000710224DD10,COLOUREDBRICK_PANEL_SCALE
0x000000710224DD14,_ZN12LegoContexts14s_inputChooserE
0x000000710224DD18,_ZN18LegoContextHandler25m_next_context_handler_idE
0x000000710224DD1C,LEGOCONTEXT_JUMP
0x000000710224DD20,LEGOCONTEXT_LAND_JUMP
0x000000710224DD24,LEGOCONTEXT_LAND_JUMP2
0x000000710224DD28,LEGOCONTEXT_LAND_FLIP
0x000000710224DD2C,LEGOCONTEXT_LAND_COMBOJUMP
0x000000710224DD30,LEGOCONTEXT_COMBO
0x000000710224DD34,LEGOCONTEXT_WEAPONIN
0x000000710224DD38,LEGOCONTEXT_WEAPONOUT
0x000000710224DD3C,LEGOCONTEXT_COMBOROTATE
0x000000710224DD40,LEGOCONTEXT_SHOOT_RAPIDFIRE
0x000000710224DD44,LEGOCONTEXT_SHOOT_TIGHTROPE
0x000000710224DD48,LEGOCONTEXT_SHOOT
0x000000710224DD4C,LEGOCONTEXT_GRAPPLE_SHOOT
0x000000710224DD50,LEGOCONTEXT_BLOCK
0x000000710224DD54,LEGOCONTEXT_LAND_LUNGE
0x000000710224DD58,LEGOCONTEXT_LAND_SLAM
0x000000710224DD5C,LEGOCONTEXT_TELEPORT
0x000000710224DD60,LEGOCONTEXT_DOORTELEPORT
0x000000710224DD64,LEGOCONTEXT_SWIPE
0x000000710224DD68,LEGOCONTEXT_TUBE
0x000000710224DD6C,LEGOCONTEXT_HOVERUP
0x000000710224DD70,LEGOCONTEXT_TAKEHIT
0x000000710224DD74,LEGOCONTEXT_ZAP
0x000000710224DD78,LEGOCONTEXT_DEACTIVATED
0x000000710224DD7C,LEGOCONTEXT_HOLD
0x000000710224DD80,LEGOCONTEXT_LAND_SPECIAL
0x000000710224DD84,LEGOCONTEXT_COMMUNICATE
0x000000710224DD88,LEGOCONTEXT_FLY_HOVER
0x000000710224DD8C,LEGOCONTEXT_BIGJUMP
0x000000710224DD90,LEGOCONTEXT_BACKFLIP
0x000000710224DD94,LEGOCONTEXT_RECOIL
0x000000710224DD98,LEGOCONTEXT_DROPIN
0x000000710224DD9C,LEGOCONTEXT_DROPOUT
0x000000710224DDA0,LEGOCONTEXT_DODGE
0x000000710224DDA4,LEGOCONTEXT_PUNCH
0x000000710224DDA8,LEGOCONTEXT_PUSH
0x000000710224DDAC,LEGOCONTEXT_PUSHSPINNER
0x000000710224DDB0,LEGOCONTEXT_LAND_COMBATROLL
0x000000710224DDB4,LEGOCONTEXT_TURN
0x000000710224DDB8,LEGOCONTEXT_DOOMED
0x000000710224DDBC,LEGOCONTEXT_LAUNCH
0x000000710224DDC0,LEGOCONTEXT_GRABBED
0x000000710224DDC4,LEGOCONTEXT_ROLL
0x000000710224DDC8,LEGOCONTEXT_UNROLL
0x000000710224DDCC,LEGOCONTEXT_SLIDE
0x000000710224DDD0,LEGOCONTEXT_DRAGGED
0x000000710224DDD4,LEGOCONTEXT_LOOP
0x000000710224DDD8,LEGOCONTEXT_POO
0x000000710224DDDC,LEGOCONTEXT_GRAB
0x000000710224DDE0,LEGOCONTEXT_EATEN
0x000000710224DDE4,LEGOCONTEXT_BARRELROLL
0x000000710224DDE8,LEGOCONTEXT_BEENTAKENOVER
0x000000710224DDEC,LEGOCONTEXT_GETIN
0x000000710224DDF0,LEGOCONTEXT_FLATTEN
0x000000710224DDF4,LEGOCONTEXT_BUCK
0x000000710224DDF8,LEGOCONTEXT_EAT
0x000000710224DDFC,LEGOCONTEXT_DISORIENTATE
0x000000710224DE00,LEGOCONTEXT_ACTIVATE
0x000000710224DE04,LEGOCONTEXT_ZAPPEDBYFLOOR
0x000000710224DE08,LEGOCONTEXT_CLIMB
0x000000710224DE0C,LEGOCONTEXT_WALLSHUFFLE
0x000000710224DE10,LEGOCONTEXT_GRAPPLE
0x000000710224DE14,LEGOCONTEXT_FLOAT
0x000000710224DE18,LEGOCONTEXT_HANG
0x000000710224DE1C,LEGOCONTEXT_GLIDE
0x000000710224DE20,LEGOCONTEXT_TECHNO
0x000000710224DE24,LEGOCONTEXT_TRANSFORM
0x000000710224DE28,LEGOCONTEXT_WALLJUMPWAIT
0x000000710224DE2C,LEGOCONTEXT_SUPERCARRY
0x000000710224DE30,LEGOCONTEXT_PUSHOBSTACLE
0x000000710224DE34,LEGOCONTEXT_STUNNED
0x000000710224DE38,LEGOCONTEXT_BALLOONING
0x000000710224DE3C,LEGOCONTEXT_DIE_AIR
0x000000710224DE40,LEGOCONTEXT_DIE_GROUND
0x000000710224DE44,LEGOCONTEXT_PICKINGUPHAT
0x000000710224DE48,LEGOCONTEXT_WHIP
0x000000710224DE4C,LEGOCONTEXT_NETWAIT
0x000000710224DE50,LEGOCONTEXT_DIG
0x000000710224DE54,LEGOCONTEXT_PUZZLE
0x000000710224DE58,LEGOCONTEXT_MINDCONTROL
0x000000710224DE5C,LEGOCONTEXT_GRAPPLE_CATCH
0x000000710224DE60,LEGOCONTEXT_GRAPPLE_SHOOT_TARGETING
0x000000710224DE64,LEGOCONTEXT_WHEELIE
0x000000710224DE68,LEGOCONTEXT_ZAPPED
0x000000710224DE6C,LEGOCONTEXT_RIDEOBJECT
0x000000710224DE70,LEGOCONTEXT_AISCRIPTANIMATION
0x000000710224DE74,LEGOCONTEXT_MINDCONTROLLED_INOUT
0x000000710224DE78,LEGOCONTEXT_PUSHOBSTHELP
0x000000710224DE7C,LEGOCONTEXT_COWER
0x000000710224DE80,LEGOCONTEXT_ELECTRICZAP
0x000000710224DE84,LEGOCONTEXT_SIDEVIEWTURN
0x000000710224DE88,LEGOCONTEXT_LADDER
0x000000710224DE8C,LEGOCONTEXT_SPELLIT
0x000000710224DE90,LEGOCONTEXT_SHOOT_TARGETING_TIGHTROPE
0x000000710224DE94,LEGOCONTEXT_SHOOT_TARGETING
0x000000710224DE98,LEGOCONTEXT_MISC_TARGETING
0x000000710224DE9C,LEGOCONTEXT_LIGHTBEAM
0x000000710224DEA0,LEGOCONTEXT_SWITCH
0x000000710224DEA4,LEGOCONTEXT_SPELLCAST
0x000000710224DEA8,LEGOCONTEXT_WHIP_TARGET
0x000000710224DEAC,LEGOCONTEXT_POTION_TRANSFORMATION
0x000000710224DEB0,LEGOCONTEXT_CELEBRATION
0x000000710224DEB4,LEGOCONTEXT_CONGRATULATE
0x000000710224DEB8,LEGOCONTEXT_ITEM_TARGETING
0x000000710224DEBC,LEGOCONTEXT_PUPPET
0x000000710224DEC0,LEGOCONTEXT_TAG_ALTEREGO
0x000000710224DEC4,LEGOCONTEXT_GREET
0x000000710224DEC8,LEGOCONTEXT_SHRUG
0x000000710224DECC,LEGOCONTEXT_SHRUG_TIGHTROPE
0x000000710224DED0,LEGOCONTEXT_PURCHASE
0x000000710224DED4,LEGOCONTEXT_SEARCH
0x000000710224DED8,LEGOCONTEXT_SPECIALMOVE_TARGETING
0x000000710224DEDC,LEGOCONTEXT_DIE_TARGETED
0x000000710224DEE0,LEGOCONTEXT_PHYSICSDEFLECT
0x000000710224DEE4,LEGOCONTEXT_VEHICLEJUMP
0x000000710224DEE8,LEGOCONTEXT_VEHICLELAND
0x000000710224DEEC,LEGOCONTEXT_VEHICLEFALL
0x000000710224DEF0,LEGOCONTEXT_VEHICLEHORN
0x000000710224DEF4,LEGOCONTEXT_WEBBED
0x000000710224DEF8,LEGOCONTEXT_CHOOSE
0x000000710224DEFC,LEGOCONTEXT_COUPLED_TARGETING
0x000000710224DF00,LEGOCONTEXT_CARGO_DEPLOY
0x000000710224DF04,LEGOCONTEXT_PHYSICS_LAUNCH
0x000000710224DF08,LEGOCONTEXT_RADIO_TARGETING
0x000000710224DF0C,LEGOCONTEXT_RADIO_CALLING
0x000000710224DF10,LEGOCONTEXT_TIGHTROPE
0x000000710224DF14,LEGOCONTEXT_TIGHTROPE_CATCH
0x000000710224DF18,LEGOCONTEXT_GRAPPLE_ATTACK
0x000000710224DF1C,LEGOCONTEXT_TURNANIM
0x000000710224DF20,LEGOCONTEXT_HITWALL
0x000000710224DF24,LEGOCONTEXT_RUNSTOP
0x000000710224DF28,LEGOCONTEXT_BIGBOSS_STATIC_ATTACK
0x000000710224DF2C,LEGOCONTEXT_POLE
0x000000710224DF30,LEGOCONTEXT_CODE_ANIMATION
0x000000710224DF34,LEGOCONTEXT_HANDCUFF
0x000000710224DF38,LEGOCONTEXT_HANDCUFFED
0x000000710224DF3C,LEGOCONTEXT_CRANE
0x000000710224DF40,_ZTV12LegoContexts
0x000000710224E0B8,LEGOCONTEXT_LEDGE
0x000000710224E0BC,LEGOCONTEXT_UPHILLRUN
0x000000710224E0C0,LEGOCONTEXT_SPECIALMOVE_ATTACKER
0x000000710224E0C4,LEGOCONTEXT_SPECIALMOVE_VICTIM
0x000000710224E0C8,LEGOCONTEXT_SONAR
0x000000710224E0CC,LEGOCONTEXT_WHIP_SPIN
0x000000710224E0D0,LEGOCONTEXT_PULLLEVER
0x000000710224E0D4,LEGOCONTEXT_PLAYERITEM
0x000000710224E0D8,LEGOCONTEXT_INBARREL
0x000000710224E0DC,LEGOCONTEXT_SECURITYDOOR
0x000000710224E0E0,LEGOCONTEXT_MINDCONTROLLED
0x000000710224E0E4,LEGOCONTEXT_VEHICLE_TARGETING
0x000000710224E0E8,LEGOCONTEXT_SIGNAL
0x000000710224E0EC,LEGOCONTEXT_BUILDER
0x000000710224E0F0,LEGOCONTEXT_PULL_CHAIN
0x000000710224E0F4,LEGOCONTEXT_FLY_TO_AI_POS
0x000000710224E0F8,LEGOCONTEXT_LEGOITEM
0x000000710224E0FC,LEGOCONTEXT_NOPHOBIA
0x000000710224E100,LEGOCONTEXT_LIGHTUP
0x000000710224E104,Chooser_NewSpellControls
0x000000710224E108,Chooser_MultiToggle
0x000000710224E10C,Chooser_DegPerSec
0x000000710224E110,_ZTV18LegoContextHandler
0x000000710224E1E8,_ZTV22LegoContextHandlerBaseI19ComboContextHandlerE
0x000000710224E2C0,_ZTV22LegoContextHandlerBaseI28ShootTightropeContextHandlerE
0x000000710224E398,_ZTV22LegoContextHandlerBaseI37ShootTargetingTightRopeContextHandlerE
0x000000710224E470,_ZTV23TightropeContextHandler
0x000000710224E548,_ZTV22LegoContextHandlerBaseI23TightropeContextHandlerE
0x000000710224E620,Credits_Duration
0x000000710224E6E8,_ZTV15LegoCustomisers
0x000000710224E930,_ZTV17CustomiserManager
0x000000710224E988,_ZTV10Customiser
0x000000710224EBF8,_ZTV14CustomiserMenu
0x000000710224EC40,_ZTV13CharacterMenu
0x000000710224EC88,_ZTV23CustomiserMaterialsPool
0x000000710224ECC0,_ZTV25CustomiserAttachmentsPool
0x000000710224ECF8,_ZTV19CustomiserEventData
0x000000710224ED20,drop_in_teleport
0x000000710224ED24,teleport_all_freeplay_modes
0x000000710224ED28,DROP_BACK_IN_TIME
0x000000710224ED2C,dofix
0x000000710224ED30,FadeType_InGame
0x000000710224ED34,FadeType_AreaChange
0x000000710224ED38,GetInGameFadeTypeFn
0x000000710224ED40,GetAreaChangeFadeTypeFn
0x000000710224ED48,fadesys_nodraw
0x000000710224ED50,_ZTV12LegoFadeBase
0x000000710224EDA0,_ZTV4Fade
0x000000710224EDF0,_ZTV9BlackWipe
0x000000710224EE40,_ZTV15StillScreenWipe
0x000000710224EE90,_ZTV9CrossFade
0x000000710224EEE0,_ZTV14BlackCrossFade
0x000000710224EF30,_ZTV8SpinWipe
0x000000710224EF80,_ZTV11StillScreen
0x000000710224EFD0,_ZTV11GameAnimObj
0x000000710224EFF0,_ZTV11GameAnimSys
0x000000710224F010,_ZTV11GameAnimSet
0x000000710224F030,AddGameMsg_Default
0x000000710224F0D8,PICKUP_ARROW_SCALE
0x000000710224F0DC,PROMPT_SCALE
0x000000710224F0E0,TrueHeroFancyMessageTime
0x000000710224F0E4,DRAGBOMBTARGETMSGSCALE
0x000000710224F0E8,TORPEDOTARGETMSGSCALE
0x000000710224F0EC,SuperStoryEpisode
0x000000710224F0F0,USELEVELPLAY
0x000000710224F0F4,LevelPlayID
0x000000710224F114,pause_i_pad
0x000000710224F118,Demo_QuitToStatus
0x000000710224F11C,BonusWinner
0x000000710224F120,adaptivedifficulty
0x000000710224F150,adtab
0x000000710224F158,ad_plrhit
0x000000710224F15C,ad_hitplr
0x000000710224F160,_ZTV7FLOWBOX
0x000000710224F1B0,_ZTV9FLOWGIZMO
0x000000710224F280,_ZTV7GIZFLOW
0x000000710224F2B0,_ZTV12FLOWGIZMOSET
0x000000710224F2F8,_ZTV15FlowObjectGizmo
0x000000710224F5A8,_ZTV29LegoFlowInterface_LevelHelper
0x000000710224F708,_ZTV32LegoFlowInterface_CutsceneHelper
0x000000710224F868,_ZTV14GizFlowManager
0x000000710224F930,_ZN17GlobalSaveOptions23m_GlobalOptionsLanguageE
0x000000710224F938,_ZTV17GlobalSaveOptions
0x000000710224F968,HINTS_ON
0x000000710224F96C,LEGOHINT_SHOOTCAMERAS
0x000000710224F970,LEGOHINT_PUSHBLOCK
0x000000710224F974,LEGOHINT_PUSHOBSTACLE
0x000000710224F978,LEGOHINT_PUSHOBSTHELP
0x000000710224F97C,LEGOHINT_SUPERSTRENGTH
0x000000710224F980,LEGOHINT_BUILD
0x000000710224F984,LEGOHINT_GRAPPLE
0x000000710224F988,LEGOHINT_TIGHTROPE
0x000000710224F98C,LEGOHINT_SIGNALNEARBY
0x000000710224F990,LEGOHINT_SIGNALSWAPBACK
0x000000710224F994,LEGOHINT_DETONATOREXPLODE
0x000000710224F998,LEGOHINT_TELEPORT_CAN_USE
0x000000710224F99C,LEGOHINT_TELEPORT_CANT_USE
0x000000710224F9A0,LEGOHINT_GETINVEHICLES
0x000000710224F9A4,LEGOHINT_GETOUTOFVEHICLES
0x000000710224F9A8,LEGOHINT_RIDEBEASTS
0x000000710224F9AC,LEGOHINT_GETINCRANES
0x000000710224F9B0,LEGOHINT_OPERATECRANES
0x000000710224F9B4,LEGOHINT_ZIPUP
0x000000710224F9B8,LEGOHINT_WHEELIE
0x000000710224F9BC,LEGOHINT_WHIPPER_HORIZONTAL
0x000000710224F9C0,LEGOHINT_WHIPPER_VERTICAL
0x000000710224F9C4,LEGOHINT_WHIP_GRAB
0x000000710224F9C8,LEGOHINT_DIG_DIG
0x000000710224F9CC,LEGOHINT_DIG_FIX
0x000000710224F9D0,LEGOHINT_DIG_DIG_NEG
0x000000710224F9D4,LEGOHINT_DIG_FIX_NEG
0x000000710224F9D8,LEGOHINT_CROOKS_DIG_NEG
0x000000710224F9DC,LEGOHINT_TECHNO_NEEDTOFINDHANDLE
0x000000710224F9E0,LEGOHINT_TECHNO_NEEDTOATTACHHANDLE
0x000000710224F9E4,LEGOHINT_TECHNO_WINDHANDLE
0x000000710224F9E8,LEGOHINT_TECHNO_BACKWARDS
0x000000710224F9EC,LEGOHINT_TECHNO_TAKEOVER
0x000000710224F9F0,LEGOHINT_SWITCH
0x000000710224F9F4,LEGOHINT_SUPERCARRY_PICKUP
0x000000710224F9F8,LEGOHINT_SUPERCARRY_THROW
0x000000710224F9FC,LEGOHINT_SUPERCARRY_PLUG
0x000000710224FA00,LEGOHINT_HIGHJUMP
0x000000710224FA04,LEGOHINT_TWIRLPOLE
0x000000710224FA08,LEGOHINT_TWIRLPOLE2
0x000000710224FA0C,LEGOHINT_SONAR
0x000000710224FA10,LEGOHINT_PUZZLE_NEEDITEM
0x000000710224FA14,LEGOHINT_PUZZLE_READY
0x000000710224FA18,LEGOHINT_PUZZLE_HOWITWORKS
0x000000710224FA1C,LEGOHINT_PUZZLE_CANTUSE
0x000000710224FA20,LEGOHINT_DETONATOR_EXPLODE
0x000000710224FA24,LEGOHINT_DETONATOR_DRIVE
0x000000710224FA28,LEGOHINT_PHOBIA
0x000000710224FA2C,LEGOHINT_1STTAG
0x000000710224FA30,LEGOHINT_2NDTAG
0x000000710224FA34,LEGOHINT_FREEPLAY
0x000000710224FA38,LEGOHINT_SUPERFREEPLAY
0x000000710224FA3C,LEGOHINT_SPINNER
0x000000710224FA40,LEGOHINT_BEAST_CARRY
0x000000710224FA44,LEGOHINT_BEAST_MUD
0x000000710224FA48,LEGOHINT_BEAST_BUCK
0x000000710224FA4C,LEGOHINT_WEIGHTOBSTACLE
0x000000710224FA50,LEGOHINT_DRIVINGTRUCKS
0x000000710224FA54,LEGOHINT_FIRSTLEVELCOMPLETE
0x000000710224FA58,LEGOHINT_STORYMODE
0x000000710224FA5C,LEGOHINT_FREEPLAYMODE
0x000000710224FA60,LEGOHINT_MAGIC
0x000000710224FA64,LEGOHINT_PRESSTOLOOP
0x000000710224FA68,LEGOHINT_FIRETOWCABLE
0x000000710224FA6C,LEGOHINT_GOOP
0x000000710224FA70,LEGOHINT_MINDCONTROL
0x000000710224FA74,LEGOHINT_SECURITY
0x000000710224FA78,LEGOHINT_DOUBLEJUMP
0x000000710224FA7C,LEGOHINT_SPECIALTHROW
0x000000710224FA80,LEGOHINT_CRANEMOVE
0x000000710224FA84,LEGOHINT_GRABTHROW
0x000000710224FA88,LEGOHINT_DIVE
0x000000710224FA8C,LEGOHINT_CARDRAG
0x000000710224FA90,LEGOHINT_CARCABLE
0x000000710224FA94,LEGOHINT_HELICOPTERS
0x000000710224FA98,LEGOHINT_BOATCABLE
0x000000710224FA9C,LEGOHINT_PENGUINBOMBCHUTE
0x000000710224FAA0,LEGOHINT_IVYPOTS
0x000000710224FAA4,LEGOHINT_SIGNAL_ONSCREEN
0x000000710224FAA8,LEGOHINT_SIGNAL_NEARBY
0x000000710224FAAC,LEGOHINT_SIGNAL_SWAPBACK
0x000000710224FAB0,LEGOHINT_PANEL_ELECTRIC
0x000000710224FAB4,LEGOHINT_ELECTROCUTE
0x000000710224FAB8,LEGOHINT_FROZEN
0x000000710224FABC,LEGOHINT_FREEZEENEMY
0x000000710224FAC0,LEGOHINT_FREEZELIQUIDS
0x000000710224FAC4,LEGOHINT_ITEM_INGREDIENT
0x000000710224FAC8,LEGOHINT_MIXER_CAULDRON
0x000000710224FACC,LEGOHINT_MIXER_DEPOSIT1
0x000000710224FAD0,LEGOHINT_MIXER_DEPOSIT2
0x000000710224FAD4,LEGOHINT_MIXER_DEPOSIT3
0x000000710224FAD8,LEGOHINT_MIXER_DRINK
0x000000710224FADC,LEGOHINT_MIXER_CHOOSER
0x000000710224FAE0,LEGOHINT_PULLCHAIN
0x000000710224FAE4,LEGOHINT_PULLCHAIN_NEG
0x000000710224FAE8,LEGOHINT_SPELLIT
0x000000710224FAEC,LEGOHINT_SPELLIT_NEG
0x000000710224FAF0,LEGOHINT_FORCE
0x000000710224FAF4,LEGOHINT_FORCE_NEG
0x000000710224FAF8,LEGOHINT_USELARGEVEHICLE
0x000000710224FAFC,LEGOHINT_NEEDSPADDLE
0x000000710224FB00,LEGOHINT_ITEM_CANPICKUP
0x000000710224FB04,LEGOHINT_GADGET_REMOTE_MOVE
0x000000710224FB08,LEGOHINT_GADGET_REMOTE_ACTION
0x000000710224FB0C,LEGOHINT_ZIPLINE
0x000000710224FB10,LEGOHINT_SHINY_LEGO
0x000000710224FB14,LEGOHINT_GOLD_LEGO
0x000000710224FB18,LEGOHINT_SILVER_GLOW_LEGO
0x000000710224FB1C,LEGOHINT_SABREWALLCUT
0x000000710224FB20,LEGOHINT_TAG_CHOOSER
0x000000710224FB24,LEGOHINT_DIG_ALWAYS
0x000000710224FB28,LEGOHINT_COMPASS
0x000000710224FB2C,LEGOHINT_CRANKS_KEY
0x000000710224FB30,LEGOHINT_CRANKS_KEYLESS
0x000000710224FB34,LEGOHINT_TOGGLESWITCH
0x000000710224FB38,LEGOHINT_ORANGESUPERSTRENGH
0x000000710224FB3C,LEGOHINT_SILVER
0x000000710224FB40,LEGOHINT_RIDEON
0x000000710224FB44,LEGOHINT_WALLJUMP
0x000000710224FB48,LEGOHINT_CLIMBPOLE
0x000000710224FB4C,LEGOHINT_BALANCEPOSTS
0x000000710224FB50,LEGOHINT_BALANCEBEAM
0x000000710224FB54,LEGOHINT_WALLCLIMB
0x000000710224FB58,LEGOHINT_THROWTARGET
0x000000710224FB5C,LEGOHINT_TARGETTHROW
0x000000710224FB60,LEGOHINT_ACTION
0x000000710224FB64,LEGOHINT_SPECIAL
0x000000710224FB68,LEGOHINT_ARROWS
0x000000710224FB6C,LEGOHINT_SMALLACCESS
0x000000710224FB70,LEGOHINT_SLURP
0x000000710224FB74,LEGOHINT_SWORDHOLD
0x000000710224FB78,LEGOHINT_SWORDTAG
0x000000710224FB7C,LEGOHINT_CLIMBINBARREL
0x000000710224FB80,LEGOHINT_WATERWALK
0x000000710224FB84,LEGOHINT_CAPTAINACCESS
0x000000710224FB88,LEGOHINT_FUSE
0x000000710224FB8C,LEGOHINT_CANNONLIGHT
0x000000710224FB90,LEGOHINT_CANNONTARGET
0x000000710224FB94,LEGOHINT_PUSHBLOCKS
0x000000710224FB98,LEGOHINT_SPYGLASS
0x000000710224FB9C,LEGOHINT_SPYLOOK
0x000000710224FBA0,LEGOHINT_BADDIEREBUILD
0x000000710224FBA4,LEGOHINT_GUITAR
0x000000710224FBA8,LEGOHINT_FROG
0x000000710224FBAC,LEGOHINT_CHOOSER
0x000000710224FBB0,LEGOHINT_USECHOOSER
0x000000710224FBB4,LEGOHINT_TENTACLE
0x000000710224FBB8,LEGOHINT_PET_NEG
0x000000710224FBBC,LEGOHINT_PET_POS
0x000000710224FBC0,LEGOHINT_PET_REVERT
0x000000710224FBC4,LEGOHINT_DARKMAGIC_NEG
0x000000710224FBC8,LEGOHINT_DARKMAGIC_POS
0x000000710224FBCC,LEGOHINT_CLOAK_ON
0x000000710224FBD0,LEGOHINT_CLOAK_OFF
0x000000710224FBD4,LEGOHINT_LOCOMOTE_POS
0x000000710224FBD8,LEGOHINT_LOCOMOTE_NEG
0x000000710224FBDC,LEGOHINT_ALTEREGO
0x000000710224FBE0,LEGOHINT_PICKUP
0x000000710224FBE4,LEGOHINT_PLACEITEM
0x000000710224FBE8,LEGOHINT_PIRATES_MAXHINTS
0x000000710224FBEC,EXPLAIN_MENU_HINT_Y
0x000000710224FBF0,HintRGB
0x000000710224FC08,_ZTVN9LegoHints17HintShowEventDataE
0x000000710224FC30,SuperStrength_DieAir_Chance
0x000000710224FC34,DieAir_Speed
0x000000710224FC38,DieAir_JumpSpeed
0x000000710224FC3C,DieAir_Streaks
0x000000710224FC3D,objhitobj_noattackerrumble
0x000000710224FC40,DEACTIVATEDTIME
0x000000710224FC44,HUB_SELECTMODEMENUY
0x000000710224FC48,hub_new_level
0x000000710224FC4C,hub_freeplay_level_override
0x000000710224FC50,hub_selected_area
0x000000710224FC54,hub_from_superstory
0x000000710224FC58,ChooserPanelObjScaleMul
0x000000710224FC5C,ChooserPanelObjDXRot
0x000000710224FC60,hub_from_cutsceneplayer
0x000000710224FC64,hub_from_cutsceneplayer_clip_index
0x000000710224FC68,hub_startoutsidebonusdoor_area
0x000000710224FC6C,hub_from_arcade
0x000000710224FC70,HUB_EPISODER
0x000000710224FC74,HUB_EPISODEG
0x000000710224FC78,hub_stats_xscale
0x000000710224FC7C,HUB_EPISODETITLEY
0x000000710224FC80,HUB_EPISODETITLESIZE
0x000000710224FC84,HUB_EPISODESUBTITLEY
0x000000710224FC88,HUB_EPISODESUBTITLESIZE
0x000000710224FC8C,HUB_BIGICON_Y
0x000000710224FC90,HUB_BIGICON_SIZE
0x000000710224FC94,HUB_BIGNAME_Y
0x000000710224FC98,HUB_BIGNAME_SIZE
0x000000710224FC9C,HUB_BIGNAME_ALIGN
0x000000710224FCA0,Hub_GoBackGetLevelFn
0x000000710224FCA8,hub_dib_r
0x000000710224FCA9,hub_dib_b
0x000000710224FCAA,hub_dib_extra_i_obj
0x000000710224FCAC,hub_dib_extra_scale
0x000000710224FCB0,Hub_DrawImportantBrick_ApplyScale
0x000000710224FCB4,hub_dib_obj_scalemul
0x000000710224FCB8,_ZTV18InteractiveDisplay
0x000000710224FDB8,HIGHJUMPHEIGHT
0x000000710224FDBC,Jump_EndTime
0x000000710224FDC0,WallJump_SlideDuringWait
0x000000710224FDC1,WallJump_EasyAttach
0x000000710224FDC2,WallJump_CheckSurfaceType
0x000000710224FDC4,WallJump_SpeedScale
0x000000710224FDC8,WallJump_JumpSpeedScale
0x000000710224FDCC,Jump_SuperStrengthLandJudder
0x000000710224FDD0,Jump_CombatRoll_UseCurrentSpeed
0x000000710224FDD4,TRAMPOLINEJUMPHEIGHT_HIGH
0x000000710224FDD8,TRAMPOLINEJUMPHEIGHT_LOW
0x000000710224FDDC,TRAMPOLINEJUMPHEIGHT
0x000000710224FDE0,Jump_LungeSpeed
0x000000710224FDE4,Jump_LungeGravity
0x000000710224FDE8,Slam_CamJudder
0x000000710224FDEC,Slam_CamShake
0x000000710224FDF0,Slam_PadRumble
0x000000710224FDF4,SLAMJUMPSPEED
0x000000710224FDF8,BigJump_JumpActionFn
0x000000710224FE00,BigJump_LandActionFn
0x000000710224FE08,Slam_DefaultLocator
0x000000710224FE0C,SLAMGRAVITY
0x000000710224FE10,Jump_SlamExpRadius
0x000000710224FE14,Jump_SlamExpTime
0x000000710224FE18,Jump_SlamDecalSize
0x000000710224FE1C,Jump_SlamDecalScaleVariation
0x000000710224FE20,Glide_BankingTurnMul
0x000000710224FE28,_ZTV17LegoAddOnsManager
0x000000710224FEF8,_ZTV9LegoAddOn
0x0000007102250160,_ZTV10LegoAddOns
0x00000071022502A0,jibberlen
0x00000071022502A4,slidetime
0x00000071022502A8,STATUS_TITLE_Y
0x00000071022502AC,status_showgoldbrick
0x00000071022502AE,status_goldbrick_iobj
0x00000071022502B0,status_prompt_showminikit
0x00000071022502B1,status_minikitphase_drawcointotal
0x00000071022502B4,StatusBlipScaleMul
0x00000071022502B8,hintFlag
0x00000071022502BC,STATUS_R
0x00000071022502C0,STATUS_G
0x00000071022502C4,STATUS_B
0x00000071022502C8,STATUS_SUITTEXTSCALE
0x00000071022502CC,STATUS_TEXTSCALE
0x00000071022502D0,STATUS_SPINUPTIME
0x00000071022502D4,STATUS_PAUSETIME
0x00000071022502D8,STATUS_TRUE_HERO_PROMPT_Y
0x00000071022502DC,STATUS_TRUE_HERO_PROMPT_SCALE
0x00000071022502E0,STATUS_TRUE_HERO_SCALE
0x00000071022502E4,STATUS_PERIL_PROMPT_X
0x00000071022502E8,STATUS_PERIL_PROMPT_Y
0x00000071022502EC,STATUS_PERIL_PROMPT_SCALE
0x00000071022502F0,STATUS_GOLD_BRICK_PROMPT_X
0x00000071022502F4,STATUS_GOLD_BRICK_PROMPT_Y
0x00000071022502F8,STATUS_GOLD_BRICK_PROMPT_SCALE
0x00000071022502FC,STATUS_GOLD_BRICK_PROMPT_TEXT_SCALE
0x0000007102250300,STATUS_GOLD_BRICK_PROMPT_TEXT_Y_OFFSET
0x0000007102250304,STATUS_CHOOSER_PROMPT_X
0x0000007102250308,STATUS_CHOOSER_PROMPT_Y
0x000000710225030C,STATUS_CHOOSER_PROMPT_SCALE
0x0000007102250310,STATUS_MINI_SCALESMALL
0x0000007102250314,STATUS_MINI_SCALELARGE
0x0000007102250318,STATUS_MINI_LOWPOS_Y
0x000000710225031C,STATUS_MINI_LEFTPOS_X
0x0000007102250320,STATUS_MINI_LEFTPOS_Y
0x0000007102250324,STATUS_MINI_CENTERPOS_OFF_Y
0x0000007102250328,STATUS_MINI_CENTERPOS_ON_Y
0x000000710225032C,STATUS_MINI_PROMPT_COUNT_X
0x0000007102250330,STATUS_MINI_Z
0x0000007102250334,STATUS_KIT_TEXTOFFSET
0x0000007102250338,STATUS_KIT_TEXTSCALE
0x000000710225033C,STATUS_TREASURE_Z
0x0000007102250340,STATUS_SUPERKIT_SCALESMALL
0x0000007102250344,STATUS_SUPERKIT_LOWPOS_Y
0x0000007102250348,STATUS_SUPERKIT_LOWPOS_X
0x000000710225034C,STATUS_BIGICON_Y
0x0000007102250350,STATUS_BIGICON_SIZE
0x0000007102250354,STATUS_BIGNAME_Y
0x0000007102250358,STATUS_VEHICLE_BIGNAME_Y
0x000000710225035C,STATUS_BIGNAME_SIZE
0x0000007102250360,STATUS_COINTOTAL_Y
0x0000007102250364,STATUS_COIN_TEXT_Y_OFFSET
0x0000007102250368,STATUS_COIN_Y_OFFSET
0x000000710225036C,STATUS_COINS_R
0x0000007102250370,STATUS_COINS_G
0x0000007102250374,STATUS_TRUE_HERO_FILL_TIME
0x0000007102250378,trueHeroY
0x000000710225037C,nextsoundpercent
0x0000007102250380,nextsoundpercent2
0x0000007102250384,STATUS_TREASURE_PROMPT_X
0x0000007102250388,STATUS_TREASURE_PROMPT_Y
0x000000710225038C,STATUS_TREASURE_PROMPT_SCALE
0x0000007102250390,STATUS_TREASURE_PROMPT_TEXT_SCALE
0x0000007102250394,STATUS_TREASURE_PROMPT_TEXT_Y_OFFSET
0x000000710225039C,DRAWGOLDBRICKX
0x00000071022503A0,DRAWGOLDBRICKY
0x00000071022503A4,DRAWGOLDBRICKSCALE
0x00000071022503A8,StatusStringR
0x00000071022503A9,StatusStringG
0x00000071022503AA,StatusStringB
0x00000071022503B0,txtLegoApi_NULL
0x00000071022503B8,txtLegoApi_UNKNOWN
0x00000071022503C0,txtLegoErrorString
0x00000071022503C8,txtLegoErrorID
0x00000071022503D0,txtLegoHintError
0x00000071022503D8,txtLegoCharError
0x00000071022503E0,stringPath
0x00000071022503E8,buttonPath
0x00000071022503F0,fontPath
0x00000071022509A8,_ZTV11LegoapiText
0x00000071022509C8,_ZN22LegoMenuCharacterGrids15s_inputCharGridE
0x00000071022509D0,_ZTV22LegoMenuCharacterGrids
0x0000007102250B38,CONTEXT_CHAR_STREAM_WAIT
0x0000007102250B40,_ZTV25LegoMenuCharacterGridBase
0x0000007102250BB8,_ZTV11HubCharGrid
0x0000007102250C30,_ZTV14InGameCharGrid
0x0000007102250CA8,_ZN14CharLoaderUtil14m_streamedCharE
0x0000007102250CB0,_ZTV14CharLoaderUtil
0x0000007102250CE8,_ZTV18CharLoaderUtilSwap
0x0000007102250D30,_ZTV17CharLoaderUtilHub
0x0000007102250D78,_ZTV21CharStreamWaitContext
0x0000007102250E50,_ZTV22CharacterGridEventData
0x0000007102250E78,_ZTV22LegoContextHandlerBaseI21CharStreamWaitContextE
0x0000007102250F50,_ZN9LegoRopes22m_maxRopeMaterialTypesE
0x0000007102250F58,_ZTV12LegoRopeType
0x0000007102250F78,_ZN9LegoRopes22ACTION_ADD_CHAR_TETHERE
0x0000007102250F80,_ZN9LegoRopes24ACTION_BREAK_CHAR_TETHERE
0x0000007102250F88,_ZTV9LegoRopes
0x00000071022510F0,_ZTV8LegoRope
0x0000007102251168,_ZN8LegoRope15s_AllowRender3dE
0x0000007102251169,_ZN8LegoRope15s_AllowRender2dE
0x0000007102251170,_ZTV17RopeLocatorHelper
0x00000071022512D0,_ZTV15LegoRopesHelper
0x0000007102251438,_ZTV11RopeLocator
0x0000007102251660,_ZTV13EdRopeLocator
0x0000007102251700,_ZTV10SimpleRope
0x0000007102251778,_ZTV16LegoRopesManager
0x0000007102251840,_ZTV17LegoRopeEventData
0x0000007102251868,_ZTV22LegoPointerHandleTableIP12LegoRopeTypea14LegoRopeTypeIDE
0x0000007102251888,_ZTV15LegoHandleTableIP12LegoRopeTypea14LegoRopeTypeIDE
0x00000071022518A8,_ZN30MechContextRemoteBarrelHandler21CONTEXT_REMOTECONTROLE
0x00000071022518B0,_ZTV30MechContextRemoteBarrelHandler
0x00000071022519B8,_ZTV22LegoContextHandlerBaseI30MechContextRemoteBarrelHandlerE
0x0000007102251A90,_ZN29MechContextRemoteWinchHandler21CONTEXT_REMOTECONTROLE
0x0000007102251A98,_ZTV29MechContextRemoteWinchHandler
0x0000007102251BA0,_ZTV22LegoContextHandlerBaseI29MechContextRemoteWinchHandlerE
0x0000007102251C78,_ZTV18LegoProgressSystem
0x0000007102251DE0,_ZTV12AreaProgress
0x0000007102251E08,_ZTV13LevelProgress
0x0000007102251E30,_ZTV12LegoSaveGame
0x0000007102251FB0,cull_legoset_gizmo
0x0000007102251FB4,_ZN11LegoSpecial12smNextNameIdE
0x0000007102251FB8,_ZTV11LegoSpecial
0x0000007102251FD8,_ZTV31LegoSpecialProgress_Anim_Matrix
0x0000007102252018,_ZTV33LegoSpecialProgress_Anim_NoMatrix
0x0000007102252058,_ZTV33LegoSpecialProgress_NoAnim_Matrix
0x0000007102252098,_ZTV35LegoSpecialProgress_NoAnim_NoMatrix
0x00000071022520D8,_ZTV17CollisionCallBack
0x00000071022521A0,_ZTV16SpecialEventData
0x00000071022521C8,_ZTV23LegoSpecialFlickerAddOn
0x0000007102252438,_ZTV15LegoLoadScreens
0x0000007102252598,_ZTV14LegoLoadScreen
0x0000007102252678,_ZTV18LegoSimpleCutscene
0x00000071022526E0,_ZTV22StatusScreenLoadScreen
0x0000007102252950,_ZTV17HintsOnLoadScreen
0x0000007102252BC0,_ZTV34OverrideAreaLoadingScreenEventData
0x0000007102252BE8,_ZTV11LevelLoader
0x0000007102252C08,_ZTV14LevelEventData
0x0000007102252C30,LEGOSPL_SPLIT
0x0000007102252C34,LEGOSPL_START
0x0000007102252C38,LEGOSPL_TURNAROUND_FLYING_OUTER
0x0000007102252C3C,LEGOSPL_TURNAROUND_FLYING_INNER
0x0000007102252C40,LEGOSPL_TURNAROUND_FLOATING_OUTER
0x0000007102252C44,LEGOSPL_TURNAROUND_FLOATING_INNER
0x0000007102252C48,LEGOSPL_TURNAROUND_SWIM
0x0000007102252C4C,LEVOBJREF_FIRSTOBJ
0x0000007102252C50,LEVOBJREF_LASTOBJ
0x0000007102252C54,LEVOBJREF_FIRSTREFOBJ
0x0000007102252C58,LEVOBJREF_LASTREFOBJ
0x0000007102252C5C,LEGOOBJ_ICON_SHADOW
0x0000007102252C5E,LEGOOBJ_ICON_GLOW
0x0000007102252C60,LEGOOBJ_ICON_FRAME_NEUTRAL
0x0000007102252C62,LEGOOBJ_ICON_FRAME_GREEN
0x0000007102252C64,LEGOOBJ_ICON_FRAME_BLUE
0x0000007102252C66,LEGOOBJ_ICON_FRAME_GOLD
0x0000007102252C68,LEGOOBJ_ICON_FRAME_RED
0x0000007102252C6A,LEGOOBJ_ICON_FRAME_CHOOSER
0x0000007102252C7A,LEGOOBJ_ICON_WEIRDO
0x0000007102252C7C,LEGOOBJ_ICON_CROSS
0x0000007102252C7E,LEGOOBJ_FANCYARROW
0x0000007102252C80,LEGOOBJ_FANCYARROWP1
0x0000007102252C82,LEGOOBJ_FANCYARROWP2
0x0000007102252C84,LEGOOBJ_HEART
0x0000007102252C86,LEGOOBJ_SILVERHEART
0x0000007102252C88,LEGOOBJ_PURPLEHEART
0x0000007102252C8A,LEGOOBJ_BLUEHEART
0x0000007102252C8C,LEGOOBJ_ORANGEHEART
0x0000007102252C8E,LEGOOBJ_GREENHEART
0x0000007102252C90,LEGOOBJ_FLATHEART
0x0000007102252C92,LEGOOBJ_REDBRICK
0x0000007102252C94,LEGOOBJ_CHARKIT
0x0000007102252C96,LEGOOBJ_MINIKIT
0x0000007102252C98,LEGOOBJ_MINIKIT_INNER
0x0000007102252C9A,LEGOOBJ_MINIKIT_GLOW1
0x0000007102252C9C,LEGOOBJ_MINIKIT_GLOW2
0x0000007102252C9E,LEGOOBJ_GOLDBRICK
0x0000007102252CA0,LEGOOBJ_CHOOSER
0x0000007102252CA2,LEGOOBJ_PERIL_HEAD
0x0000007102252CA4,LEGOOBJ_PERIL_HAPPY
0x0000007102252CA6,LEGOOBJ_PERIL_SAD
0x0000007102252CA8,LEGOOBJ_ITEMGLOW1
0x0000007102252CAA,LEGOOBJ_SILVERCOIN1
0x0000007102252CAC,LEGOOBJ_SILVERPANELCOIN1
0x0000007102252CAE,LEGOOBJ_GOLDCOIN1
0x0000007102252CB0,LEGOOBJ_GOLDPANELCOIN1
0x0000007102252CB2,LEGOOBJ_BLUECOIN1
0x0000007102252CB4,LEGOOBJ_BLUEPANELCOIN1
0x0000007102252CB6,LEGOOBJ_PURPLECOIN1
0x0000007102252CB8,LEGOOBJ_PURPLEPANELCOIN1
0x0000007102252CBA,LEGOOBJ_HINT
0x0000007102252CBC,LEGOOBJ_HINT_HERO
0x0000007102252CBE,LEGOOBJ_HINT_VILLAIN
0x0000007102252CC0,LEGOOBJ_GIZMOHINT
0x0000007102252CC2,LEGOOBJ_GRAPPLE_HOOK
0x0000007102252CC4,LEGOOBJ_GRAPPLE_WHIPHOOK
0x0000007102252CC6,LEGOOBJ_GRAPPLE_WHIPHOOK_CEILING
0x0000007102252CC8,LEGOOBJ_DEFAULTLASTCOIN
0x0000007102252CCA,LEGOOBJ_LEVER
0x0000007102252CCC,LEGOOBJ_LEVER_B
0x0000007102252CCE,LEGOOBJ_LEVERBASE
0x0000007102252CD0,LEGOOBJ_LEVERKNOB_YELLOW
0x0000007102252CD2,LEGOOBJ_LEVERKNOB_ORANGE
0x0000007102252CD4,LEGOOBJ_LEVERKNOB_RED
0x0000007102252CD6,LEGOOBJ_LEVERKNOB_BLUE
0x0000007102252CD8,LEGOOBJ_LEVERKNOB_GREEN
0x0000007102252CDA,LEGOOBJ_LEVERKNOB_PURPLE
0x0000007102252CDC,LEGOOBJ_LEVERKNOB_BROWN
0x0000007102252CDE,LEGOOBJ_LEVERKNOB_PALEBLUE
0x0000007102252CE0,LEGOOBJ_LEVERKNOB_LIMEGREEN
0x0000007102252CE2,LEGOOBJ_LEVERGLOW
0x0000007102252CE4,LEGOOBJ_LEVERON
0x0000007102252CE6,LEGOOBJ_LEVEROFF
0x0000007102252CE8,LEGOOBJ_BLACKSLEEP
0x0000007102252CEA,LEGOOBJ_GRENADE
0x0000007102252CEC,LEGOOBJ_BUSH
0x0000007102252CEE,LEGOOBJ_DRAGBOMB_REPLACEMENT
0x0000007102252CF0,LEGOOBJ_POO
0x0000007102252CF2,LEGOOBJ_SIGNAL_BASE
0x0000007102252CF4,LEGOOBJ_SIGNAL_GLOW1
0x0000007102252CF6,LEGOOBJ_SIGNAL_GLOW2
0x0000007102252CF8,LEGOOBJ_ICECUBE1
0x0000007102252CFA,LEGOOBJ_ICECUBE2
0x0000007102252CFC,LEGOOBJ_MIXER
0x0000007102252CFE,LEGOOBJ_MIXER_READY
0x0000007102252D00,LEGOOBJ_MIXER_CUP
0x0000007102252D02,LEGOOBJ_POWERUP
0x0000007102252D04,LEGOOBJ_POWERUP_GLOW
0x0000007102252D06,LEGOOBJ_POWERUP_FLASH
0x0000007102252D08,LEGOOBJ_DETONATOR
0x0000007102252D0A,LEGOOBJ_DETONATOR_LIGHTOFF
0x0000007102252D0C,LEGOOBJ_DETONATOR_LIGHTON
0x0000007102252D0E,LEGOOBJ_VEHICLEMISSILE
0x0000007102252D10,LEGOOBJ_RIPPLE_GOOD
0x0000007102252D12,LEGOOBJ_RIPPLE_EVIL
0x0000007102252D14,LEGOOBJ_RIPPLE_MAGIC
0x0000007102252D16,LEGOOBJ_RIPPLE_LEVIOSA
0x0000007102252D18,LEGOOBJ_RIPPLE_CARRY
0x0000007102252D1A,LEGOOBJ_BUILDER_BASEGRID
0x0000007102252D1C,LEGOOBJ_PULLCHAIN_BASE
0x0000007102252D1E,LEGOOBJ_PULLCHAIN_HANDLE
0x0000007102252D20,LEGOOBJ_PULLCHAIN_CHAIN
0x0000007102252D22,LEGOOBJ_PULLCHAIN_LINK1
0x0000007102252D24,LEGOOBJ_PULLCHAIN_LINK2
0x0000007102252D26,LEGOOBJ_LIGHTBEAM_BASE
0x0000007102252D28,LEGOOBJ_LIGHTBEAM_EMITTER
0x0000007102252D2A,LEGOOBJ_LIGHTBEAM_RECEIVER
0x0000007102252D2C,LEGOOBJ_HAPPYTOKEN_NW
0x0000007102252D2E,LEGOOBJ_HAPPYTOKEN_NE
0x0000007102252D30,LEGOOBJ_HAPPYTOKEN_SE
0x0000007102252D32,LEGOOBJ_HAPPYTOKEN_SW
0x0000007102252D34,LEGOOBJ_HAPPYTOKEN_CLICK
0x0000007102252D36,LEGOOBJ_TARGET
0x0000007102252D38,LEGOOBJ_TARGETOTHER
0x0000007102252D3A,LEGOOBJ_JEDI_TARGET
0x0000007102252D3C,LEGOOBJ_ICON_JUMP
0x0000007102252D3E,LEGOOBJ_ICON_FLOOR_GLOW
0x0000007102252D40,LEGOOBJ_ICON_FLOOR_GLOW_B
0x0000007102252D42,LEGOOBJ_TARGET_BLUE
0x0000007102252D44,LEGOOBJ_TARGET_GREEN
0x0000007102252D46,LEGOOBJ_TARGET_BLUEB
0x0000007102252D48,LEGOOBJ_TARGET_GREENB
0x0000007102252D4A,LEGOOBJ_TARGET_NEUTRAL
0x0000007102252D4C,LEGOOBJ_TARGET_WHIP
0x0000007102252D4E,LEGOOBJ_TARGET_RED
0x0000007102252D50,LEGOOBJ_TARGET_GIZSPELLIT
0x0000007102252D52,LEGOOBJ_TIEDUP_WHIP
0x0000007102252D54,LEGOOBJ_TIEDUP_SNAKE
0x0000007102252D56,LEGOOBJ_ICON_TARGET
0x0000007102252D58,LEGOOBJ_UNKNOWN
0x0000007102252D5A,LEGOOBJ_ARROW_GREEN
0x0000007102252D5C,LEGOOBJ_ARROW_GOLD
0x0000007102252D5E,LEGOOBJ_ARROW_RED
0x0000007102252D60,LEGOOBJ_RTS_FLOOR_SPANNER_ICON
0x0000007102252D62,LEGOOBJ_ICON_RADIO
0x0000007102252D64,LEGOOBJ_ICON_RADIO_PLAYER1
0x0000007102252D66,LEGOOBJ_ICON_RADIO_PLAYER2
0x0000007102252D68,LEGOOBJ_ICON_RADIO_TEAM
0x0000007102252D78,LEGOOBJ_ICON_RADIO_ATTACK_TEAM
0x0000007102252D88,LEGOOBJ_BOOMERANG_CURSOR_PLAYER1
0x0000007102252D8A,LEGOOBJ_BOOMERANG_CURSOR_PLAYER2
0x0000007102252D8C,LEGOOBJ_BOOMERANG_TARGET_PLAYER1
0x0000007102252D8E,LEGOOBJ_BOOMERANG_TARGET_PLAYER2
0x0000007102252D90,LEGOOBJ_BOOMERANG_AUTOTARGET_PLAYER1
0x0000007102252D92,LEGOOBJ_BOOMERANG_AUTOTARGET_PLAYER2
0x0000007102252D94,LEGOOBJ_SLAM_DECAL
0x0000007102252D96,LEGOOBJ_SLAM_DECAL_LAYER2
0x0000007102252D98,LEGOOBJ_WALLJUMP_DECAL
0x0000007102252D9A,LEGOOBJ_CONTENT_GOODY
0x0000007102252D9C,LEGOOBJ_CONTENT_BADDY
0x0000007102252D9E,LEGOOBJ_CONTENT_CHANGE_SYSTEM
0x0000007102252DA0,LEGOOBJ_STUDCOUNTBG
0x0000007102252DA4,LEGOOBJ_NAVARROW
0x0000007102252DA8,LEGOOBJ_PHONE
0x0000007102252DAC,LEGOOBJ_MINIMAPFRAME
0x0000007102252DB0,LEGOOBJ_HEARTSBG
0x0000007102252DB4,LEGOOBJ_PORTRAITBG
0x0000007102252DB8,LEGOOBJ_HANDCUFFS
0x0000007102252DBC,LEGOOBJ_BUTTON_A
0x0000007102252DC0,LEGOOBJ_BUTTON_B
0x0000007102252DC4,LEGOOBJ_BUTTON_X
0x0000007102252DC8,LEGOOBJ_BUTTON_Y
0x0000007102252DCC,LEGOOBJ_HOTSPOT_RINGS
0x0000007102252DD0,LEGOOBJ_HOTSPOT_GRADIENT
0x0000007102252DD4,LEGOOBJ_WEAPONBG
0x0000007102252DD8,LEGOOBJ_WEAPON1
0x0000007102252DDC,LEGOOBJ_WEAPON2
0x0000007102252DE0,LEGOOBJ_WEAPON3
0x0000007102252DE4,LEGOOBJ_DETECTIVECLUE
0x0000007102252DE8,LEGOOBJ_ALIENHINT
0x0000007102252DEC,LEGOOBJ_CRANETARGET
0x0000007102252DF0,LEGOOBJ_CHANGE_TO_COP
0x0000007102252DF4,LEGOOBJ_CHANGE_TO_ASTRO
0x0000007102252DF8,LEGOOBJ_CHANGE_TO_ROBBER
0x0000007102252DFC,LEGOOBJ_CHANGE_TO_MINER
0x0000007102252E00,LEGOOBJ_CHANGE_TO_FARMER
0x0000007102252E04,LEGOOBJ_CHANGE_TO_CONSTRUCTION
0x0000007102252E08,LEGOOBJ_CHANGE_TO_FIREMAN
0x0000007102252E0C,LEGOOBJ_CHANGE_TO_ROBBER_CROWBAR
0x0000007102252E10,LEGOOBJ_CHANGE_TO_ROBBER_STETHO
0x0000007102252E14,LEGOOBJ_CHANGE_TO_ROBBER_ENERGY
0x0000007102252E18,LEGOOBJ_CHANGE_TO_CONST_HAMMER
0x0000007102252E1C,LEGOOBJ_CHANGE_TO_CONST_DRILL
0x0000007102252E20,LEGOOBJ_CHANGE_TO_CONST_CUP
0x0000007102252E24,LEGOOBJ_CHANGE_TO_FIREMAN_AXE
0x0000007102252E28,LEGOOBJ_CHANGE_TO_FIREMAN_FISH
0x0000007102252E2C,LEGOOBJ_NEED_TORCH
0x0000007102252E30,LEGOOBJ_NEED_GONGBEATER
0x0000007102252E34,LEGOOBJ_NEED_FEATHER
0x0000007102252E38,LEGOOBJ_NEED_JERRYCAN
0x0000007102252E3C,LEGOOBJ_CHERRYPICKER
0x0000007102252E40,LEGOOBJ_MULTIPLIER2X
0x0000007102252E44,LEGOOBJ_MULTIPLIER3X
0x0000007102252E48,LEGOOBJ_MULTIPLIER4X
0x0000007102252E4C,LEGOOBJ_MULTIPLIER5X
0x0000007102252E50,LEGOOBJ_PHANTOMWIDGET
0x0000007102252E54,LEGOOBJ_GLIDE_POWERUP
0x0000007102252E58,LEGOOBJ_SHIELD_TL
0x0000007102252E5C,LEGOOBJ_SHIELD_TR
0x0000007102252E60,LEGOOBJ_SHIELD_BL
0x0000007102252E64,LEGOOBJ_SHIELD_BR
0x0000007102252E68,LEGOOBJ_SHIELD_SOLID
0x0000007102252E6C,LevSafePlatID
0x0000007102253558,newlevelfrommenu_newmenuid
0x000000710225355C,LEVELNAMEY
0x0000007102253560,LEVELNAMESCALE
0x0000007102253564,LEVELNAMESCALEX
0x0000007102253568,LEVELNAMEWIDTH
0x0000007102253578,default_creature_shadow_dir
0x0000007102253584,GhostLightMul
0x0000007102253588,GhostLightTargetMul
0x000000710225358C,Lighting_FlashRedOnLastHeart
0x0000007102253590,Lighting_HighlightFlash
0x0000007102253594,BURNOUTON
0x0000007102253620,LEGOMENU_TITLES
0x0000007102253624,LEGOMENU_NEWGAME
0x0000007102253628,LEGOMENU_PAUSEMAIN
0x000000710225362C,LEGOMENU_PAUSERESTART
0x0000007102253630,LEGOMENU_OPTIONS
0x0000007102253634,LEGOMENU_EXTRAS
0x0000007102253638,LEGOMENU_ENTERCODE
0x000000710225363C,LEGOMENU_PAUSEEXIT
0x0000007102253640,LEGOMENU_PAUSESYNC
0x0000007102253644,LEGOMENU_CREDITS
0x0000007102253648,LEGOMENU_CHARVIEWER
0x000000710225364C,LEGOMENU_CHARSTATS
0x0000007102253650,LEGOMENU_GOTOEPISODE
0x0000007102253654,LEGOMENU_GOTOEPISODEAREA
0x0000007102253658,LEGOMENU_GOTOEPISODEAREALEVEL
0x000000710225365C,LEGOMENU_HUB_BONUSMODE
0x0000007102253660,LEGOMENU_HUB_SELECTMODE
0x0000007102253664,LEGOMENU_HUB_SELECTMODELEVEL
0x0000007102253668,LEGOMENU_HUB_SELECTAREA
0x000000710225366C,LEGOMENU_ENDCHALLENGE
0x0000007102253670,LEGOMENU_VIEWTEXTSTRINGS
0x0000007102253674,LEGOMENU_CUTSCENEPLAYER
0x0000007102253678,LEGOMENU_TESTFMV
0x000000710225367C,LEGOMENU_SHOP
0x0000007102253680,LEGOMENU_CHARACTERSHOP
0x0000007102253684,LEGOMENU_EXTRASSHOP
0x0000007102253688,LEGOMENU_BONUSWIN
0x000000710225368C,LEGOMENU_BONUSCOMPLETE
0x0000007102253690,LEGOMENU_INTERACTIVEDISPLAY
0x0000007102253694,LEGOMENU_FREEPLAY
0x0000007102253698,LEGOMENU_HUBCUTSCENEPLAYER
0x000000710225369C,LEGOMENU_MINIKIT
0x00000071022536A0,LEGOMENU_BUYMINIKIT
0x00000071022536A4,LEGOMENU_MISSIONS
0x00000071022536A8,LEGOMENU_INGAMEGOTOLEVEL
0x00000071022536AC,LEGOMENU_ENDMISSION
0x00000071022536B0,LEGOMENU_CTRLCONFIG
0x00000071022536B4,LEGOMENU_BUILDER_VALIDATE
0x00000071022536B8,LEGOMENU_BUILDER_FAIL
0x00000071022536BC,LEGOMENU_BUILDER_WIN
0x00000071022536C0,LEGOMENU_BUILDER_COMPLETE
0x00000071022536C4,LEGOMENU_BUILDER_TUTORIAL_COMPLETE
0x00000071022536C8,LEGOMENU_CONTENT_UNLOCKED
0x00000071022536CC,LEGOMENU_STATUSCREEN
0x00000071022536D0,LEGOMENU_CONTINUESTORY
0x00000071022536D4,LEGOMENU_PICKCOLLECTION
0x00000071022536D8,LEGOMENU_SHOWCOLLECTION
0x00000071022536DC,DEBUGMENUSCALE
0x00000071022536E0,minikit_slidetxt
0x0000007102253710,MINIKIT_PANEL_X
0x0000007102253714,MINIKIT_PANEL_Y
0x0000007102253718,MINIKIT_PANEL_X2
0x000000710225371C,MINIKIT_PANEL_Y2
0x0000007102253720,PANEL_MINIKITSCALE
0x0000007102253724,PANEL_MINIKITY
0x0000007102253728,PANEL_MINIKITCOUNTSCALE
0x000000710225372C,PANEL_MINIKITCOUNTY
0x0000007102253730,MiniKit_Path
0x0000007102253750,MiniKit_HubHoverHeight
0x0000007102253754,MiniKit_HubHoverWobble
0x0000007102253758,TRAILER_COUNT
0x000000710225375C,PlayTrailer
0x0000007102253760,TrailerCanSkip
0x0000007102253764,PendingPlayTrailer
0x0000007102253768,bMovieCanBeSkipped
0x0000007102253770,_ZTV17FMVSubtitleDrawer
0x0000007102253788,col_white
0x000000710225378C,col_red
0x0000007102253790,col_green
0x0000007102253794,col_cyan
0x0000007102253798,col_amber
0x000000710225379C,legoapi_OBJ_GOLDBRICK
0x00000071022537A0,legoapi_OBJ_MINIKIT
0x00000071022537A4,legoapi_OBJ_TORCH
0x00000071022537A8,legoapi_OBJ_CRANK
0x00000071022537AC,legoapi_OBJ_BANANA
0x00000071022537B0,legoapi_OBJ_THROWTARGET
0x00000071022537B8,_ZTV15OptionsListener
0x00000071022537E8,testminikitscale
0x00000071022537EC,HAPPYTOKEN_PANEL_X
0x00000071022537F0,HAPPYTOKEN_PANEL_Y
0x00000071022537F4,HAPPYTOKEN_PANEL_X2
0x00000071022537F8,HAPPYTOKEN_PANEL_Y2
0x00000071022537FC,HAPPYTOKEN_PANEL_SCALE
0x0000007102253800,_ZN5Panel16m_kRedBrickScaleE
0x0000007102253804,_ZN5Panel15m_kChooserScaleE
0x0000007102253808,_ZN5Panel18m_kPercentageScaleE
0x000000710225380C,_ZN5Panel29AlwaysDrawTrueHeroBarWhenDoneE
0x0000007102253810,_ZTV5Panel
0x0000007102253910,PanelTaggingList
0x0000007102253930,LEGOPDEB_DIGOUT
0x0000007102253934,LEGOPDEB_ICE
0x0000007102253938,LEGOPDEB_DETONATE
0x000000710225393C,PARTPAGE_GENERAL
0x0000007102253940,PlayerList
0x000000710225396C,Player_ShowHearts
0x0000007102253970,PLAYER_MAXHITPOINTS
0x0000007102253974,PLAYER_MAXHITPOINTS_EXTRAHEARTS
0x0000007102253978,NewStartPosId
0x000000710225397C,CollectHearts
0x0000007102253980,Player_NameBesideIcon
0x0000007102253984,TOGGLEHOLDTIME
0x0000007102253988,TOGGLEREPEATTIME
0x000000710225398C,PANEL_HITPOINTSX
0x0000007102253994,PANEL_HEARTY
0x0000007102253998,HEARTDX
0x000000710225399C,HEARTSIZE
0x00000071022539A0,HEARTDY
0x00000071022539A4,BOSSHEARTY
0x00000071022539AC,BOSSHEARTSIZE
0x00000071022539B0,INDIVIDUALHEARTSIZE
0x00000071022539B4,BOSSICONY
0x00000071022539B8,BOSSICONSIZE
0x00000071022539BC,BossHeartPos
0x00000071022539D4,LOSEHEARTMSGTIME
0x00000071022539D8,LOSEHEARTMSGSCALE2
0x00000071022539DC,POWERUP_TIME
0x00000071022539E0,POWERUP_FLICKERTIME
0x00000071022539E4,ONEPLAYERPOWERUPS
0x00000071022539E8,POWERUPTEXT_WIDTH
0x00000071022539EC,POWERUPTEXT_SCALE
0x00000071022539F0,POWERUPOBJOFFSET
0x00000071022539F4,POWERUP_PANEL_OBJSCALE
0x00000071022539F8,PushObstCaptureRange
0x00000071022539FC,PushObstHelp_DrawArrows
0x0000007102253A00,backdrop_bot_b
0x0000007102253A0C,clear_screen_onstill
0x0000007102253DC0,_ZTV33SpecialMoveAttackerContextHandler
0x0000007102253E98,_ZTV31SpecialMoveVictimContextHandler
0x0000007102253F70,_ZTV26SpecialMoveCustomCollector
0x0000007102253F98,_ZTV22LegoContextHandlerBaseI33SpecialMoveAttackerContextHandlerE
0x0000007102254070,_ZTV22LegoContextHandlerBaseI31SpecialMoveVictimContextHandlerE
0x0000007102254148,_ZN13SpecialSystem15s_enableHashMapE
0x0000007102254150,_ZTV21SpecialSystemProgress
0x0000007102254170,_ZTV17LegoSpecialSystem
0x00000071022542C0,_ZTV26GameObjHitRagDollEventData
0x00000071022542E8,kStreakAlphaScale
0x00000071022542EC,kStreakAlphaScaleSabre
0x0000007102254394,TERRAINMASK_NONWEAPON
0x0000007102254398,Hijack_Friendly_Vehicles_Only
0x000000710225439C,Tag_Mode
0x00000071022543A0,TAG_WAITTIME
0x00000071022543A4,TAG_PLAYERSWAPWAITTIME
0x00000071022543A8,TAKEOVER_WAITTIME
0x00000071022543B0,TaggingChooserItem
0x0000007102254530,TaggingList
0x0000007102254550,g_pcTagModeNames
0x0000007102254598,alterEgo_Tag_ScaleRate
0x000000710225459C,alterEgo_Tag_Distance
0x00000071022545A0,alterEgo_Tag_StartPt1
0x00000071022545A4,alterEgo_Tag_StartPt2
0x00000071022545A8,alterEgo_Tag_ReturnPt1
0x00000071022545AC,alterEgo_Tag_ReturnPt2
0x00000071022545B0,BUCK_RIDERJUMPCLEARANCE
0x00000071022545B4,TAG_DRAWICONMSG_ICONSCALE
0x00000071022545B8,TAG_DRAWICONMSG_ICONOFFSET
0x00000071022545C0,TAG_DRAWICONMSG_ARROWSCALEMUL
0x00000071022545C8,g_pCanReleaseCoupledTakeOverFn
0x00000071022545D0,txt_NULL
0x00000071022545D8,txt_UNKNOWN
0x00000071022545E0,txtpath_ENGLISH
0x00000071022545E8,txtpath_FRENCH
0x00000071022545F0,txtpath_GERMAN
0x00000071022545F8,txtpath_ITALIAN
0x0000007102254600,txtpath_SPANISH
0x0000007102254608,txtpath_DANISH
0x0000007102254610,txtpath_JAPANESE
0x0000007102254618,txtpath_CZECH
0x0000007102254620,txtpath_HUNGARIAN
0x0000007102254628,txtpath_POLISH
0x0000007102254630,txtpath_RUSSIAN
0x0000007102254638,LEGOASCII_TICK
0x0000007102254640,LEGOAPITEXT_ENTER_CODE
0x0000007102254642,LEGOAPITEXT_E3_ENABLE_RIGHT_CONSOLE
0x0000007102254644,LEGOAPITEXT_E3_ENABLE_LEFT_CONSOLE
0x0000007102254648,Text_LanguageList
0x0000007102254650,LANGUAGECOUNT
0x0000007102254654,LEVELFONTSCALEX
0x0000007102254658,LEVELFONTSCALEY
0x000000710225465C,DisplayButtonPromptSize
0x0000007102254660,DisplayButtonPromptSizeForCorrectingOffSet
0x0000007102254728,OVERRIDEFPS
0x000000710225472C,OVERRIDEFPS_RECIPROCAL
0x0000007102254730,DoubleScoreDisplayOn
0x0000007102254734,PickUpFlickerFrames
0x0000007102254738,PickUpFlickerTest
0x000000710225473C,Vehicles_RotSeekOverride
0x0000007102254740,Vehicles_WheelGravity
0x0000007102254744,Vehicles_NarrowSockTurnRateMul
0x0000007102254748,NARROWTURNDEGFAST
0x000000710225474C,NARROWTURNDEGSLOW
0x0000007102254750,Vehicles_TempTurnRateMultiplier
0x0000007102254754,WHEELIE_DURATION_JUSTFORFUN
0x0000007102254758,WHEELIE_SPEEDMUL_JUSTFORFUN
0x000000710225475C,WHEELIE_SPEEDMUL_BOOST
0x0000007102254760,WHEELIE_SPEEDMUL_BOOST_FLOATING
0x0000007102254764,WHEELIE_JUMPSPEED
0x0000007102254768,WHEELIE_JUMPSPEED_FLOATING
0x000000710225476C,WHEELIE_JUMPSPEED_AI
0x0000007102254770,g_pTwoPlayersInVehicleFn
0x0000007102254778,AIFOLDERNAME
0x0000007102254780,other_level
0x0000007102254784,other_level_override
0x0000007102254788,net_other_level
0x000000710225478C,reset_load
0x0000007102254790,_ZTV16ManagerLevelData
0x00000071022547B8,_ZTV15AITRIGGERSETSYS
0x00000071022547D8,CamStopBlend
0x00000071022547DC,testmovef
0x00000071022547E0,g_bDrawCross
0x00000071022547E1,gdv_ViewCamCrosshair
0x00000071022547E4,LookAtHeightMul
0x00000071022547E8,GameCam_YOffsetSeekUpMul
0x0000007102254818,config_setlanguage
0x000000710225481C,id_HARRY
0x000000710225481E,id_GHOSTBRIDE
0x0000007102254820,id_HERMIONE
0x0000007102254822,id_RON
0x0000007102254824,id_HAGRID
0x0000007102254826,id_HAGRIDWEDDING
0x0000007102254828,id_ARAGOG
0x000000710225482A,id_WHIP
0x000000710225482C,id_PARACHUTE
0x000000710225482E,id_CRATE_PARACHUTE
0x0000007102254830,id_TRIKE
0x0000007102254832,id_TUKTUK
0x0000007102254834,id_SMALLBALL
0x0000007102254836,id_BIGBALL
0x0000007102254838,id_HOPPINGCHAIR
0x000000710225483A,id_TREECUTTER
0x000000710225483C,id_SNOWMOBILE
0x000000710225483E,id_BIPLANE
0x0000007102254840,VehicleBonusPlayerList
0x0000007102254844,anakin_rotx
0x0000007102254848,anakin_roty
0x000000710225484C,spline_seek_pos
0x0000007102254850,spline_seek_ang
0x0000007102254854,spline_xoffset_speed_seek
0x0000007102254858,spline_xoffset_speed_roll
0x000000710225485C,testshadowfix
0x0000007102254860,draw_para
0x0000007102254864,_ZN11ChaseCamera17s_terrExtraFilterE
0x0000007102254868,g_startInDriveCam
0x0000007102254870,_ZTV32ChaseCameraDefaultUpdateVelocity
0x00000071022548C8,_ZTV35ChaseCameraDefaultUpdateVelocity360
0x0000007102254918,_ZTV30ChaseCameraDefaultUpdateTarget
0x0000007102254948,VARIANT_INDIANAJONES
0x0000007102254949,StandardPlayerStartPositions
0x000000710225494C,SuperStrengthFootYOffset
0x0000007102254950,SimplePhaseCurrent
0x0000007102254954,LastCharacterTokenPickedUpValue
0x0000007102254958,WANDFLOURISH_GAP
0x000000710225495C,VARIANT_STORMTROOPER
0x000000710225495D,VARIANT_FETT
0x000000710225495E,VARIANT_BATTLEDROID
0x000000710225495F,VARIANT_CLONE
0x0000007102254960,VARIANT_TIE
0x0000007102254961,VARIANT_LUKE
0x0000007102254962,VARIANT_CIVVY
0x0000007102254963,VARIANT_WRECKBALL
0x0000007102254964,VARIANT_ENEMYSOLDIER
0x0000007102254965,VARIANT_MARION
0x0000007102254966,VARIANT_WILLIE
0x0000007102254967,VARIANT_SALAH
0x0000007102254968,VARIANT_PUPIL
0x0000007102254969,VARIANT_PIXIE
0x000000710225496A,VARIANT_GINNY
0x000000710225496B,VARIANT_HARRY
0x000000710225496C,VARIANT_CHESSPIECE_PAWN
0x000000710225496D,VARIANT_CHESSPIECE_KING
0x000000710225496E,VARIANT_CHESSPIECE_QUEEN
0x000000710225496F,VARIANT_CHESSPIECE_ROOK
0x0000007102254970,VARIANT_CHESSPIECE_BISHOP
0x0000007102254971,VARIANT_CHESSPIECE_KNIGHT
0x0000007102254978,CharVariants_DEFAULT
0x0000007102254AF8,drawpickupextra_dz
0x0000007102254B00,Cheat
0x0000007102254EA0,aF_16
0x00000071022555B0,SplTab
0x0000007102255898,ObjTab
0x0000007102259A38,_ZTV21SerialisableGameState
0x0000007102259A68,aDefault_1
0x0000007102259AF8,JetDebKey
0x0000007102259B00,debris_name
0x000000710225A780,partdebris_name
0x000000710225A980,SLAM_DECAL_LIFE_TIME
0x000000710225A984,SLAM_DECAL_FADE_IN_TIME
0x000000710225A988,SLAM_DECAL_FADE_OUT_TIME
0x000000710225A98C,test_dropin
0x000000710225A990,timebase_updates
0x000000710225A994,N_NEUTRALS
0x000000710225A998,override_timebase
0x000000710225A99C,DieCamBlendHoldTime
0x000000710225A9A0,StunList
0x000000710225A9D4,AIFireIntervalMul
0x000000710225A9D8,alert_time
0x000000710225A9DC,cower_alert_time
0x000000710225A9E4,DEFENDTIME
0x000000710225A9E8,draw_attention_distance
0x000000710225A9EC,testdrawpos
0x000000710225AA0C,generic_goon_gun
0x000000710225AA10,generic_goon_nogun
0x000000710225AA14,guided_speed
0x000000710225AA18,guided_life
0x000000710225AA1C,guided_start_time
0x000000710225AA20,guided_rotate_speed
0x000000710225AA24,debug_condition
0x000000710225AA28,aitol
0x000000710225AA2C,idealgoalrange
0x000000710225AA30,engagefiretime
0x000000710225AA38,lego_aiconditiondefs
0x000000710225B8F0,g_panelFade
0x000000710225B8F8,_ZTV9GamePanel
0x000000710225B9F8,PlayerStats
0x000000710225BAE0,FRAME_WIDTH
0x000000710225BAE4,FRAME_HEIGHT
0x000000710225BAE8,framesPerRow
0x000000710225BB00,StatusStagesInit
0x000000710225BC40,DestroySimplePropParams
0x000000710225BC50,GizSplatParams
0x000000710225BC60,GizTurnOffLayerParams
0x000000710225BC70,SetGadgetRemoteBrokenParams
0x000000710225BC90,FlowObjectActivateParams
0x000000710225BCC0,FlowObjectSetVisibilityParams
0x000000710225BCF0,GizRandomEnableOutputParams
0x000000710225BD18,SpawnFromItemParams
0x000000710225BD48,HUB_EPISODETOPY
0x000000710225BD4C,HUB_MINIKITVIEWER_REFLECTY
0x000000710225BD78,Hub_AreaPanelX
0x000000710225BD84,TestEpisodeStats
0x000000710225BDB8,CREDITS_PICTURES_NUMREPEATS
0x000000710225BDBC,CREDITS_PICTURES_MAXNUMPEREPISODE
0x000000710225BDC0,LevelConfigKeywords_BeforeLoad
0x000000710225BE00,LevelConfigKeywords_BeforeStripping
0x000000710225BE30,GetCreditsMusicFn
0x000000710225BEF8,MENUEXITR
0x000000710225BEF9,MENUEXITG
0x000000710225BEFA,MENULOSTR1
0x000000710225BEFB,MENULOSTG1
0x000000710225BEFC,MENULOSTA1
0x000000710225BEFD,MENULOSTR2
0x000000710225BEFE,MENULOSTG2
0x000000710225BEFF,MENULOSTA2
0x000000710225BF00,MINIKIT_SIZETEXT
0x000000710225BF08,NewGameMenu_Trailer
0x000000710225BF10,GameMenuInfo
0x000000710225C6C0,MOVELIMIT
0x000000710225C6C4,ThrowSpeed
0x000000710225C6C8,ThrowGravity
0x000000710225C6CC,SHIELDFLICKERTIME
0x000000710225C6D0,SHIELDDESTROYEDFLICKERTIME
0x000000710225C6D4,testlaser_sizew
0x000000710225C6D8,testlaser_sizel
0x000000710225C6DC,testlaser_sizewab
0x000000710225C6E0,testlaser_endw
0x000000710225C6E8,ActionInfoList
0x0000007102266688,NO_DIRECT_ACCESS_ActionInfo
0x0000007102266690,ExtraActionData
0x0000007102266CA0,NO_STRAFE_ANIM_DIRECTIONS
0x0000007102266CA4,MY_GUESS_Z_SPEED
0x0000007102266CA8,SEEK_MULTIPLIER
0x0000007102266CAC,TURNMULTEST
0x0000007102266CB0,TURNTIME
0x0000007102266CB4,SEEK_ROT_MULTIPLIER
0x0000007102266CB8,test_ai_combo
0x0000007102266CBC,COMBONEARLYTIME
0x0000007102266CC0,COMBOWAIT
0x0000007102266CC8,FireCode_MinDelay
0x0000007102266CCC,zam_smoke_rate
0x0000007102266CD0,spdboatvenice_smoke_rate
0x0000007102266CD4,spdboatvenice_wake_rate
0x0000007102266D48,_ZTV24HitWallCollisionListener
0x0000007102266DF8,SYNC_TIMEOUT_TIME
0x0000007102266E00,_ZTV13LegoFadeAddOn
0x0000007102267078,blendObstacleSpeedAddOnString
0x0000007102267080,_ZTV23BlendObstacleSpeedAddOn
0x00000071022672F8,_ZTV16BoltTrackerAddOn
0x00000071022675B8,_ZTV21ExpandingPushOutAddOn
0x0000007102267860,_ZTV23CylinderConstraintAddOn
0x0000007102267B08,_ZTV29SplineCylinderConstraintAddon
0x0000007102267DB8,_ZTV14FixedJumpAddOn
0x0000007102268028,_ZN23MechFlowObjectGlowAddOn9s_glowRGBE
0x000000710226802C,_ZN23MechFlowObjectGlowAddOn7s_glowAE
0x0000007102268030,_ZTV23MechFlowObjectGlowAddOn
0x00000071022682A0,_ZN11SatNavAddOn15s_AddOnTypeNameE
0x00000071022682A8,_ZTV14PerpVectorList
0x00000071022682C8,_ZTV12SatNavSystem
0x0000007102268480,_ZTV11SatNavAddOn
0x0000007102268708,_ZTV28SAction_SetSatNavDestination
0x0000007102268748,_ZTV36CharacterAction_SetSatNavDestination
0x0000007102268790,_ZTV41CharacterAction_SetSatNavDestinationFlags
0x00000071022687D8,_ZTV27SAction_SetSatNavDefaultMap
0x0000007102268818,_ZTV40CharacterAction_SetNaviSatNavDestination
0x0000007102268860,_ZTV20SatNavAddOnEventData
0x0000007102268888,_ZTV19StrafeMovementAddOn
0x0000007102268B28,BlowUpToObstacleDriverString
0x0000007102268B30,_ZTV22BlowUpToObstacleDriver
0x0000007102268DF8,GizActionDef_BlowUpToObstacleDriver
0x0000007102268E18,_ZTV16BalanceBeamAddOn
0x00000071022690B8,_ZTV12JetPackAddOn
0x0000007102269358,_ZN12SkyDiveAddon14m_reboundSpeedE
0x000000710226935C,_ZN12SkyDiveAddon15m_gizmoLifetimeE
0x0000007102269360,_ZN12SkyDiveAddon14s_maxSplayTimeE
0x0000007102269364,_ZN12SkyDiveAddon29s_forceLandAtLocatorBlendTimeE
0x0000007102269368,_ZN12SkyDiveAddon18s_streakDecayValueE
0x000000710226936C,_ZN12SkyDiveAddon30s_streakRadiusOffsetMultiplierE
0x0000007102269370,_ZN12SkyDiveAddon19s_loseCoinsOnImpactE
0x0000007102269372,_ZN12SkyDiveAddon14m_sfx_freefallE
0x0000007102269374,_ZN12SkyDiveAddon21m_autoParachuteHeightE
0x0000007102269378,_ZTV24SkyDiveCollisionListener
0x0000007102269428,_ZTV12SkyDiveAddon
0x0000007102269828,_ZTV30SkyDiveChaseCameraUpdateTarget
0x0000007102269858,_ZTV23SkyDiveCameraVelUpdater
0x00000071022698B4,_ZN17SkyDiveGizmoAddOn14m_soundFadeOffE
0x00000071022698B8,_ZTV17SkyDiveGizmoAddOn
0x0000007102269B28,_ZTV23GizmoProgressMeterAddon
0x0000007102269D98,_ZTV12CamTiltAddon
0x000000710226A040,_ZTV12GameFrontend
0x000000710226A078,g_AllowLoadSaveGamesOnBoot
0x000000710226A07C,_ZN28MechContextRemoteZorbHandler21CONTEXT_REMOTECONTROLE
0x000000710226A080,_ZTV28MechContextRemoteZorbHandler
0x000000710226A188,_ZTV22LegoContextHandlerBaseI28MechContextRemoteZorbHandlerE
0x000000710226A260,_ZTV21SAction_LoadCharacter
0x000000710226A2A0,network_data_path
0x000000710226A320,dat_file
0x000000710226A3A0,hw_memcardicon
0x000000710226A3A4,DVD
0x000000710226A3A8,STREAMBUFFERSIZE
0x000000710226A3AC,CHARACTERBUFFERSIZE
0x000000710226A3B0,AREABUFFERSIZE
0x000000710226A3B8,_ZTV16FrontendSaveData
0x000000710226A418,_ZTV26LegoFlowInterface_Cutscene
0x000000710226A550,_ZTV33LegoFlowInterface_CutsceneManager
0x000000710226A620,_ZTV32LegoAbstractFlowInterfaceManagerI33LegoFlowInterface_CutsceneManagerE
0x000000710226A740,_ZTV23LegoFlowInterface_Level
0x000000710226A878,_ZTV30LegoFlowInterface_LevelManager
0x000000710226A948,_ZTV32LegoAbstractFlowInterfaceManagerI30LegoFlowInterface_LevelManagerE
0x000000710226AA18,_ZTV26TargetingInterfaceObstacle
0x000000710226AE20,_ZTV25TargetingInterfaceSpellit
0x000000710226B228,_ZTV24TargetingInterfaceSwitch
0x000000710226B638,_ZTV30TargetingInterfaceComplexGizmo
0x000000710226BA40,_ZTV29LegoCutsceneFmvAudioCallbacks
0x000000710226BAA8,_ZTV31CutscenePlayerItemRigidCallback
0x000000710226BAD8,_ZTV25LegoCutsceneCharDefHelper
0x000000710226BAF0,_ZTV25CutsceneRigidCallbackBase
0x000000710226BB20,_ZN13LegoElectrics10m_zapRangeE
0x000000710226BB28,_ZTV13LegoElectrics
0x000000710226BC80,_ZTV14LegoLevelThing
0x000000710226BD48,_ZTV22LegoProcessBeforeLevel
0x000000710226BE10,_ZTV21LegoProcessAfterLevel
0x000000710226BED8,_ZTV20LevelMusicCueManager
0x000000710226BFA0,_ZTV27CharAnimTriggerItemTypeData
0x000000710226BFF8,_ZTV34LegoAnimTriggerScaleItemUpdateData
0x000000710226C018,_ZTV28LegoAnimTriggerScaleItemData
0x000000710226C070,_ZTV31LegoAnimTriggerItemModifierData
0x000000710226C0C8,_ZN37LegoAnimTriggerItemModifierDataHelper16m_modifierLabelsE
0x000000710226C148,_ZTV35LegoAnimTriggerItemTypeModifierData
0x000000710226C1A0,_ZN41LegoAnimTriggerItemTypeModifierDataHelper16m_modifierLabelsE
0x000000710226C1D0,_ZTV30LegoAnimTriggerItemLocatorData
0x000000710226C228,_ZTV32EdRefCharAnimTriggerItemTypeData
0x000000710226C2C8,_ZTV33EdRefLegoAnimTriggerScaleItemData
0x000000710226C368,_ZTV33CharAnimTriggerItemTypeDataHelper
0x000000710226C4C8,_ZTV34LegoAnimTriggerScaleItemDataHelper
0x000000710226C628,_ZTV37LegoAnimTriggerItemModifierDataHelper
0x000000710226C788,_ZTV41LegoAnimTriggerItemTypeModifierDataHelper
0x000000710226C8E8,_ZTV36LegoAnimTriggerItemLocatorDataHelper
0x000000710226CA48,_ZN16LegoJointScripts24ACTION_JOINT_SET_ENABLEDE
0x000000710226CA50,_ZN16LegoJointScripts28ACTION_JOINT_SET_HINGE_STATEE
0x000000710226CA58,_ZTV29TargetingInterfaceLegoSpecial
0x000000710226CE78,_ZTV25LegoSpellItContextHandler
0x000000710226CF50,_ZTV22LegoContextHandlerBaseI25LegoSpellItContextHandlerE
0x000000710226D028,_ZTV12RangedAttack
0x000000710226D068,_ZTV14FollowOpponent
0x000000710226D0A8,_ZTV6Attack
0x000000710226D0E8,_ZTV4Idle
0x000000710226D128,_ZTV21FlowObjectGizmoHelper
0x000000710226D288,_ZTV20EdRefFlowGizmoTarget
0x000000710226D328,_ZTV20EdRefFlowTimerTarget
0x000000710226D3C8,_ZTV21EdRefFlowRandomTarget
0x000000710226D468,_ZTV21FlowGizmoRandomHelper
0x000000710226D5C8,_ZTV14EdRefGizRandom
0x000000710226D668,_ZTV19GizRandomOutputsRef
0x000000710226D708,_ZTV19FlowGizRandomParams
0x000000710226D728,_ZTV21FlowGizmoTargetHelper
0x000000710226D888,_ZTV12EdRefGizFlow
0x000000710226D928,_ZTV20FlowGizmoTimerHelper
0x000000710226DA88,_ZTV13EdRefGizTimer
0x000000710226DB28,_ZTV18FlowGizTimerParams
0x000000710226DB48,_ZN17HUBCUTSCENEPLAYER18m_bDrawMenuInWorldE
0x000000710226DB50,_ZTV21HubCPCutsceneMenuItem
0x000000710226DB88,_ZTV18HubCPLevelMenuItem
0x000000710226DBC0,BuilderButton
0x000000710226DC08,GameText
0x000000710226E938,legoGameFixUpTable
0x000000710226EED8,_ZTV25LegoAbstractFlowInterface
0x000000710226F010,cafe_lang_change_english
0x000000710226F018,cafe_lang_change_french
0x000000710226F020,cafe_lang_change_italian
0x000000710226F028,cafe_lang_change_german
0x000000710226F030,cafe_lang_change_spanish
0x000000710226F038,cafe_lang_change_dutch
0x000000710226F040,cafe_lang_change_portuguese
0x000000710226F048,cafe_lang_change_russian
0x000000710226F050,cafe_lang_change_danish
0x000000710226F058,cafe_lang_change_polish
0x000000710226F060,cafe_lang_change_chinese_traditional
0x000000710226F068,cafe_lang_change_american
0x000000710226F070,cafe_lang_change_french_canadian
0x000000710226F078,cafe_lang_change_brazilian
0x000000710226F080,cafe_lang_change_mexican
0x000000710226F088,nnx_lang_change_english
0x000000710226F090,nnx_lang_change_french
0x000000710226F098,nnx_lang_change_italian
0x000000710226F0A0,nnx_lang_change_german
0x000000710226F0A8,nnx_lang_change_spanish
0x000000710226F0B0,nnx_lang_change_dutch
0x000000710226F0B8,nnx_lang_change_portuguese
0x000000710226F0C0,nnx_lang_change_russian
0x000000710226F0C8,nnx_lang_change_danish
0x000000710226F0D0,nnx_lang_change_polish
0x000000710226F0D8,nnx_lang_change_chinese_traditional
0x000000710226F0E0,nnx_lang_change_american
0x000000710226F0E8,nnx_lang_change_french_canadian
0x000000710226F0F0,nnx_lang_change_brazilian
0x000000710226F0F8,nnx_lang_change_mexican
0x000000710226F100,lang_name_japanese
0x000000710226F108,lang_name_korean
0x000000710226F110,lang_name_english
0x000000710226F118,lang_name_american
0x000000710226F120,lang_name_german
0x000000710226F128,lang_name_french
0x000000710226F130,lang_name_spanish
0x000000710226F138,lang_name_italian
0x000000710226F140,lang_name_dutch
0x000000710226F148,lang_name_portuguese
0x000000710226F150,lang_name_danish
0x000000710226F158,lang_name_norwegian
0x000000710226F160,lang_name_swedish
0x000000710226F168,lang_name_finnish
0x000000710226F170,lang_name_greek
0x000000710226F178,lang_name_czech
0x000000710226F180,lang_name_polish
0x000000710226F188,lang_name_russian
0x000000710226F190,lang_name_brazilian
0x000000710226F198,lang_name_chinese
0x000000710226F1A0,lang_name_hungarian
0x000000710226F1A8,lang_name_french_canadian
0x000000710226F1B0,lang_name_mexican
0x000000710226F1B8,lang_name_chinese_traditional
0x000000710226F1C0,lang_name_arabic
0x000000710226F1C8,lang_name_turkish
0x000000710226F1D0,lensFilterPos_vx
0x000000710227137C,lensFilterNeg_vx
0x0000007102273528,deferred_quad_vx
0x00000071022756F4,deferred_3d_vx
0x00000071022778C8,deferred_3d_spot_vx
0x0000007102279ABC,ringEffectMask_px
0x000000710227BC7C,ringEffectLayer_px
0x000000710227DEB2,ringEffectRefract_px
0x0000007102280098,debris_px
0x0000007102282282,debrisGlass_px
0x000000710228445A,debris_PerObjectLit_px
0x000000710228665C,debris_PerVertexLit_px
0x000000710228885E,debris_BasePass_px
0x000000710228AA68,debris_Directional_NoShadow_px
0x000000710228CCA7,debris_Point_NoShadow_px
0x000000710228EEB9,debris_Spot_NoShadow_px
0x00000071022910CB,debrisSoft_px
0x00000071022932D3,debrisSoft_PerObjectLit_px
0x00000071022954F3,debrisSoft_PerVertexLit_px
0x0000007102297713,debrisSoft_PerPixelLit_px
0x0000007102299953,debrisSoft_BasePass_px
0x000000710229BB7B,debrisSoft_Directional_NoShadow_px
0x000000710229DDE8,debrisSoft_Point_NoShadow_px
0x00000071022A0028,debrisSoft_Spot_NoShadow_px
0x00000071022A2268,debrisInstanced_vx
0x00000071022A5518,debris_vx
0x00000071022A771C,debrisTrails_vx
0x00000071022A9930,debrisSoft_vx
0x00000071022ABB4C,debrisGlass_vx
0x00000071022ADD50,debris_PerObjectLit_vx
0x00000071022AFF9C,debrisSoft_PerObjectLit_vx
0x00000071022B2208,debris_PerVertexLit_vx
0x00000071022B64B4,debrisSoft_PerVertexLit_vx
0x00000071022BA778,debris_PerPixelLit_vx
0x00000071022BC9E4,debrisSoft_PerPixelLit_vx
0x00000071022BEC68,fmv_binkDecode_px
0x00000071022C0E4E,fmv_chromaDecode_px
0x00000071022C303C,fmv_NNXMovieDecode_px
0x00000071022C51E4,fmv_2d_vx
0x00000071022C73B0,fmv_3d_vx
0x00000071022C959C,copyTex_px
0x00000071022CB71E,copyTexDX11AlphaTest_px
0x00000071022CD8D0,copyTexLod_px
0x00000071022CFA72,copyTexBlend_px
0x00000071022D1C14,copyTexZeroAlpha_px
0x00000071022D3D9E,copyTexDepth_px
0x00000071022D5F39,copyTexGrey_px
0x00000071022D80DB,copyTexScaleBias_px
0x00000071022DA285,copyTexLinearDepth_px
0x00000071022DC42F,stereoAnaglyphic_px
0x00000071022DE5D9,oculusBarrelDistort_px
0x00000071022E0793,finalCopyHDTV_px
0x00000071022E2935,finalCopyDeflicker_px
0x00000071022E4AEF,finalCopyGamma_px
0x00000071022E6C91,copyTex_pz_px
0x00000071022E8E1B,copyTex_nz_px
0x00000071022EAFA5,copyTex_py_px
0x00000071022ED12F,copyTex_ny_px
0x00000071022EF2B9,copyTex_px_px
0x00000071022F1443,copyTex_nx_px
0x00000071022F35CD,blur1_px
0x00000071022F5767,blur2_px
0x00000071022F7911,blur3_px
0x00000071022F9ACB,blur4_px
0x00000071022FBC95,blur5_px
0x00000071022FDE6F,blur7_px
0x0000007102300069,blur1hdr_px
0x000000710230220B,blur2hdr_px
0x00000071023043BD,blur4hdr_px
0x000000710230658F,blur1hdrlin_px
0x0000007102308731,blur2hdrlin_px
0x000000710230A8E3,blur4hdrlin_px
0x000000710230CAB5,blur5x5_px
0x000000710230EC97,blur7x7_px
0x0000007102310E79,blurGuard_px
0x0000007102312FBD,blur5x5dof_px
0x0000007102315187,godRaysDepth_px
0x0000007102317329,blurGodRays_px
0x00000071023194CB,blur1_vx
0x000000710231B66F,blur2_vx
0x000000710231D823,blur3_vx
0x000000710231F9E7,blur4_vx
0x0000007102321BBB,blur5_vx
0x0000007102323D9F,blur7_vx
0x0000007102325FA3,blur5x5_vx
0x00000071023281A7,blur7x7_vx
0x000000710232A3AB,blurGuard_vx
0x000000710232C507,defaultPostEffects_vx
0x000000710232E6AB,accumulateLightingContribution_px
0x0000007102330852,lightOnly_0_dir_px
0x0000007102332A8A,lightOnly_0_spot_px
0x0000007102334C8E,lightOnly_0_spotTID_px
0x0000007102336EB6,lightOnly_0_point_px
0x00000071023390BA,lightOnly_0_dir_noSpecular_px
0x000000710233B2FA,lightOnly_0_spot_noSpecular_px
0x000000710233D506,lightOnly_0_spotTID_noSpecular_px
0x000000710233F73E,lightOnly_0_point_noSpecular_px
0x000000710234194A,lightOnly_0_dir_noDiffuse_noSpecular_px
0x0000007102343B8A,lightOnly_0_spot_noDiffuse_noSpecular_px
0x0000007102345D8E,lightOnly_0_spotTID_noDiffuse_noSpecular_px
0x0000007102347FBE,lightOnly_0_point_noDiffuse_noSpecular_px
0x000000710234A1CA,lightAndCalcShadow_0_parallel_px
0x000000710234D469,lightAndCalcShadow_0_cascade_px
0x0000007102350700,lightAndCalcShadow_0_grid_px
0x000000710235298F,lightAndCalcShadow_0_spot_px
0x0000007102354BEA,lightAndCalcShadow_0_spotTID_px
0x0000007102356E71,lightAndCalcShadow_0_point_px
0x00000071023590CD,lightAndCalcShadow_0_point_down_px
0x000000710235B330,lightAndCalcShadowMinimal_0_parallel_px
0x000000710235E5B3,lightAndCalcShadowMinimal_0_cascade_px
0x000000710236082E,lightAndCalcShadowMinimal_0_grid_px
0x0000007102362AA1,lightAndCalcShadowMinimal_0_spot_px
0x0000007102364D04,lightAndCalcShadowMinimal_0_spotTID_px
0x0000007102366F8B,lightAndCalcShadowMinimal_0_point_px
0x00000071023691EF,lightAndCalcShadowMinimal_0_point_down_px
0x000000710236B45A,lightAndCalcShadowNoSpecular_0_parallel_px
0x000000710236E701,lightAndCalcShadowNoSpecular_0_cascade_px
0x00000071023709A0,lightAndCalcShadowNoSpecular_0_grid_px
0x0000007102372C37,lightAndCalcShadowNoSpecular_0_spot_px
0x0000007102374E9A,lightAndCalcShadowNoSpecular_0_spotTID_px
0x0000007102377129,lightAndCalcShadowNoSpecular_0_point_px
0x0000007102379395,lightAndCalcShadowNoSpecular_0_point_down_px
0x000000710237B600,lightAndCalcShadowSoftFixed_0_parallel_px
0x000000710237E8A4,lightAndCalcShadowSoftFixed_0_cascade_px
0x0000007102381B40,lightAndCalcShadowSoftFixed_0_grid_px
0x0000007102384DD4,lightAndCalcShadowSoftFixed_0_spot_px
0x0000007102388034,lightAndCalcShadowSoftFixed_0_spotTID_px
0x000000710238B2B8,lightAndCalcShadowSoftFixed_0_point_px
0x000000710238D51C,lightAndCalcShadowSoftFixed_0_point_down_px
0x000000710238F787,lightAndCalcShadowSoftVarying_0_parallel_px
0x0000007102392A2B,lightAndCalcShadowSoftVarying_0_cascade_px
0x0000007102395CC7,lightAndCalcShadowSoftVarying_0_grid_px
0x0000007102398F5B,lightAndCalcShadowSoftVarying_0_spot_px
0x000000710239C1BB,lightAndCalcShadowSoftVarying_0_spotTID_px
0x000000710239F43F,lightAndCalcShadowSoftVarying_0_point_px
0x00000071023A16AB,lightAndCalcShadowSoftVarying_0_point_down_px
0x00000071023A3916,lightAndLuminanceShadow_0_parallel_px
0x00000071023A5B8A,lightAndLuminanceShadow_0_cascade_px
0x00000071023A7DF6,lightAndLuminanceShadow_0_grid_px
0x00000071023AA062,lightAndLuminanceShadow_0_spot_px
0x00000071023AC29A,lightAndLuminanceShadow_0_spotTID_px
0x00000071023AE4F6,lightAndLuminanceShadow_0_point_px
0x00000071023B072E,lightAndLuminanceShadow_0_point_down_px
0x00000071023B296E,LitFog_0_px
0x00000071023B4B37,LitFog_1_px
0x00000071023B6D00,LitFog_2_px
0x00000071023B8EC9,LitFog_3_px
0x00000071023BB092,LitFog_4_px
0x00000071023BD25B,LitFog_5_px
0x00000071023BF424,LitFog_6_px
0x00000071023C15ED,LitFog_7_px
0x00000071023C37B6,LitFog_8_px
0x00000071023C597F,shadowOnly_0_parallel_px
0x00000071023C7BB0,shadowOnly_0_cascade_px
0x00000071023C9DD9,shadowOnly_0_grid_px
0x00000071023CBFFA,shadowOnly_0_spot_px
0x00000071023CE22B,shadowOnly_0_spotTID_px
0x00000071023D0488,shadowOnly_0_point_px
0x00000071023D26B2,shadowOnly_0_point_down_px
0x00000071023D48DB,shadowOnlySoftFixed_0_parallel_px
0x00000071023D6B11,shadowOnlySoftFixed_0_cascade_px
0x00000071023D8D3F,shadowOnlySoftFixed_0_grid_px
0x00000071023DAF65,shadowOnlySoftFixed_0_spot_px
0x00000071023DD19B,shadowOnlySoftFixed_0_spotTID_px
0x00000071023DF3F5,shadowOnlySoftFixed_0_point_px
0x00000071023E1627,shadowOnlySoftFixed_0_point_down_px
0x00000071023E3860,shadowOnlySoftVarying_0_parallel_px
0x00000071023E6A96,shadowOnlySoftVarying_0_cascade_px
0x00000071023E9CC4,shadowOnlySoftVarying_0_grid_px
0x00000071023EBEEA,shadowOnlySoftVarying_0_spot_px
0x00000071023EF120,shadowOnlySoftVarying_0_spotTID_px
0x00000071023F237A,shadowOnlySoftVarying_0_point_px
0x00000071023F45AC,shadowOnlySoftVarying_0_point_down_px
0x00000071023F67E5,debugShadow_0_parallel_px
0x00000071023F89DE,debugShadow_0_cascade_px
0x00000071023FABCF,debugShadow_0_grid_px
0x00000071023FCDD0,downsampleDepthMinMax_0_px
0x00000071023FEF99,downsampleDepthMinMax_Linearize_0_px
0x000000710240117A,downsampleDepth_Linearize_0_px
0x0000007102403353,applyLuminanceMap_px
0x0000007102405503,downsampleDepthMinMax_vx
0x00000071024076A7,screenSpaceReflections_0_px
0x000000710240A956,screenSpaceReflectionsStencil_0_px
0x000000710240CB0C,screenSpaceReflectionsHalfResBlend_0_px
0x000000710240ECC4,ssao_prepass_px
0x0000007102410E67,ssao_blur_guassian_intensity_9x1_px
0x0000007102412FC3,ssao_blur_guassian_intensity_1x9_px
0x000000710241511F,ssao_blur_guassian_depth_9x1_px
0x0000007102417273,ssao_blur_guassian_depth_1x9_px
0x00000071024193C7,ssao_blur_depth_9x1_px
0x000000710241B513,ssao_blur_depth_1x9_px
0x000000710241D65F,ssao_blur_depth_3x3_px
0x000000710241F7AB,ssao_ttanim_px
0x000000710242197E,ssao_px
0x0000007102423B49,bilateral_upsample_px
0x0000007102425D29,blobshadow_px
0x0000007102427EEC,blobshadow_vehicle_px
0x000000710242A0B5,clear_px
0x000000710242C229,default_px
0x000000710242E38D,default_null_px
0x00000071024304D1,default_tex0_px
0x000000710243268B,default_screendoor_null_px
0x000000710243483D,default_screendoor_tex0_px
0x0000007102436A25,default_screendoor_vertexalpha_px
0x0000007102438BEF,default_vertexalpha_px
0x000000710243AD83,edgeHilite_null_px
0x000000710243CF27,edgeHilite_tex0_px
0x000000710243F0CB,nuPrim_clr_px
0x0000007102441267,nuPrim_tex0_clr_px
0x0000007102443431,nuPrim_distfield_px
0x0000007102445603,visCubemap_px
0x00000071024477A8,visVolumeTex_px
0x000000710244994B,motionBlur_4_px
0x000000710244BB0D,motionBlur_6_px
0x000000710244DCCF,motionBlur_8_px
0x000000710244FE91,motionBlur_10_px
0x0000007102452053,motionBlur_12_px
0x0000007102454215,motionBlur_4_tex0_px
0x0000007102456405,motionBlur_6_tex0_px
0x00000071024585F5,motionBlur_8_tex0_px
0x000000710245A7E5,motionBlur_10_tex0_px
0x000000710245C9D5,motionBlur_12_tex0_px
0x000000710245EBC5,EdgeHiliteQuad_px
0x0000007102460D7F,EdgeHiliteQuadHires_px
0x0000007102463F41,EdgeHiliteComposite_px
0x00000071024660FB,EdgeHiliteCompositeHires_px
0x00000071024682CD,EdgeHiliteCompositeHiresBlur_px
0x000000710246A49F,decodeLogLuv_px
0x000000710246C641,gBufferNormalEncoding_px
0x000000710246E7AD,gBufferNormalDecoding_px
0x000000710247093F,default_clear_vx
0x0000007102472A9B,default_2d_simple_vx
0x0000007102474BFF,default_2d_vx
0x0000007102476D9B,default_2d_customZ_vx
0x0000007102478F27,default_2d_vertexalpha_vx
0x000000710247B0AB,default_2d_tex0_vx
0x000000710247D25F,default_3d_vx
0x000000710247F3EB,default_3d_fastBlend_vx
0x00000071024815B7,default_3d_skin3_vx
0x000000710248376B,default_3d_skin4_vx
0x000000710248591F,default_3d_tex0_vx
0x0000007102487AF3,default_3d_fastBlend_tex0_vx
0x0000007102489D0F,default_3d_skin3_tex0_vx
0x000000710248BF0B,default_3d_skin4_tex0_vx
0x000000710248E107,default_3d_vertexalpha_vx
0x00000071024902BB,default_3d_vertexalpha_fastBlend_vx
0x00000071024924B7,default_3d_vertexalpha_skin3_vx
0x0000007102494693,default_3d_vertexalpha_skin4_vx
0x000000710249686F,default_3d_screendoor_vx
0x0000007102498A43,default_3d_screendoor_fastBlend_vx
0x000000710249AC57,default_3d_screendoor_skin3_vx
0x000000710249CE53,default_3d_screendoor_skin4_vx
0x000000710249F04F,default_3d_screendoor_vertexAlpha_vx
0x00000071024A124B,default_3d_screendoor_fastBlend_vertexAlpha_vx
0x00000071024A348F,default_3d_screendoor_skin3_vertexAlpha_vx
0x00000071024A56B3,default_3d_screendoor_skin4_vertexAlpha_vx
0x00000071024A78D7,default_3d_screendoor_tex0_vx
0x00000071024A9AE3,default_3d_screendoor_fastBlend_tex0_vx
0x00000071024ABD37,default_3d_screendoor_skin3_tex0_vx
0x00000071024ADF6B,default_3d_screendoor_skin4_tex0_vx
0x00000071024B019F,edgeHilite_2d_vx
0x00000071024B2353,edgeHilite_2d_tex0_vx
0x00000071024B4537,edgeHilite_3d_vx
0x00000071024B66EB,edgeHilite_3d_fastBlend_vx
0x00000071024B88DF,edgeHilite_3d_skin3_vx
0x00000071024BAABB,edgeHilite_3d_skin4_vx
0x00000071024BDC97,edgeHilite_3d_tex0_vx
0x00000071024BFE7B,edgeHilite_3d_fastBlend_tex0_vx
0x00000071024C209F,edgeHilite_3d_skin3_tex0_vx
0x00000071024C42AB,edgeHilite_3d_skin4_tex0_vx
0x00000071024C74B7,nuPrim_2d_clr_vx
0x00000071024C9663,nuPrim_2d_tex0_clr_vx
0x00000071024CB837,nuPrim_3d_clr_vx
0x00000071024CD9FB,nuPrim_3d_clr_litsimple_vx
0x00000071024CFBCF,nuPrim_3d_tex0_clr_vx
0x00000071024D1DC3,nuPrim_3d_refraction_vx
0x00000071024D3F87,visCubemap_vx
0x00000071024D60FB,motionBlur_rigid_vx
0x00000071024D82FF,motionBlur_skin3_vx
0x00000071024DB523,motionBlur_skin4_vx
0x00000071024DE747,motionBlur_fastBlend_vx
0x00000071024E0973,motionBlur_rigid_tex0_vx
0x00000071024E2B97,motionBlur_skin3_tex0_vx
0x00000071024E5DDB,motionBlur_skin4_tex0_vx
0x00000071024E901F,motionBlur_fastBlend_tex0_vx
0x00000071024EB26B,EdgeHiliteQuad_vx
0x00000071024ED437,thresholdPass_px
0x00000071024EF5E6,uberBlur_px
0x00000071024F1782,computeCoc_px
0x00000071024F393D,computeCocSmart_px
0x00000071024F5AF8,blur5DoF_px
0x00000071024F7CBA,blur5DoFHQ_px
0x00000071024F9E9C,blur5DoFHQFar_px
0x00000071024FC07E,blenddof3mips_px
0x00000071024FE26B,blenddof3mipsfar_px
0x0000007102500460,blenddof4mips_px
0x000000710250264D,blenddof4mipsfar_px
0x0000007102504842,dofBokehLQ_px
0x0000007102506A47,dofBokehLQfar_px
0x0000007102508C4C,dofBokehMQ_px
0x000000710250AE51,dofBokehMQfar_px
0x000000710250D056,dofBokehHQ_px
0x000000710250F25B,dofBokehHQfar_px
0x0000007102511460,mainFilter_px
0x000000710251360F,mainFilter_pc_px
0x00000071025157D3,mainFilter_df_px
0x00000071025179A5,mainFilter_df_pc_px
0x0000007102519B94,mainFilter_bl_px
0x000000710251BD59,mainFilter_bl_pc_px
0x000000710251DF3B,mainFilter_df_bl_px
0x000000710252012B,mainFilter_df_bl_pc_px
0x0000007102522338,mainFilter_pc_pt_px
0x0000007102524504,mainFilter_df_pc_pt_px
0x00000071025266F3,mainFilter_bl_pc_pt_px
0x00000071025288DD,mainFilter_df_bl_pc_pt_px
0x000000710252AAEA,circleColourProcessing_px
0x000000710252CCC6,edgeFilter_px
0x000000710252EEB8,aa_abs_px
0x00000071025310A2,aa_rel_px
0x000000710253328C,aa_fxaa2_px
0x0000007102535453,aa_fxaa4_px
0x000000710253761A,aa_fxaa8_px
0x00000071025397E1,aa_fxaaHQ_px
0x000000710253B998,aa_abs_dof_px
0x000000710253DB8A,toonFilter_px
0x000000710253FDC0,thresholdPass_vx
0x0000007102541F64,computeCoc_vx
0x0000007102544148,blenddofmips_vx
0x0000007102546304,mainFilter_vx
0x00000071025484C0,mainFilter_pc_vx
0x000000710254A67C,mainFilter_df_vx
0x000000710254C860,mainFilter_df_pc_vx
0x000000710254EA44,mainFilter_bl_vx
0x0000007102550C00,mainFilter_bl_pc_vx
0x0000007102552DC4,mainFilter_df_bl_vx
0x0000007102554FA8,mainFilter_df_bl_pc_vx
0x0000007102557194,mainFilter_wd_vx
0x0000007102559370,mainFilter_pc_wd_vx
0x000000710255B554,mainFilter_df_wd_vx
0x000000710255D758,mainFilter_df_pc_wd_vx
0x000000710255F964,mainFilter_bl_wd_vx
0x0000007102561B48,mainFilter_bl_pc_wd_vx
0x0000007102563D2C,mainFilter_df_bl_wd_vx
0x0000007102565F38,mainFilter_df_bl_pc_wd_vx
0x0000007102568144,edgeFilter_vx
0x000000710256A348,rainDropUnlit_0_px
0x000000710256C504,rainDropLit_BasePass_0_px
0x000000710256E6C8,rainQuad_0_px
0x00000071025708A9,rainSplash_0_px
0x0000007102572AFA,rainSplashDeferredLit_0_px
0x0000007102574D53,rainDropLit_0_dir_noshadows_px
0x0000007102576F73,rainDropLit_0_dir_parallel_px
0x00000071025791EA,rainDropLit_0_dir_cascade_px
0x000000710257B459,rainDropLit_0_dir_luminance_px
0x000000710257D69D,rainDropLit_0_point_noshadows_px
0x000000710257F899,rainDropLit_0_point_shadows_px
0x0000007102581AE5,rainDropLit_0_point_shadows_down_px
0x0000007102583D30,rainDropLit_0_spotTID_noshadows_px
0x0000007102585F50,rainDropLit_0_spotTID_shadows_px
0x00000071025881BF,rainDropLit_0_spot_noshadows_px
0x000000710258A3BB,rainDropLit_0_spot_shadows_px
0x000000710258C5FE,rainDropUnlit_1_px
0x000000710258E7BA,rainDropLit_BasePass_1_px
0x000000710259097E,rainQuad_1_px
0x0000007102592B5F,rainSplash_1_px
0x0000007102594DB0,rainSplashDeferredLit_1_px
0x0000007102597009,rainDropLit_1_dir_noshadows_px
0x0000007102599229,rainDropLit_1_dir_parallel_px
0x000000710259B4A0,rainDropLit_1_dir_cascade_px
0x000000710259D70F,rainDropLit_1_dir_luminance_px
0x000000710259F953,rainDropLit_1_point_noshadows_px
0x00000071025A1B4F,rainDropLit_1_point_shadows_px
0x00000071025A3D9B,rainDropLit_1_point_shadows_down_px
0x00000071025A5FE6,rainDropLit_1_spotTID_noshadows_px
0x00000071025A8206,rainDropLit_1_spotTID_shadows_px
0x00000071025AA475,rainDropLit_1_spot_noshadows_px
0x00000071025AC671,rainDropLit_1_spot_shadows_px
0x00000071025AE8B4,rainDropUnlit_2_px
0x00000071025B0A70,rainDropLit_BasePass_2_px
0x00000071025B2C34,rainQuad_2_px
0x00000071025B4E15,rainSplash_2_px
0x00000071025B7066,rainSplashDeferredLit_2_px
0x00000071025B92BF,rainDropLit_2_dir_noshadows_px
0x00000071025BB4DF,rainDropLit_2_dir_parallel_px
0x00000071025BD756,rainDropLit_2_dir_cascade_px
0x00000071025BF9C5,rainDropLit_2_dir_luminance_px
0x00000071025C1C09,rainDropLit_2_point_noshadows_px
0x00000071025C3E05,rainDropLit_2_point_shadows_px
0x00000071025C6051,rainDropLit_2_point_shadows_down_px
0x00000071025C829C,rainDropLit_2_spotTID_noshadows_px
0x00000071025CA4BC,rainDropLit_2_spotTID_shadows_px
0x00000071025CC72B,rainDropLit_2_spot_noshadows_px
0x00000071025CE927,rainDropLit_2_spot_shadows_px
0x00000071025D0B6A,rainDropUnlit_3_px
0x00000071025D2D26,rainDropLit_BasePass_3_px
0x00000071025D4EEA,rainQuad_3_px
0x00000071025D70CB,rainSplash_3_px
0x00000071025D931C,rainSplashDeferredLit_3_px
0x00000071025DB575,rainDropLit_3_dir_noshadows_px
0x00000071025DD795,rainDropLit_3_dir_parallel_px
0x00000071025DFA0C,rainDropLit_3_dir_cascade_px
0x00000071025E1C7B,rainDropLit_3_dir_luminance_px
0x00000071025E3EBF,rainDropLit_3_point_noshadows_px
0x00000071025E60BB,rainDropLit_3_point_shadows_px
0x00000071025E8307,rainDropLit_3_point_shadows_down_px
0x00000071025EA552,rainDropLit_3_spotTID_noshadows_px
0x00000071025EC772,rainDropLit_3_spotTID_shadows_px
0x00000071025EE9E1,rainDropLit_3_spot_noshadows_px
0x00000071025F0BDD,rainDropLit_3_spot_shadows_px
0x00000071025F2E20,rainDropUnlit_4_px
0x00000071025F4FDC,rainDropLit_BasePass_4_px
0x00000071025F71A0,rainQuad_4_px
0x00000071025F9381,rainSplash_4_px
0x00000071025FB5D2,rainSplashDeferredLit_4_px
0x00000071025FD82B,rainDropLit_4_dir_noshadows_px
0x00000071025FFA4B,rainDropLit_4_dir_parallel_px
0x0000007102601CC2,rainDropLit_4_dir_cascade_px
0x0000007102603F31,rainDropLit_4_dir_luminance_px
0x0000007102606175,rainDropLit_4_point_noshadows_px
0x0000007102608371,rainDropLit_4_point_shadows_px
0x000000710260A5BD,rainDropLit_4_point_shadows_down_px
0x000000710260C808,rainDropLit_4_spotTID_noshadows_px
0x000000710260EA28,rainDropLit_4_spotTID_shadows_px
0x0000007102610C97,rainDropLit_4_spot_noshadows_px
0x0000007102612E93,rainDropLit_4_spot_shadows_px
0x00000071026150D6,rainDropUnlit_5_px
0x0000007102617292,rainDropLit_BasePass_5_px
0x0000007102619456,rainQuad_5_px
0x000000710261B637,rainSplash_5_px
0x000000710261D888,rainSplashDeferredLit_5_px
0x000000710261FAE1,rainDropLit_5_dir_noshadows_px
0x0000007102621D01,rainDropLit_5_dir_parallel_px
0x0000007102623F78,rainDropLit_5_dir_cascade_px
0x00000071026261E7,rainDropLit_5_dir_luminance_px
0x000000710262842B,rainDropLit_5_point_noshadows_px
0x000000710262A627,rainDropLit_5_point_shadows_px
0x000000710262C873,rainDropLit_5_point_shadows_down_px
0x000000710262EABE,rainDropLit_5_spotTID_noshadows_px
0x0000007102630CDE,rainDropLit_5_spotTID_shadows_px
0x0000007102632F4D,rainDropLit_5_spot_noshadows_px
0x0000007102635149,rainDropLit_5_spot_shadows_px
0x000000710263738C,rainDropUnlit_6_px
0x0000007102639548,rainDropLit_BasePass_6_px
0x000000710263B70C,rainQuad_6_px
0x000000710263D8ED,rainSplash_6_px
0x000000710263FB3E,rainSplashDeferredLit_6_px
0x0000007102641D97,rainDropLit_6_dir_noshadows_px
0x0000007102643FB7,rainDropLit_6_dir_parallel_px
0x000000710264622E,rainDropLit_6_dir_cascade_px
0x000000710264849D,rainDropLit_6_dir_luminance_px
0x000000710264A6E1,rainDropLit_6_point_noshadows_px
0x000000710264C8DD,rainDropLit_6_point_shadows_px
0x000000710264EB29,rainDropLit_6_point_shadows_down_px
0x0000007102650D74,rainDropLit_6_spotTID_noshadows_px
0x0000007102652F94,rainDropLit_6_spotTID_shadows_px
0x0000007102655203,rainDropLit_6_spot_noshadows_px
0x00000071026573FF,rainDropLit_6_spot_shadows_px
0x0000007102659642,rainDropUnlit_7_px
0x000000710265B7FE,rainDropLit_BasePass_7_px
0x000000710265D9C2,rainQuad_7_px
0x000000710265FBA3,rainSplash_7_px
0x0000007102661DF4,rainSplashDeferredLit_7_px
0x000000710266404D,rainDropLit_7_dir_noshadows_px
0x000000710266626D,rainDropLit_7_dir_parallel_px
0x00000071026684E4,rainDropLit_7_dir_cascade_px
0x000000710266A753,rainDropLit_7_dir_luminance_px
0x000000710266C997,rainDropLit_7_point_noshadows_px
0x000000710266EB93,rainDropLit_7_point_shadows_px
0x0000007102670DDF,rainDropLit_7_point_shadows_down_px
0x000000710267302A,rainDropLit_7_spotTID_noshadows_px
0x000000710267524A,rainDropLit_7_spotTID_shadows_px
0x00000071026774B9,rainDropLit_7_spot_noshadows_px
0x00000071026796B5,rainDropLit_7_spot_shadows_px
0x000000710267B8F8,rainDropUnlit_8_px
0x000000710267DAB4,rainDropLit_BasePass_8_px
0x000000710267FC78,rainQuad_8_px
0x0000007102681E59,rainSplash_8_px
0x00000071026840D0,rainSplashDeferredLit_8_px
0x000000710268634F,rainDropLit_8_dir_noshadows_px
0x000000710268856F,rainDropLit_8_dir_parallel_px
0x000000710268A7E6,rainDropLit_8_dir_cascade_px
0x000000710268CA55,rainDropLit_8_dir_luminance_px
0x000000710268EC99,rainDropLit_8_point_noshadows_px
0x0000007102690E95,rainDropLit_8_point_shadows_px
0x00000071026930E1,rainDropLit_8_point_shadows_down_px
0x000000710269532C,rainDropLit_8_spotTID_noshadows_px
0x000000710269754C,rainDropLit_8_spotTID_shadows_px
0x00000071026997BB,rainDropLit_8_spot_noshadows_px
0x000000710269B9B7,rainDropLit_8_spot_shadows_px
0x000000710269DBFA,rainDrop_0_vx
0x000000710269FDEE,rainDrop_1_vx
0x00000071026A1FE2,rainDrop_2_vx
0x00000071026A41D6,rainDrop_3_vx
0x00000071026A73CA,rainDrop_4_vx
0x00000071026AA5BE,rainDrop_5_vx
0x00000071026AD7B2,rainDrop_6_vx
0x00000071026B09A6,rainDrop_7_vx
0x00000071026B3B9A,rainDrop_8_vx
0x00000071026B6D8E,rainDrop_9_vx
0x00000071026B9F82,rainDrop_10_vx
0x00000071026BD176,rainDrop_N_vx
0x00000071026BF36A,rainQuad_vx
0x00000071026C151E,rainSplash_vx
0x00000071026C36E2,grass_px
0x00000071026C58E4,grass_debug_albedo_px
0x00000071026C7AF6,grass_debug_greydiffuse_px
0x00000071026C9CE3,grass_debug_blackdiffuse_px
0x00000071026CBEC0,grass_debug_eyenormals_px
0x00000071026CE0C2,grass_debug_flatcolour_px
0x00000071026D02DC,grass_vx
0x00000071026D24D8,_ZTV20NuUnknownDefaultBase
0x00000071026D2510,_ZTV32NuUnknownDefaultBaseNoAutoDelete
0x00000071026D2548,_ZTV9NuUnknown
0x00000071026D2580,_ZN11NuSerialize29ms_createFieldTypeFunctionTblE
0x00000071026D27F0,_ZTV11NuSerialize
0x00000071026D2AA8,_ZTV11NuClassStub
0x00000071026D2B40,_ZTV11NuClassCore
0x00000071026D2B60,_ZTV23NuClassAbstractInstance
0x00000071026D2B98,_ZTV7NuClass
0x00000071026D2C30,_ZTV25NuClass_NuClassDefinition
0x00000071026D2CC8,_ZTV17NuClassDefinition
0x00000071026D2CE8,_ZTV24NuClass_NuClassCoreField
0x00000071026D2D80,_ZTV14NuClassBuilder
0x00000071026D3120,_ZTV9NuArchive
0x00000071026D33E8,_ZN9NuArchive24m_pipeDataFieldFuncTblV3E
0x00000071026D3658,_ZN13StreamControl27m_streamInitialFieldFuncTblE
0x00000071026D38C8,_ZTV10NuFilePipe
0x00000071026D391A,gLastStartButtonPort
0x00000071026D3920,_ZTV17NuApiPadEventData
0x00000071026D3948,MaxGamePads
0x00000071026D3950,_ZTV11NuPadSystem
0x00000071026D39A8,_ZTV22NuPlayerProfileManager
0x00000071026D3A30,_ZTV15NuPlayerProfile
0x00000071026D3A90,g_forceState
0x00000071026D3A98,_ZTV39ProfilerSpecifc_DynamicPoolEventHandler
0x00000071026D3AD8,_ZTV12NuFileFilter
0x00000071026D3B38,_ZTV14NuResourceBase
0x00000071026D3C30,_ZTV21NuResourceWithContext
0x00000071026D3C88,_ZTVN14NuSystemEvents19SystemMenuEventDataE
0x00000071026D3CB0,g_NuTTBuilder_Publisher
0x00000071026D3CB8,g_NuTTBuilder_ShortProductName
0x00000071026D3CC0,g_NuTTBuilder_RegistryKey
0x00000071026D3D90,_ZTV14NuSaveCore_nnx
0x00000071026D3EE0,_ZTVN14NuClientServer10ConnectionE
0x00000071026D3F30,_ZTV14NuClientServer
0x00000071026D3F48,_ZTV13NuRenderGroup
0x00000071026D3F78,g_rebuildTimeMin
0x00000071026D3F7C,g_rebuildTimeMax
0x00000071026D3F80,_ZTV16NuRenderCompound
0x00000071026D3FB0,_ZTV19NuSoundEffectReverb
0x00000071026D4030,_ZN19NuSoundEffectReverb6Params8mDefaultE
0x00000071026D4058,_ZTV17ApiRopeTypeHelper
0x00000071026D41E8,_ZTV24ApiRopeTypeEdStringEdRef
0x00000071026D4288,_ZTV18KeyframeEventPause
0x00000071026D42D8,_ZTV24KeyframeEventPauseHelper
0x00000071026D4438,_ZTV17BeamSplineManager
0x00000071026D4520,_ZTV10BeamSpline
0x00000071026D47B8,_ZTV14BeamSplineKnot
0x00000071026D49B0,_ZTV15EdRefBeamSpline
0x00000071026D4A50,_ZTV16BeamSplineHelper
0x00000071026D4C48,_ZTVN9NuMechPtrI10BeamSplineLi424EE11ManagedBaseE
0x00000071026D4C68,_ZTV14EdCameraObject
0x00000071026D4EC8,_ZTV14EdCameraHelper
0x00000071026D5028,_ZTV13CameraManager
0x00000071026D50F0,_ZTV11EdRefCamera
0x00000071026D5190,_ZTV16EdCutsceneCamera
0x00000071026D53F0,_ZTV23EdCutsceneCameraManager
0x00000071026D54B8,_ZTV22EdCutsceneCameraHelper
0x00000071026D5658,_ZTV15ParticlesHolder
0x00000071026D58B8,_ZTV16ParticlesManager
0x00000071026D5980,_ZTV15ParticlesHelper
0x00000071026D5B18,_ZTV20EdRefParticlesHolder
0x00000071026D5BB8,_ZTV31SAction_SetParticleEmitterState
0x00000071026D5BF8,_ZTV21EdFixablePtrFixupData
0x00000071026D5C28,_ZTV21LogMessageListCleaner
0x00000071026D5C58,_ZTV16SoundLevelConfig
0x00000071026D5EB8,_ZTV21EdRefSoundLevelConfig
0x00000071026D5F58,_ZTV22SoundLevelConfigHelper
0x00000071026D60B8,_ZTV9SVarSound
0x00000071026D6150,_ZTV17SAction_SVarSound
0x00000071026D6190,_ZTV18SAction_Text2Sound
0x00000071026D61D0,_ZTV11SoundAction
0x00000071026D6218,_ZTV17SoundAction_Start
0x00000071026D6260,_ZTV16SoundAction_Stop
0x00000071026D62A8,_ZTV21DynamicScriptVariableI14SoundPlaceableE
0x00000071026D6340,_ZTV14SVarSpeechPack
0x00000071026D6398,_ZTV34SAction_SVarSpeechPack_Constructor
0x00000071026D63D8,_ZTV27SAction_SVarSpeechPack_Base
0x00000071026D6420,_ZTV27SAction_SVarSpeechPack_Load
0x00000071026D6468,_ZTV30SAction_SVarSpeechPack_Release
0x00000071026D64B0,_ZTV31SAction_SVarSpeechPack_IsLoaded
0x00000071026D64F8,_ZTV32SAction_SVarSpeechPack_GetSpeech
0x00000071026D6540,_ZTV36SAction_SVarSpeechStream_Constructor
0x00000071026D6580,_ZTV29SAction_SVarSpeechStream_Base
0x00000071026D65C8,_ZTV28SAction_SVarSpeechStream_Cue
0x00000071026D6610,_ZTV30SAction_SVarSpeechStream_Close
0x00000071026D6658,_ZTV31SAction_SVarSpeechStream_IsCued
0x00000071026D66A0,_ZTV34SAction_SVarSpeechStream_GetSpeech
0x00000071026D66E8,_ZTV16SVarSpeechStream
0x00000071026D6740,api_aiconditiondefs
0x00000071026D69F8,api_aiactiondefs
0x00000071026D6C20,PostEffectTypeRemap
0x00000071026D6C60,_ZTV16PostEffectHelper
0x00000071026D6DC0,_ZTV16PostEffectObject
0x00000071026D7080,_ZTV17PostEffectManager
0x00000071026D7148,_ZTV21EdRefPostEffectObject
0x00000071026D71E8,_ZTV19EdBaseObjectManagerI17PostEffectManager16PostEffectObjectE
0x00000071026D72B0,g_cubeMapFileExtension
0x00000071026D72B8,g_cubeMapFileExtensionNxg
0x00000071026D72C0,g_cubeMapTextureExtensionNxg
0x00000071026D72C8,_ZTV22ReflectionCapturePoint
0x00000071026D75C0,_ZTV14ReflectionZone
0x00000071026D7848,_ZTV20ReflectionZoneHelper
0x00000071026D79B0,_ZTV29ReflectionCapturePointManager
0x00000071026D7A78,_ZTV21ReflectionZoneManager
0x00000071026D7B40,_ZTV19EdRefReflectionZone
0x00000071026D7BE0,_ZTV28ReflectionCapturePointHelper
0x00000071026D7D50,_ZTV19EdBaseObjectManagerI21ReflectionZoneManager14ReflectionZoneE
0x00000071026D7E18,_ZTV19EdBaseObjectManagerI29ReflectionCapturePointManager22ReflectionCapturePointE
0x00000071026D7EE0,_ZTV13EdRefSmartPtrI24NuReflectionCapturePoint22ReflectionCapturePoint13NuFatSmartPtrIS0_EE
0x00000071026D7FD8,_ZTV10FMVManager
0x00000071026D80A0,_ZTV15FMVPlayerHelper
0x00000071026D8200,_ZTV15FootNoteManager
0x00000071026D8328,_ZTV17ScreenNoteManager
0x00000071026D8368,g_GroupToDisplay
0x00000071026D836C,g_MaxGroups
0x00000071026D8370,MaxCodeRecordsOnScreen
0x00000071026D8378,_ZTV13CodeScoreCard
0x00000071026D8440,_ZTV10CodeRecord
0x00000071026D8468,_ZTV25StringProfanityFilterBase
0x00000071026D8480,theStringProfanityFilter
0x00000071026D8488,cfgtab_DataBlock
0x00000071026D84A8,_ZTV9DataEntry
0x00000071026D84D8,_ZTV9DataBlock
0x00000071026D84F8,_ZTV18DataBlockCfgLoader
0x00000071026D8568,_ZTV14DataEntryFloat
0x00000071026D8598,_ZTV12DataEntryAng
0x00000071026D85C8,_ZTV12DataEntryInt
0x00000071026D85F8,_ZTV21DataEntryFloatCalcPow
0x00000071026D8628,_ZTV15DataEntryString
0x00000071026D8658,_ZTV12DataEntryVec
0x00000071026D8688,_ZTV13DataEntryBool
0x00000071026D86E8,_ZTV8RCObject
0x00000071026D8708,_ZTV24MechKrawlieSpawnerHelper
0x00000071026D8898,_ZTV18MechKrawlieSpawner
0x00000071026D8B20,_ZTV30MechKrawlieSpawnPointInterface
0x00000071026D8C80,_ZTV21MechKrawlieSpawnPoint
0x00000071026D8CB0,_ZTV23MechKrawlieSpawnerEdRef
0x00000071026D8D50,_ZTV22MechKrawlieSpawnerBase
0x00000071026D8FD8,_ZTV28MechKrawlieSpawnerBaseHelper
0x00000071026D9168,_ZTV27MechKrawlieSpawnerFloodFill
0x00000071026D93F0,_ZTV33MechKrawlieSpawnerFloodFillHelper
0x00000071026D9550,_ZTV21MechKrawlieAreaSpline
0x00000071026D97C8,_ZTV15KrawlieAreaKnot
0x00000071026D99C0,_ZTV23KrawlieAreaSplineHelper
0x00000071026D9BB8,_ZTV13FixedCylinder
0x00000071026D9E20,_ZTV19FixedCylinderHelper
0x00000071026D9FB8,_ZTV20FixedCylinderManager
0x00000071026DA080,_ZTV24EdRefFixedCylinderRadius
0x00000071026DA120,_ZTV24EdRefFixedCylinderHeight
0x00000071026DA1C0,_ZTV29TargetingInterfaceSceneObject
0x00000071026DA5D0,_ZTV18MechLevelContainer
0x00000071026DA610,_ZTV22MechLevelInstanceFlags
0x00000071026DA6D8,_ZTV14MechLevelFlags
0x00000071026DA810,_ZTV18SplitControlVolume
0x00000071026DAA70,_ZTV24SplitControlVolumeHelper
0x00000071026DABD8,_ZTV25SplitControlVolumeManager
0x00000071026DACA0,_ZTV24SplitControlVolumeSystem
0x00000071026DADD8,_ZTV10CameraZone
0x00000071026DB068,_ZTV16CameraZoneHelper
0x00000071026DB1D0,_ZTV17CameraZoneManager
0x00000071026DB298,_ZTV16CameraZoneSystem
0x00000071026DB3D0,_ZTV15EdRefCameraZone
0x00000071026DB470,_ZTV26MechGadgetObstacleTemplate
0x00000071026DB720,_ZN32MechGadgetObstacleTemplateHelper18mAnimTypeEnumItemsE
0x00000071026DB7B0,_ZN32MechGadgetObstacleTemplateHelper15mFlagsEnumItemsE
0x00000071026DB7F0,_ZTV26MechGadgetObstacleInstance
0x00000071026DBBA0,_ZTV32MechGadgetObstacleTemplateHelper
0x00000071026DBD38,_ZTV32MechGadgetObstacleInstanceHelper
0x00000071026DBED0,_ZTV20ObstacleTriggerAddon
0x00000071026DC160,_ZTV29MechGadgetTriggerAreaTemplate
0x00000071026DC410,_ZN35MechGadgetTriggerAreaTemplateHelper15mFlagsEnumItemsE
0x00000071026DC440,_ZTV35MechGadgetTriggerAreaTemplateHelper
0x00000071026DC5D8,_ZTV29MechGadgetTriggerAreaInstance
0x00000071026DC998,_ZTV23TriggerAreaTriggerAddon
0x00000071026DCC40,_ZTV35MechGadgetTriggerAreaInstanceHelper
0x00000071026DCDD8,_ZTV28MechGadgetTriggerAreaResults
0x00000071026DCDF8,_ZTV11cTalkMaster
0x00000071026DCE68,_ZTV10cTalkSlave
0x00000071026DCEC8,_ZTV5cIdle
0x00000071026DCF20,gIdleAnims
0x00000071026DCF30,_ZTV23cGotoTargetStraightLine
0x00000071026DCF88,_ZTV13cDailyRoutine
0x00000071026DCFE0,_ZTV16cPlayerInVehicle
0x00000071026DD038,_ZTV14NvNodeLinkList
0x00000071026DD058,_ZTV8NaviPath
0x00000071026DD078,_ZN10NaviSystem16s_pNaviDirectoryE
0x00000071026DD080,_ZN10NaviSystem19s_pNaviMapDirectoryE
0x00000071026DD088,_ZN10NaviSystem14s_pNaviMapFileE
0x00000071026DD090,_ZN10NaviSystem19s_pNaviMapExtensionE
0x00000071026DD098,_ZTV10NaviSystem
0x00000071026DD1D8,_ZTV9NvMapSVar
0x00000071026DD230,_ZTV15SAction_NaviMap
0x00000071026DD270,_ZTV13NaviMapAction
0x00000071026DD2B8,_ZTV22NaviMapAction_IsLoaded
0x00000071026DD300,_ZTV18NaviMapAction_Load
0x00000071026DD348,_ZTV20NaviMapAction_Unload
0x00000071026DD390,_ZTV14NvMapEventData
0x00000071026DD3B8,_ZN17MechEnumNameArray18s_invalidEntryNameE
0x00000071026DD3C0,_ZTV22MechDecalSpecialSystem
0x00000071026DD4F8,_ZTV23MechDecalSpecialManager
0x00000071026DD5C0,_ZTV24MechDecalSpecialListener
0x00000071026DD670,_ZTV10MechShapes
0x00000071026DD7A8,_ZTV20MechShapeArrowHelper
0x00000071026DD908,_ZTV19HookArgsCamOverride
0x00000071026DD928,_ZTV11ScriptAddOn
0x00000071026DDB98,_ZTV15SVarAddOnHandle
0x00000071026DDBF0,_ZTV13SVarAddOnList
0x00000071026DDC48,_ZTV24SAction_Text2AddOnHandle
0x00000071026DDC88,_ZTV17TempActionCreatorI22ScrAction_MoveToTargetE
0x00000071026DDCD0,_ZTV17TempActionCreatorI28ScrAction_MoveAwayFromTargetE
0x00000071026DDD18,_ZTV17TempActionCreatorI20ScrAction_FaceTargetE
0x00000071026DDD60,_ZTV17TempActionCreatorI22ScrAction_JumpToTargetE
0x00000071026DDDA8,_ZTV17TempActionCreatorI23ScrAction_ShootAtTargetE
0x00000071026DDDF0,_ZTV17TempActionCreatorI21ScrAction_MeleeTargetE
0x00000071026DDE38,_ZTV17TempActionCreatorI26ScrAction_MeleeShootTargetE
0x00000071026DDE80,_ZTV17TempActionCreatorI33ScrAction_MechCharacterCodeCutOutE
0x00000071026DDEC8,_ZTV17TempActionCreatorI23ScrAction_PlayAnimationE
0x00000071026DDF10,_ZTV17TempActionCreatorI19ScrAction_InContextE
0x00000071026DDF58,_ZTV17TempActionCreatorI21ScrAction_InAnimationE
0x00000071026DDFA0,_ZTV17TempActionCreatorI25ScrAction_PlaySpecialMoveE
0x00000071026DDFE8,_ZTV17TempActionCreatorI15ScrAction_AddOnE
0x00000071026DE030,_ZTV17TempActionCreatorI24ScrAction_CharacterAddOnE
0x00000071026DE078,_ZTV17TempActionCreatorI20ScrAction_LevelAddOnE
0x00000071026DE0C0,_ZTV17TempActionCreatorI21ScrAction_CreateAddOnE
0x00000071026DE108,_ZTV17TempActionCreatorI26ScrAction_CreateLevelAddOnE
0x00000071026DE150,_ZTV17TempActionCreatorI30ScrAction_CreateCharacterAddOnE
0x00000071026DE198,_ZTV17TempActionCreatorI21ScrAction_SendToAddOnE
0x00000071026DE1E0,_ZTV17TempActionCreatorI26ScrAction_SendToLevelAddOnE
0x00000071026DE228,_ZTV17TempActionCreatorI30ScrAction_SendToCharacterAddOnE
0x00000071026DE270,_ZTV17TempActionCreatorI22ScrAction_DestroyAddOnE
0x00000071026DE2B8,_ZTV17TempActionCreatorI31ScrAction_DestroyCharacterAddOnE
0x00000071026DE300,_ZTV17TempActionCreatorI27ScrAction_DestroyLevelAddOnE
0x00000071026DE348,_ZTV17TempActionCreatorI23ScrAction_RunActivitiesE
0x00000071026DE390,_ZTV17TempActionCreatorI26ScrAction_ScriptLevelAddOnE
0x00000071026DE3D8,_ZTV17TempActionCreatorI30ScrAction_WaitForAddOnCompleteE
0x00000071026DE420,_ZTV17TempActionCreatorI31ScrAction_WaitForAddOnConditionE
0x00000071026DE468,_ZTV17TempActionCreatorI24ScrAction_CreateActivityE
0x00000071026DE4B0,_ZTV17TempActionCreatorI21ScrAction_ScreenWriteE
0x00000071026DE4F8,_ZTV17TempActionCreatorI13ScrAction_IAmE
0x00000071026DE540,_ZTV17TempActionCreatorI20ScrAction_IAmVariantE
0x00000071026DE588,_ZTV17TempActionCreatorI26ScrAction_GetCharacterInfoE
0x00000071026DE5D0,_ZTV17TempActionCreatorI23ScrAction_ScaleOverrideE
0x00000071026DE618,_ZTV17TempActionCreatorI17ScrAction_BeenHitE
0x00000071026DE660,_ZTV17TempActionCreatorI21ScrAction_PressButtonE
0x00000071026DE6A8,_ZTV17TempActionCreatorI23ScrAction_GetCheckPointE
0x00000071026DE6F0,_ZTV17TempActionCreatorI19ScrAction_EmitCoinsE
0x00000071026DE738,_ZTV17TempActionCreatorI14ScrAction_WaitE
0x00000071026DE780,_ZTV17TempActionCreatorI20ScrAction_GetMessageE
0x00000071026DE7C8,_ZTV17TempActionCreatorI16ScrAction_RandomE
0x00000071026DE810,_ZTV17TempActionCreatorI22ScrAction_GetBuildInfoE
0x00000071026DE858,_ZTV17TempActionCreatorI21ScrAction_BeenToLevelE
0x00000071026DE8A0,_ZTV17TempActionCreatorI23ScrAction_GetGizmoFlagsE
0x00000071026DE8E8,_ZTV17TempActionCreatorI27ScrAction_WaitForGizmoFlagsE
0x00000071026DE930,_ZTV17TempActionCreatorI23ScrAction_GizmoInteractE
0x00000071026DE978,_ZTV17TempActionCreatorI21ScrAction_CanUseGizmoE
0x00000071026DE9C0,_ZTV17TempActionCreatorI23ScrAction_GoThroughDoorE
0x00000071026DEA08,_ZTV17TempActionCreatorI28ScrAction_GetSpecialObjFlagsE
0x00000071026DEA50,_ZTV17TempActionCreatorI24ScrAction_ManageTakeOverE
0x00000071026DEA98,_ZTV17TempActionCreatorI15ScrAction_RangeE
0x00000071026DEAE0,_ZTV17TempActionCreatorI18ScrAction_InVolumeE
0x00000071026DEB28,_ZTV17TempActionCreatorI21ScrAction_InDirectionE
0x00000071026DEB70,_ZTV17TempActionCreatorI30ScrAction_NeedHelpWithTriggersE
0x00000071026DEBB8,_ZTV17TempActionCreatorI26ScrAction_HelpWithTriggersE
0x00000071026DEC00,_ZTV17TempActionCreatorI21ScrAction_ShakeCameraE
0x00000071026DEC48,_ZTV17TempActionCreatorI20ScrAction_ManageItemE
0x00000071026DEC90,_ZTV17TempActionCreatorI27ScrAction_ThrowItemAtTargetE
0x00000071026DECD8,_ZTV17TempActionCreatorI17ScrAction_HasItemE
0x00000071026DED20,_ZTV17TempActionCreatorI32ScrAction_GetKrawlieSpawnerFlagsE
0x00000071026DED68,_ZTV17TempActionCreatorI30ScrAction_GetKrawlieGroupFlagsE
0x00000071026DEDB0,_ZTV17TempActionCreatorI31ScrAction_GetFlowInterfaceFlagsE
0x00000071026DEDF8,_ZTV22ScrAction_MoveToTarget
0x00000071026DEE50,_ZTV28ScrAction_MoveAwayFromTarget
0x00000071026DEEA8,_ZTV20ScrAction_FaceTarget
0x00000071026DEF00,_ZTV22ScrAction_JumpToTarget
0x00000071026DEF58,_ZTV23ScrAction_ShootAtTarget
0x00000071026DEFB0,_ZTV21ScrAction_MeleeTarget
0x00000071026DF008,_ZTV26ScrAction_MeleeShootTarget
0x00000071026DF060,_ZTV26ScrAction_ScriptLevelAddOn
0x00000071026DF0B8,_ZTV30ScrAction_WaitForAddOnComplete
0x00000071026DF110,_ZTV31ScrAction_WaitForAddOnCondition
0x00000071026DF168,_ZTV15ScrAction_AddOn
0x00000071026DF1C0,_ZTV21ScrAction_CreateAddOn
0x00000071026DF218,_ZTV30ScrAction_CreateCharacterAddOn
0x00000071026DF270,_ZTV26ScrAction_CreateLevelAddOn
0x00000071026DF2C8,_ZTV24ScrAction_CharacterAddOn
0x00000071026DF320,_ZTV20ScrAction_LevelAddOn
0x00000071026DF378,_ZTV21ScrAction_SendToAddOn
0x00000071026DF3D0,_ZTV30ScrAction_SendToCharacterAddOn
0x00000071026DF428,_ZTV26ScrAction_SendToLevelAddOn
0x00000071026DF480,_ZTV22ScrAction_DestroyAddOn
0x00000071026DF4D8,_ZTV31ScrAction_DestroyCharacterAddOn
0x00000071026DF530,_ZTV27ScrAction_DestroyLevelAddOn
0x00000071026DF588,_ZTV21ScrAction_ScreenWrite
0x00000071026DF5E0,_ZTV23ScrAction_PlayAnimation
0x00000071026DF638,_ZTV19ScrAction_InContext
0x00000071026DF690,_ZTV21ScrAction_InAnimation
0x00000071026DF6E8,_ZTV25ScrAction_PlaySpecialMove
0x00000071026DF740,_ZTV23ScrAction_GetCheckPoint
0x00000071026DF798,_ZTV13ScrAction_IAm
0x00000071026DF7F0,_ZTV20ScrAction_IAmVariant
0x00000071026DF848,_ZTV26ScrAction_GetCharacterInfo
0x00000071026DF8A0,_ZTV23ScrAction_ScaleOverride
0x00000071026DF8F8,_ZTV17ScrAction_BeenHit
0x00000071026DF950,_ZTV21ScrAction_PressButton
0x00000071026DF9A8,_ZTV31GetCharacterInfoScriptInterface
0x00000071026DF9D0,_ZTV31SetCharacterInfoScriptInterface
0x00000071026DF9F8,_ZTV19ScrAction_EmitCoins
0x00000071026DFA50,_ZTV14ScrAction_Wait
0x00000071026DFAA8,_ZTV20ScrAction_GetMessage
0x00000071026DFB00,_ZTV16ScrAction_Random
0x00000071026DFB58,_ZTV22ScrAction_GetBuildInfo
0x00000071026DFBB0,_ZTV21ScrAction_BeenToLevel
0x00000071026DFC08,_ZTV23ScrAction_RunActivities
0x00000071026DFC98,_ZTV24ScrAction_CreateActivity
0x00000071026DFCF0,_ZTV23ScrAction_GetGizmoFlags
0x00000071026DFD48,_ZTV27ScrAction_WaitForGizmoFlags
0x00000071026DFDA0,_ZTV23ScrAction_GizmoInteract
0x00000071026DFDF8,_ZTV21ScrAction_CanUseGizmo
0x00000071026DFE50,_ZTV20GizmoScriptInterface
0x00000071026DFE78,gGameObjFlags
0x00000071026E01E0,_ZTV28ScrAction_GetSpecialObjFlags
0x00000071026E0238,_ZTV25SpecialObjScriptInterface
0x00000071026E0260,_ZTV24ScrAction_ManageTakeOver
0x00000071026E02B8,_ZTV15ScrAction_Range
0x00000071026E0310,_ZTV18ScrAction_InVolume
0x00000071026E0368,_ZTV21ScrAction_InDirection
0x00000071026E03C0,_ZTV33ScrAction_MechCharacterCodeCutOut
0x00000071026E0418,_ZTV23ScrAction_GoThroughDoor
0x00000071026E0470,_ZTV21ScrAction_ShakeCamera
0x00000071026E04C8,_ZTV20ScrAction_ManageItem
0x00000071026E0520,_ZTV27ScrAction_ThrowItemAtTarget
0x00000071026E0578,_ZTV17ScrAction_HasItem
0x00000071026E05D0,_ZTV32ScrAction_GetKrawlieSpawnerFlags
0x00000071026E0628,_ZTV30ScrAction_GetKrawlieGroupFlags
0x00000071026E0680,_ZTV29KrawlieSpawnerScriptInterface
0x00000071026E06A8,_ZTV27KrawlieGroupScriptInterface
0x00000071026E06D0,_ZTV30ScrAction_NeedHelpWithTriggers
0x00000071026E0728,_ZTV26ScrAction_HelpWithTriggers
0x00000071026E0780,_ZTV31ScrAction_GetFlowInterfaceFlags
0x00000071026E07D8,_ZTV28FlowInterfaceScriptInterface
0x00000071026E0800,_ZTV33ExtendedTargetAddOn_ClosestPlayer
0x00000071026E0A98,_ZTV32ExtendedTargetAddOn_ClosestParty
0x00000071026E0D30,_ZTV28ExtendedTargetAddOn_Opponent
0x00000071026E0FC8,_ZTV30ExtendedTargetAddOn_LocatorSet
0x00000071026E1260,_ZTV32ExtendedTargetAddOn_CharacterPOI
0x00000071026E14F8,_ZTV33ExtendedTargetAddOn_ClosestGadget
0x00000071026E1790,_ZTV31ExtendedTargetAddOn_PartyLeader
0x00000071026E1A28,_ZTV11AddOnHelper
0x00000071026E1CE8,_ZN17TaggingConstraint14mAddOnTypeNameE
0x00000071026E1CF0,_ZTV17TaggingConstraint
0x00000071026E1FE8,_ZTV24MechCharacterBasePointer
0x00000071026E2018,_ZN9GoalIcons8s_fAlphaE
0x00000071026E2020,_ZTV9GoalIcons
0x00000071026E2350,_ZN14BossIconsAddOn14mAddOnTypeNameE
0x00000071026E2358,_ZTV14BossIconsAddOn
0x00000071026E2648,_ZTV14MiniKitCounter
0x00000071026E2908,_ZTV16cActivityChooser
0x00000071026E2C08,_ZTV15cActivityHelper
0x00000071026E2EC8,_ZTV25cActivityChooserEventData
0x00000071026E2EF0,_ZTV8AttachTo
0x00000071026E3228,_ZTV10AttachObjs
0x00000071026E34F0,_ZN14NodeGroupAddOn14mAddOnTypeNameE
0x00000071026E34F8,_ZTV14NodeGroupAddOn
0x00000071026E37C0,_ZTV15OpponentManager
0x00000071026E3A88,_ZTV13cFollowSpline
0x00000071026E3DC0,_ZTV21cCreatureDamageVolume
0x00000071026E4080,_ZTV13BossHitPoints
0x00000071026E4378,_ZTV12BrawlManager
0x00000071026E4678,_ZTV8ShowHint
0x00000071026E4940,_ZTV12HUDBaseAddOn
0x00000071026E4C38,_ZN5Party14mAddOnTypeNameE
0x00000071026E4C40,_ZTV5Party
0x00000071026E4F40,MOD_PARTY_FADE_TIME
0x00000071026E4F48,_ZN12PartyManager14mAddOnTypeNameE
0x00000071026E4F50,_ZN12PartyManager18s_inputChangePartyE
0x00000071026E4F58,_ZTV12PartyManager
0x00000071026E5258,_ZTV13cActivityBase
0x00000071026E52C0,_ZTV15cActivityFollow
0x00000071026E5328,_ZTV13cActivityIdle
0x00000071026E5390,_ZTV18cActivityExhausted
0x00000071026E53F8,_ZTV20cActivityMeleeAttack
0x00000071026E5460,_ZTV21cActivityRangedAttack
0x00000071026E54C8,_ZTV11AIShootTask
0x00000071026E5538,_ZTV15AIMoveShootTask
0x00000071026E55A8,_ZTV10AIFaceTask
0x00000071026E5618,_ZTV11AIMeleeTask
0x00000071026E56C0,_ZTV16AIMeleeShootTask
0x00000071026E5768,_ZN12AIShootBurst27ms_iLOSQueueAutoRemoveFrameE
0x00000071026E5770,_ZTV20GameBaseOpponentInfo
0x00000071026E57A8,_ZN12cSpawnSimple14mAddOnTypeNameE
0x00000071026E57B0,_ZTV12cSpawnSimple
0x00000071026E5AD8,_ZN12cSpawnRandom14mAddOnTypeNameE
0x00000071026E5AE0,_ZTV12cSpawnRandom
0x00000071026E5E08,_ZTV10SpawnPoint
0x00000071026E6030,_ZTV13CreatureGroup
0x00000071026E63C8,_ZTV22CreatureGroupEventData
0x00000071026E63F0,_ZTV20CreatureGroupManager
0x00000071026E64B8,_ZTV18EdRefCreatureGroup
0x00000071026E6558,_ZTV19CreatureGroupHelper
0x00000071026E66B8,_ZTV23EdRefCreatureDataTarget
0x00000071026E6758,_ZTV31EdRefCheckPointTriggerStateName
0x00000071026E67F8,_ZTV22CreatureDataListHelper
0x00000071026E6958,_ZTV18CreatureDataHelper
0x00000071026E6AB8,_ZTV17EdRefCreatureData
0x00000071026E6B58,_ZTV26CreatureDataScriptParamRef
0x00000071026E6BF8,_ZTV15EdRefSpawnPoint
0x00000071026E6C98,_ZTV16SpawnPointHelper
0x00000071026E6DF8,_ZTV18EdRefVolumeTrigger
0x00000071026E6E98,_ZTV19VolumeTriggerHelper
0x00000071026E6FF8,_ZTV15VolumeActivator
0x00000071026E7030,_ZTV19EdRefMessageTrigger
0x00000071026E70D0,_ZTV20MessageTriggerHelper
0x00000071026E7230,_ZTV16MessageActivator
0x00000071026E7268,_ZTV22EdRefCheckPointTrigger
0x00000071026E7308,_ZTV23CheckPointTriggerHelper
0x00000071026E7468,_ZTV29EdRefCharacterUnlockedTrigger
0x00000071026E7508,_ZTV30CharacterUnlockedTriggerHelper
0x00000071026E7668,_ZTV14AddOnActivator
0x00000071026E7930,_ZTV13ActivatorBase
0x00000071026E7968,_ZTV19CheckPointActivator
0x00000071026E79A0,_ZTV26CharacterUnlockedActivator
0x00000071026E79D8,_ZTV20GizmoOutputActivator
0x00000071026E7A10,_ZTV10AIMoveTask
0x00000071026E7A80,_ZTV16AIAttackBaseTask
0x00000071026E7B28,_ZTV8cSpawner
0x00000071026E7E50,_ZN11cSpawnIndex14mAddOnTypeNameE
0x00000071026E7E58,_ZTV11cSpawnIndex
0x00000071026E8180,_ZTV16CreatureDataList
0x00000071026E81A0,_ZTV24cCreatureDataListManager
0x00000071026E84B8,_ZN26cSimpleCreatureDataManager14mAddOnTypeNameE
0x00000071026E84C0,_ZTV26cSimpleCreatureDataManager
0x00000071026E87D8,_ZN31cPurchasableCreatureDataManager14mAddOnTypeNameE
0x00000071026E87E0,_ZTV31cPurchasableCreatureDataManager
0x00000071026E8AF8,_ZN25cQueueCreatureDataManager14mAddOnTypeNameE
0x00000071026E8B00,_ZTV25cQueueCreatureDataManager
0x00000071026E8E18,materialsCfgLevel1
0x00000071026E8E38,materialsCfgLevel2
0x00000071026E8E78,materialCfg
0x00000071026E8EC8,materialPairCfg
0x00000071026E8F08,_ZN9DynoScene7mSlowMoE
0x00000071026E8F10,_ZTV9DynoScene
0x00000071026E8F40,_ZTV17BroadPhaseRayCastI7DynoRayE
0x00000071026E8F68,_ZTV17BroadPhaseRayCastI9SphereRayE
0x00000071026E8F90,_ZTV17BroadPhaseRayCastI8ShapeRayE
0x00000071026E8FB8,_ZN9RigidMass11LinearClampE
0x00000071026E8FBC,_ZN9RigidMass12AngularClampE
0x00000071026E8FC0,_ZN9RigidMass14LinearClampSqrE
0x00000071026E8FC4,_ZN9RigidMass15AngularClampSqrE
0x00000071026E8FC8,_ZTV8BodyPair
0x00000071026E9008,_ZTV13WaterBodyPair
0x00000071026E9048,_ZTV13ClothBodyPair
0x00000071026E9088,_ZTV14WaterClothPair
0x00000071026E90C8,_ZTV10EntityPair
0x00000071026E9108,_ZTV12DynoListener
0x00000071026E91B8,_ZN5Agent18CollisionToleranceE
0x00000071026E91BC,_ZN5Agent22HalfCollisionToleranceE
0x00000071026E91C0,_ZTV5Agent
0x00000071026E9208,_ZTV11SplineAgent
0x00000071026E9250,_ZTV11MirrorAgentI11SplineAgent4Geom10SplineGeomE
0x00000071026E9298,_ZTV11BoxBoxAgent
0x00000071026E92E8,_ZTV17ConvexConvexAgent
0x00000071026E9338,_ZTV7GhkSkin
0x00000071026E9470,_ZN12ComplexAgent9CacheSkinE
0x00000071026E9478,_ZTV12ComplexAgent
0x00000071026E94C0,_ZTV11MirrorAgentI12ComplexAgent4GeomS1_E
0x00000071026E9508,_ZTV13CompoundAgent
0x00000071026E9550,_ZTV14TransformAgent
0x00000071026E9598,_ZTV14TranslateAgent
0x00000071026E95E0,_ZTV16TriangleBoxAgent
0x00000071026E9638,_ZTV11MirrorAgentI16TriangleBoxAgent4GeomS1_E
0x00000071026E9680,_ZTV16DynamicMeshAgent
0x00000071026E96C8,_ZTV11MirrorAgentI16DynamicMeshAgent4Geom11DynamicMeshE
0x00000071026E9710,UseTreeSapAddRemove
0x00000071026E9718,_ZTV7TreeSap
0x00000071026E97A8,_ZTV8AabbTree
0x00000071026E9830,_ZTV13SweepAndPrune
0x00000071026E98B8,_ZN6Entity8mDoSleepE
0x00000071026E98C0,_ZTV6Entity
0x00000071026E9928,_ZTV9RigidBody
0x00000071026E9990,_ZTV7Phantom
0x00000071026E9A08,_ZN9Character19m_charCharCollisionE
0x00000071026E9A0C,_ZN9Character12mUnEmbedRateE
0x00000071026E9A10,_ZN9Character16mFloorOverBounceE
0x00000071026E9A14,_ZN9Character15mWallOverBounceE
0x00000071026E9A18,_ZN9Character15mGroundCheckVelE
0x00000071026E9A1C,_ZN9Character10mSmoothingE
0x00000071026E9A20,_ZN9Character19s_dcdSeparationTimeE
0x00000071026E9A28,_ZTV9Character
0x00000071026E9AA0,_ZN5Cloth13mAllowedErrorE
0x00000071026E9AA8,_ZTV5Cloth
0x00000071026E9B10,MainC
0x00000071026E9B18,_ZTV5Water
0x00000071026E9B80,_ZN13CharacterPose21m_evalAllJointsFilterE
0x00000071026E9C80,_ZTV5Joint
0x00000071026E9CD0,_ZTV9GlueJoint
0x00000071026E9D20,_ZTV9BallJoint
0x00000071026E9D70,_ZTV12RagDollJoint
0x00000071026E9DC0,_ZTV12LimitedHinge
0x00000071026E9E10,_ZN12ContactJoint12MinBounceVelE
0x00000071026E9E14,_ZN12ContactJoint12AllowedErrorE
0x00000071026E9E18,_ZN12ContactJoint3ErpE
0x00000071026E9E20,_ZTV12ContactJoint
0x00000071026E9E70,_ZTV13DistanceJoint
0x00000071026E9EC0,_ZTV17ClothContactJoint
0x00000071026E9F10,_ZTV14ClothBodyJoint
0x00000071026E9F60,_ZTV13CastCollector
0x00000071026E9F78,_ZTV17AllPointCollector
0x00000071026E9FA0,_ZN4Geom13CollisionSkinE
0x00000071026E9FA4,_ZN4Geom19s_collisionSkinVec3E
0x00000071026E9FB4,_ZN4Geom10RenderMaskE
0x00000071026E9FB8,_ZTV4Geom
0x00000071026EA0C0,_ZTV7BoxGeom
0x00000071026EA1F8,_ZTV10SphereGeom
0x00000071026EA330,_ZTV13EllipsoidGeom
0x00000071026EA468,_ZTV11CapsuleGeom
0x00000071026EA5A0,_ZTV12CylinderGeom
0x00000071026EA6D8,_ZTV12CompoundGeom
0x00000071026EA7E0,_ZTV19CompoundGeomRayCastI7DynoRayE
0x00000071026EA808,_ZTV19CompoundGeomRayCastI9SphereRayE
0x00000071026EA830,_ZTV19CompoundGeomRayCastI8ShapeRayE
0x00000071026EA858,_ZTV10ConvexGeom
0x00000071026EA990,_ZTV12TriangleGeom
0x00000071026EAAC8,_ZTV13TransformGeom
0x00000071026EABD8,_ZTV13TranslateGeom
0x00000071026EACE8,_ZTV10SplineGeom
0x00000071026EAE00,_ZTV11DynamicMesh
0x00000071026EAF10,ExportFileName
0x00000071026EAF18,_ZN14PinnerDynamics12mSerialiseIdE
0x00000071026EAF20,_ZN12DynoImporter9mPlatformE
0x00000071026EAF28,_ZTV7Vehicle
0x00000071026EAFC8,_ZTV10WheelJoint
0x00000071026EB018,_ZN9KdTerrain8ClipDistE
0x00000071026EB020,_ZTV9KdTerrain
0x00000071026EB128,_ZTV10ConvexMesh
0x00000071026EB268,_ZTV11TileMapGeom
0x00000071026EB840,_ZTV26ScrAction_ScriptActionBase
0x00000071026EB898,_ZTV16ScriptActionFunc
0x00000071026EB8F0,_ZTV29ScrAction_ScriptConditionBase
0x00000071026EB948,_ZTV21TempActionCreatorBase
0x00000071026EB990,_ZTV23ExtendedTargetLegoAddOn
0x00000071026EBC28,_ZTV12ScriptAITask
0x000000710270E0E4,_ZN20ClassManagerAccessorI14SplineManagerTI10BeamSplineEE10MANAGER_IDE
0x000000710270E0E8,_ZGVN20ClassManagerAccessorI14SplineManagerTI10BeamSplineEE10MANAGER_IDE
0x000000710270E0F0,_ZN20ClassManagerAccessorI11GUI2ManagerE10MANAGER_IDE
0x000000710270E0F8,_ZGVN20ClassManagerAccessorI11GUI2ManagerE10MANAGER_IDE
0x000000710270E100,_ZN20ClassManagerAccessorI9AIManagerE10MANAGER_IDE
0x000000710270E108,_ZGVN20ClassManagerAccessorI9AIManagerE10MANAGER_IDE
0x000000710270E110,_ZN20ClassManagerAccessorI13CutSceneThingE10MANAGER_IDE
0x000000710270E118,_ZGVN20ClassManagerAccessorI13CutSceneThingE10MANAGER_IDE
0x000000710270E120,_ZN20ClassManagerAccessorI9MechHooksE10MANAGER_IDE
0x000000710270E128,_ZGVN20ClassManagerAccessorI9MechHooksE10MANAGER_IDE
0x000000710270E130,_ZN20ClassManagerAccessorI19HookListenerManagerE10MANAGER_IDE
0x000000710270E138,_ZGVN20ClassManagerAccessorI19HookListenerManagerE10MANAGER_IDE
0x000000710270E140,_ZN20ClassManagerAccessorI13MechAbilitiesE10MANAGER_IDE
0x000000710270E148,_ZGVN20ClassManagerAccessorI13MechAbilitiesE10MANAGER_IDE
0x000000710270E150,_ZN10LegoHandleIP6FXTypes8FXTypeIDE4NONEE
0x000000710270E158,_ZGVN10LegoHandleIP6FXTypes8FXTypeIDE4NONEE
0x000000710270E160,_ZN10LegoHandleIP8BoltTypea10BoltTypeIDE4NONEE
0x000000710270E168,_ZGVN10LegoHandleIP8BoltTypea10BoltTypeIDE4NONEE
0x000000710270E170,_ZN20ClassManagerAccessorI14SplineManagerTI16CameraRailSplineEE10MANAGER_IDE
0x000000710270E178,_ZGVN20ClassManagerAccessorI14SplineManagerTI16CameraRailSplineEE10MANAGER_IDE
0x000000710270E180,_ZN20ClassManagerAccessorI11DynoManagerE10MANAGER_IDE
0x000000710270E188,_ZGVN20ClassManagerAccessorI11DynoManagerE10MANAGER_IDE
0x000000710270E190,_ZN20ClassManagerAccessorI14MechFlowSystemE10MANAGER_IDE
0x000000710270E198,_ZGVN20ClassManagerAccessorI14MechFlowSystemE10MANAGER_IDE
0x000000710270E1A0,_ZN20ClassManagerAccessorI21GizmoAIMessageManagerE10MANAGER_IDE
0x000000710270E1A8,_ZGVN20ClassManagerAccessorI21GizmoAIMessageManagerE10MANAGER_IDE
0x000000710270E1B0,_ZN20ClassManagerAccessorI16GizSwitchManagerE10MANAGER_IDE
0x000000710270E1B8,_ZGVN20ClassManagerAccessorI16GizSwitchManagerE10MANAGER_IDE
0x000000710270E1C0,_ZN20ClassManagerAccessorI14PortalsManagerE10MANAGER_IDE
0x000000710270E1C8,_ZGVN20ClassManagerAccessorI14PortalsManagerE10MANAGER_IDE
0x000000710270E1D0,_ZN10LegoHandleIP7SFXTypes9SFXTypeIDE4NONEE
0x000000710270E1D8,_ZGVN10LegoHandleIP7SFXTypes9SFXTypeIDE4NONEE
0x000000710270E1E0,_ZN20ClassManagerAccessorI18MechKrawlieManagerE10MANAGER_IDE
0x000000710270E1E8,_ZGVN20ClassManagerAccessorI18MechKrawlieManagerE10MANAGER_IDE
0x000000710270E1F0,_ZN20ClassManagerAccessorI17ApiVehicleManagerE10MANAGER_IDE
0x000000710270E1F8,_ZGVN20ClassManagerAccessorI17ApiVehicleManagerE10MANAGER_IDE
0x000000710270E200,_ZN20ClassManagerAccessorI20LegoCutscenesManagerE10MANAGER_IDE
0x000000710270E208,_ZGVN20ClassManagerAccessorI20LegoCutscenesManagerE10MANAGER_IDE
0x000000710270E210,_ZN10LegoHandleIP12LegoRopeTypea14LegoRopeTypeIDE4NONEE
0x000000710270E218,_ZGVN10LegoHandleIP12LegoRopeTypea14LegoRopeTypeIDE4NONEE
0x000000710270E220,_ZN20ClassManagerAccessorI19GizmoSpellItManagerE10MANAGER_IDE
0x000000710270E228,_ZGVN20ClassManagerAccessorI19GizmoSpellItManagerE10MANAGER_IDE
0x000000710270E230,_ZN20ClassManagerAccessorI15GizmoDigManagerE10MANAGER_IDE
0x000000710270E238,_ZGVN20ClassManagerAccessorI15GizmoDigManagerE10MANAGER_IDE
0x000000710270E240,_ZN20ClassManagerAccessorI13BlowUpManagerE10MANAGER_IDE
0x000000710270E248,_ZGVN20ClassManagerAccessorI13BlowUpManagerE10MANAGER_IDE
0x000000710270E250,_ZN20ClassManagerAccessorI19ComplexGizmoManagerE10MANAGER_IDE
0x000000710270E258,_ZGVN20ClassManagerAccessorI19ComplexGizmoManagerE10MANAGER_IDE
0x000000710270E260,_ZN20ClassManagerAccessorI8GIZMOSYSE10MANAGER_IDE
0x000000710270E268,_ZGVN20ClassManagerAccessorI8GIZMOSYSE10MANAGER_IDE
0x000000710270E298,_ZN5Bound11mRegisteredE
0x000000710270E2C8,_ZN14CatchRobbersUI22m_pStartMaterialHandleE
0x000000710270E2D0,_ZN14CatchRobbersUI25m_pCompleteMaterialHandleE
0x000000710270E2D8,_ZN14CatchRobbersUI27m_pRobberIconMaterialHandleE
0x000000710270E308,_ZN20ClassManagerAccessorI18CreatureSetManagerE10MANAGER_IDE
0x000000710270E30C,_ZN20ClassManagerAccessorI17CreatureSetSystemE10MANAGER_IDE
0x000000710270E310,_ZGVN20ClassManagerAccessorI17CreatureSetSystemE10MANAGER_IDE
0x000000710270E318,_ZGVN20ClassManagerAccessorI18CreatureSetManagerE10MANAGER_IDE
0x000000710270E320,_ZN12SystemMixinsI17CreatureSetSystemE11m_singletonE
0x000000710270E378,_ZN12SystemMixinsI7LegoSFXE11m_singletonE
0x000000710270E380,_ZN12SystemMixinsI16LCDialogueSystemE11m_singletonE
0x000000710270E3B0,_ZN16LCDialogueSystem13s_InitialisedE
0x000000710270E3B8,_ZN16LCDialogueSystem23sDialogueConfigFilenameE
0x000000710270E3C8,_ZN20ClassManagerAccessorI16LCDialogueSystemE10MANAGER_IDE
0x000000710270E3D0,_ZGVN20ClassManagerAccessorI16LCDialogueSystemE10MANAGER_IDE
0x000000710270E3D8,_ZN20ClassManagerAccessorI25StreamingLevelAreaManagerE10MANAGER_IDE
0x000000710270E3E0,_ZGVN20ClassManagerAccessorI25StreamingLevelAreaManagerE10MANAGER_IDE
0x000000710270E460,_ZN18CustomRenderSystem21s_Event_RegisterSlotsE
0x000000710270E488,_ZN18CustomRenderSystem21s_DefaultDynamicGroupE
0x000000710270E48C,_ZN22TestCustomRenderClient8s_TypeIdE
0x000000710270E490,_ZN20ClassManagerAccessorI18CustomRenderSystemE10MANAGER_IDE
0x000000710270E498,_ZGVN20ClassManagerAccessorI18CustomRenderSystemE10MANAGER_IDE
0x000000710270E4A0,_ZN12SystemMixinsI18CustomRenderSystemE11m_singletonE
0x000000710270E4F8,_ZN16DropOutInhibitor8s_TypeIdE
0x000000710270E500,_ZN12SystemMixinsI15LegoSplitScreenE11m_singletonE
0x000000710270E558,_ZN12SystemMixinsI10LegoLedgesE11m_singletonE
0x000000710270E560,_ZN12SystemMixinsI11LegoParkourE11m_singletonE
0x000000710270E568,_ZN12SystemMixinsI13LegoObstaclesE11m_singletonE
0x000000710270E598,lcai_buttons
0x000000710270E6E8,_ZN20ClassManagerAccessorI23LegoCityRenderContainerE10MANAGER_IDE
0x000000710270E6F0,_ZGVN20ClassManagerAccessorI23LegoCityRenderContainerE10MANAGER_IDE
0x000000710270E6F8,_ZN12SystemMixinsI14LegoCharactersE11m_singletonE
0x000000710270E728,_ZN20ClassManagerAccessorI17cBoltPaintManagerE10MANAGER_IDE
0x000000710270E730,_ZGVN20ClassManagerAccessorI17cBoltPaintManagerE10MANAGER_IDE
0x000000710270E738,_ZN12SystemMixinsI15LegoCityUnlocksE11m_singletonE
0x000000710270E768,LegoCityBricks_colourCycle
0x000000710270E834,_ZN20ClassManagerAccessorI13LegoCityMenusE10MANAGER_IDE
0x000000710270E838,_ZGVN20ClassManagerAccessorI13LegoCityMenusE10MANAGER_IDE
0x000000710270E870,CITYABILITY_ZIPLINEJUMPCLEARATTACHMENTS
0x000000710270E878,CITYABILITY_SAFECRACK
0x000000710270E880,_ZN18LegoCityCharacters15m_citySingletonE
0x000000710270E888,_ZN18LegoCityCharacters23m_linkedDefaultCharDataE
0x000000710270E898,CharacterDisguisesCollection
0x000000710270E8D0,_ZN18LegoCityCharacters15m_charClassDataE
0x000000710270E990,_ZN18LegoCityCharacters17m_defaultCharDataE
0x000000710270EA90,_ZN18LegoCityCharacters28m_defaultCharDataInitialisedE
0x000000710270EA94,_ZN20ClassManagerAccessorI18BigBossManagerBaseE10MANAGER_IDE
0x000000710270EA98,_ZGVN20ClassManagerAccessorI18BigBossManagerBaseE10MANAGER_IDE
0x000000710270EAA0,_ZN20ClassManagerAccessorI22LegoCityCharacterDebugE10MANAGER_IDE
0x000000710270EAA8,_ZGVN20ClassManagerAccessorI22LegoCityCharacterDebugE10MANAGER_IDE
0x000000710270EAB0,_ZN12SystemMixinsI24StreamedCharacterManagerE11m_singletonE
0x000000710270EAB8,_ZN12SystemMixinsI13MechAbilitiesE11m_singletonE
0x000000710270EAC0,_ZN12SystemMixinsI10MechAddOnsE11m_singletonE
0x000000710270EAC8,_ZN9SingletonI14ResourceLoaderE9mInstanceE
0x000000710270EAD0,_ZN12SystemMixinsI12MechTogglingE11m_singletonE
0x000000710270EB00,_ZN22LegoCityShopCategories16m_ShopCategoriesE
0x000000710270EB08,_ZN22LegoCityShopCategories15m_SubCategoriesE
0x000000710270EB10,_ZN22LegoCityShopCategories25m_CategoryHaveNewTokensP1E
0x000000710270EB18,_ZN22LegoCityShopCategories25m_CategoryHaveNewTokensP2E
0x000000710270EB20,_ZN22LegoCityShopCategories14DropPointCountE
0x000000710270EB30,_ZN22LegoCityShopCategories23NoOfCharacterCategoriesE
0x000000710270EB34,_ZN22LegoCityShopCategories21NoOfVehicleCategoriesE
0x000000710270EB38,_ZN22LegoCityShopCategories14NoOfCategoriesE
0x000000710270EB40,_ZN22LegoCityShopCategories23m_pCategoryIconTexturesE
0x000000710270EBA4,_ZN20ClassManagerAccessorI26UIContextContainer_DefaultE10MANAGER_IDE
0x000000710270EBA8,_ZGVN20ClassManagerAccessorI26UIContextContainer_DefaultE10MANAGER_IDE
0x000000710270EBB0,_ZN12SystemMixinsI13CityPDASystemE11m_singletonE
0x000000710270EBF8,_ZN14DropPointGizmo17s_DroppedVehiclesE
0x000000710270EC58,_ZN15DropPointGizmos26s_DropPointRequestKillInfoE
0x000000710270EC60,_ZN15DropPointGizmos26s_DropPointKillInfoFadeOutE
0x000000710270EC68,_ZN15DropPointGizmos26bHiddenLayerCullingEnabledE
0x000000710270EC6C,_ZN20ClassManagerAccessorI21DropPointGizmoManagerE10MANAGER_IDE
0x000000710270EC70,_ZN15DropPointGizmos8MainMenu8m_activeE
0x000000710270EC74,_ZN19DroppedVehicleAddOn13s_AddOnHashIdE
0x000000710270EC78,_ZN20ClassManagerAccessorI15DropPointGizmosE10MANAGER_IDE
0x000000710270EC80,_ZGVN20ClassManagerAccessorI15DropPointGizmosE10MANAGER_IDE
0x000000710270EC88,_ZGVN20ClassManagerAccessorI21DropPointGizmoManagerE10MANAGER_IDE
0x000000710270EC90,_ZN20ClassManagerAccessorI8VfxThingE10MANAGER_IDE
0x000000710270EC98,_ZGVN20ClassManagerAccessorI8VfxThingE10MANAGER_IDE
0x000000710270ECA0,_ZN20ClassManagerAccessorI14CityPDAManagerE10MANAGER_IDE
0x000000710270ECA8,_ZGVN20ClassManagerAccessorI14CityPDAManagerE10MANAGER_IDE
0x000000710270ECB0,_ZN12SystemMixinsI17MechContextSystemE11m_singletonE
0x000000710270ECB8,_ZN12SystemMixinsI15LegoGameObjectsE11m_singletonE
0x000000710270ECC0,_ZN22LegoContextHandlerBaseI23DropPointContextHandlerE19m_contextInstanceIdE
0x000000710270ECC8,_ZN12SystemMixinsI15MechInputSystemE11m_singletonE
0x000000710270ECD0,_ZN12SystemMixinsI15DropPointGizmosE11m_singletonE
0x000000710270ECD8,_ZN12SystemMixinsI10LegoGizmosE11m_singletonE
0x000000710270ECE0,_ZN12SystemMixinsI12LegoSwitchesE11m_singletonE
0x000000710270ECE8,_ZN12SystemMixinsI9LegoHintsE11m_singletonE
0x000000710270ECF0,_ZN12SystemMixinsI17LegoComplexGizmosE11m_singletonE
0x000000710270ED20,_ZN20ClassManagerAccessorI26GizmoCitySimplePropManagerE10MANAGER_IDE
0x000000710270ED28,_ZGVN20ClassManagerAccessorI26GizmoCitySimplePropManagerE10MANAGER_IDE
0x000000710270ED30,_ZN12SystemMixinsI11LegoBlowUpsE11m_singletonE
0x000000710270ED38,_ZN12SystemMixinsI19LegoCitySimplePropsE11m_singletonE
0x000000710270F298,s_LegoCityMainClearColour
0x000000710270F29C,s_fLedgeCameraOffsetZ
0x000000710270F2A0,LegoCityPerfOverrideParamGroup
0x000000710270F610,_ZN12LegoCityGame18m_facesCharProjectE
0x000000710270F618,_ZN12LegoCityGame20sShopHintsShownCountE
0x000000710270F650,_ZN12LegoCityGame25m_CollectedCharacterTokenE
0x000000710270F651,_ZN12LegoCityGame23m_CollectedVehicleTokenE
0x000000710270F652,_ZN12LegoCityGame24m_CollectedRedBrickTokenE
0x000000710270F653,_ZN12LegoCityGame15m_OpenCharWheelE
0x000000710270F658,_ZN12LegoCityGame15sPermLoadedGSCsE
0x000000710270F690,LevelConfigKeywords_BeforeLoad_City
0x000000710270F6A0,_ZN17ReturnToLevelMenu21sMenuReturnToCityTextE
0x000000710270F6A8,_ZN17ReturnToLevelMenu5sModeE
0x000000710270F6AC,_ZN16SideMissionsMenu5sModeE
0x000000710270F6B0,_ZN16SideMissionsMenu10sRetryTextE
0x000000710270F6B8,_ZN16SideMissionsMenu9sQuitTextE
0x000000710270F6C0,_ZN16SideMissionsMenu21sBlockedPlayerUnpauseE
0x000000710270F6C8,_ZN9DummyMenu17sEvent_MenuClosedE
0x000000710270F6F0,_ZN9DummyMenu14s_WasCancelledE
0x000000710270F6F1,_ZN9DummyMenu22s_BlockedPlayerUnpauseE
0x000000710270F6F8,_ZN17DummyMenu_NoPause17sEvent_MenuClosedE
0x000000710270F720,_ZN17DummyMenu_NoPause14s_WasCancelledE
0x000000710270F724,_ZN20ClassManagerAccessorI15ParticleManagerE10MANAGER_IDE
0x000000710270F728,_ZGVN20ClassManagerAccessorI15ParticleManagerE10MANAGER_IDE
0x000000710270F730,_ZN20ClassManagerAccessorI16GizmoPlugManagerE10MANAGER_IDE
0x000000710270F738,_ZGVN20ClassManagerAccessorI16GizmoPlugManagerE10MANAGER_IDE
0x000000710270F740,_ZN20ClassManagerAccessorI16GizmoTubeManagerE10MANAGER_IDE
0x000000710270F748,_ZGVN20ClassManagerAccessorI16GizmoTubeManagerE10MANAGER_IDE
0x000000710270F750,_ZN20ClassManagerAccessorI20GizmoCutsceneManagerE10MANAGER_IDE
0x000000710270F758,_ZGVN20ClassManagerAccessorI20GizmoCutsceneManagerE10MANAGER_IDE
0x000000710270F760,_ZN20ClassManagerAccessorI18GizmoLadderManagerE10MANAGER_IDE
0x000000710270F768,_ZGVN20ClassManagerAccessorI18GizmoLadderManagerE10MANAGER_IDE
0x000000710270F770,_ZN20ClassManagerAccessorI25MechGadgetProximitySystemE10MANAGER_IDE
0x000000710270F778,_ZGVN20ClassManagerAccessorI25MechGadgetProximitySystemE10MANAGER_IDE
0x000000710270F780,_ZN20ClassManagerAccessorI21MechGadgetSimplePropsE10MANAGER_IDE
0x000000710270F788,_ZGVN20ClassManagerAccessorI21MechGadgetSimplePropsE10MANAGER_IDE
0x000000710270F790,_ZN20ClassManagerAccessorI18GizmoTurretManagerE10MANAGER_IDE
0x000000710270F798,_ZGVN20ClassManagerAccessorI18GizmoTurretManagerE10MANAGER_IDE
0x000000710270F7A0,_ZN20ClassManagerAccessorI17GizmoTimerManagerE10MANAGER_IDE
0x000000710270F7A8,_ZGVN20ClassManagerAccessorI17GizmoTimerManagerE10MANAGER_IDE
0x000000710270F7B0,_ZN20ClassManagerAccessorI18GizmoRandomManagerE10MANAGER_IDE
0x000000710270F7B8,_ZGVN20ClassManagerAccessorI18GizmoRandomManagerE10MANAGER_IDE
0x000000710270F7C0,_ZN20ClassManagerAccessorI19GizmoSpecialManagerE10MANAGER_IDE
0x000000710270F7C8,_ZGVN20ClassManagerAccessorI19GizmoSpecialManagerE10MANAGER_IDE
0x000000710270F7D0,_ZN20ClassManagerAccessorI19GizmoMiniCutManagerE10MANAGER_IDE
0x000000710270F7D8,_ZGVN20ClassManagerAccessorI19GizmoMiniCutManagerE10MANAGER_IDE
0x000000710270F7E0,_ZN20ClassManagerAccessorI18GizmoTechnoManagerE10MANAGER_IDE
0x000000710270F7E8,_ZGVN20ClassManagerAccessorI18GizmoTechnoManagerE10MANAGER_IDE
0x000000710270F7F0,_ZN20ClassManagerAccessorI20GizmoPaintingManagerE10MANAGER_IDE
0x000000710270F7F8,_ZGVN20ClassManagerAccessorI20GizmoPaintingManagerE10MANAGER_IDE
0x000000710270F800,_ZN20ClassManagerAccessorI20LegoPushBlockManagerE10MANAGER_IDE
0x000000710270F808,_ZGVN20ClassManagerAccessorI20LegoPushBlockManagerE10MANAGER_IDE
0x000000710270F810,_ZN20ClassManagerAccessorI18GizmoPortalManagerE10MANAGER_IDE
0x000000710270F818,_ZGVN20ClassManagerAccessorI18GizmoPortalManagerE10MANAGER_IDE
0x000000710270F820,_ZN20ClassManagerAccessorI20GizmoTeleportManagerE10MANAGER_IDE
0x000000710270F828,_ZGVN20ClassManagerAccessorI20GizmoTeleportManagerE10MANAGER_IDE
0x000000710270F830,_ZN20ClassManagerAccessorI17GizmoGroupManagerE10MANAGER_IDE
0x000000710270F838,_ZGVN20ClassManagerAccessorI17GizmoGroupManagerE10MANAGER_IDE
0x000000710270F840,_ZN20ClassManagerAccessorI22CityGizmoTurretManagerE10MANAGER_IDE
0x000000710270F848,_ZGVN20ClassManagerAccessorI22CityGizmoTurretManagerE10MANAGER_IDE
0x000000710270F850,_ZN20ClassManagerAccessorI23MechGadgetTrafficLightsE10MANAGER_IDE
0x000000710270F858,_ZGVN20ClassManagerAccessorI23MechGadgetTrafficLightsE10MANAGER_IDE
0x000000710270F860,_ZN20ClassManagerAccessorI26MechGadgetControllerSystemE10MANAGER_IDE
0x000000710270F868,_ZGVN20ClassManagerAccessorI26MechGadgetControllerSystemE10MANAGER_IDE
0x000000710270F870,_ZN20ClassManagerAccessorI22MechGadgetTargetSystemE10MANAGER_IDE
0x000000710270F878,_ZGVN20ClassManagerAccessorI22MechGadgetTargetSystemE10MANAGER_IDE
0x000000710270F880,_ZN20ClassManagerAccessorI14SplineManagerTI16CameraSockSplineEE10MANAGER_IDE
0x000000710270F888,_ZGVN20ClassManagerAccessorI14SplineManagerTI16CameraSockSplineEE10MANAGER_IDE
0x000000710270F890,_ZN20ClassManagerAccessorI17MechGadgetRemotesE10MANAGER_IDE
0x000000710270F898,_ZGVN20ClassManagerAccessorI17MechGadgetRemotesE10MANAGER_IDE
0x000000710270F8A0,_ZN20ClassManagerAccessorI6DRCEmuE10MANAGER_IDE
0x000000710270F8A8,_ZGVN20ClassManagerAccessorI6DRCEmuE10MANAGER_IDE
0x000000710270F8B0,_ZN20ClassManagerAccessorI20CreatureGroupManagerE10MANAGER_IDE
0x000000710270F8B8,_ZGVN20ClassManagerAccessorI20CreatureGroupManagerE10MANAGER_IDE
0x000000710270F8C0,_ZN20ClassManagerAccessorI25ResourceDefinitionManagerE10MANAGER_IDE
0x000000710270F8C8,_ZGVN20ClassManagerAccessorI25ResourceDefinitionManagerE10MANAGER_IDE
0x000000710270F8D0,_ZN20ClassManagerAccessorI18SceneObjectManagerE10MANAGER_IDE
0x000000710270F8D8,_ZGVN20ClassManagerAccessorI18SceneObjectManagerE10MANAGER_IDE
0x000000710270F8E0,_ZN20ClassManagerAccessorI23CitySideMissionsManagerE10MANAGER_IDE
0x000000710270F8E8,_ZGVN20ClassManagerAccessorI23CitySideMissionsManagerE10MANAGER_IDE
0x000000710270F8F0,_ZN12SystemMixinsI13LegoTightRopeE11m_singletonE
0x000000710270F8F8,_ZN12SystemMixinsI12LegoMiniCutsE11m_singletonE
0x000000710270F900,_ZN12SystemMixinsI18LegoCutscenePlayerE11m_singletonE
0x000000710270F908,_ZN12SystemMixinsI13LegoCutscenesE11m_singletonE
0x000000710270F910,_ZN12SystemMixinsI12LegoSaveGameE11m_singletonE
0x000000710270F918,_ZN12SystemMixinsI16GameTrackerModelE11m_singletonE
0x000000710270F920,_ZN12SystemMixinsI9LegoDoorsE11m_singletonE
0x000000710270F928,_ZN12SystemMixinsI12LegoFightingE11m_singletonE
0x000000710270F930,_ZN12SystemMixinsI9LegoBoltsE11m_singletonE
0x000000710270F938,_ZN12SystemMixinsI6LegoAIE11m_singletonE
0x000000710270F940,_ZN12SystemMixinsI17cLegoCityAISystemE11m_singletonE
0x000000710270F948,_ZN12SystemMixinsI18PopulationManagersE11m_singletonE
0x000000710270F950,_ZN12SystemMixinsI16MechGadgetSystemE11m_singletonE
0x000000710270F958,_ZN12SystemMixinsI25MechGadgetProximitySystemE11m_singletonE
0x000000710270F960,_ZN12SystemMixinsI26MechGadgetControllerSystemE11m_singletonE
0x000000710270F968,_ZN12SystemMixinsI22MechGadgetTargetSystemE11m_singletonE
0x000000710270F970,_ZN12SystemMixinsI21MechGadgetSimplePropsE11m_singletonE
0x000000710270F978,_ZN12SystemMixinsI23MechGadgetTrafficLightsE11m_singletonE
0x000000710270F980,_ZN12SystemMixinsI17MechGadgetRemotesE11m_singletonE
0x000000710270F988,_ZN12SystemMixinsI12LegoSpellItsE11m_singletonE
0x000000710270F990,_ZN12SystemMixinsI9LegoItemsE11m_singletonE
0x000000710270F998,_ZN12SystemMixinsI9LegoPlugsE11m_singletonE
0x000000710270F9A0,_ZN12SystemMixinsI9LegoTubesE11m_singletonE
0x000000710270F9A8,_ZN12SystemMixinsI18LegoCutSceneGizmosE11m_singletonE
0x000000710270F9B0,_ZN12SystemMixinsI11LegoLaddersE11m_singletonE
0x000000710270F9B8,_ZN12SystemMixinsI11LegoPickupsE11m_singletonE
0x000000710270F9C0,_ZN12SystemMixinsI12LegoGrapplesE11m_singletonE
0x000000710270F9C8,_ZN12SystemMixinsI11LegoTurretsE11m_singletonE
0x000000710270F9D0,_ZN12SystemMixinsI10LegoTimersE11m_singletonE
0x000000710270F9D8,_ZN12SystemMixinsI16LegoRandomGizmosE11m_singletonE
0x000000710270F9E0,_ZN12SystemMixinsI17LegoSpecialGizmosE11m_singletonE
0x000000710270F9E8,_ZN12SystemMixinsI16SuperBuildGizmosE11m_singletonE
0x000000710270F9F0,_ZN12SystemMixinsI11LegoDiggingE11m_singletonE
0x000000710270F9F8,_ZN12SystemMixinsI11LegoPuzzlesE11m_singletonE
0x000000710270FA00,_ZN12SystemMixinsI15LegoPushBlocks2E11m_singletonE
0x000000710270FA08,_ZN12SystemMixinsI14LegoLightBeamsE11m_singletonE
0x000000710270FA10,_ZN12SystemMixinsI11LegoPortalsE11m_singletonE
0x000000710270FA18,_ZN12SystemMixinsI14LegoHintGizmosE11m_singletonE
0x000000710270FA20,_ZN12SystemMixinsI11LegoTechnosE11m_singletonE
0x000000710270FA28,_ZN12SystemMixinsI13LegoTeleportsE11m_singletonE
0x000000710270FA30,_ZN12SystemMixinsI15LegoGizmoGroupsE11m_singletonE
0x000000710270FA38,_ZN12SystemMixinsI9LegoPolesE11m_singletonE
0x000000710270FA40,_ZN12SystemMixinsI17LegoSpecialSystemE11m_singletonE
0x000000710270FA48,_ZN12SystemMixinsI16cBoltPaintSystemE11m_singletonE
0x000000710270FA50,_ZN12SystemMixinsI15UphillRunSystemE11m_singletonE
0x000000710270FA58,_ZN12SystemMixinsI14LegoCityRenderE11m_singletonE
0x000000710270FA60,_ZN12SystemMixinsI9JobSystemE11m_singletonE
0x000000710270FA68,_ZN12SystemMixinsI8GoToFlowE11m_singletonE
0x000000710270FA70,_ZN12SystemMixinsI13HotSpotSystemE11m_singletonE
0x000000710270FA78,_ZN12SystemMixinsI19PickupClusterSystemE11m_singletonE
0x000000710270FA80,_ZN12SystemMixinsI26cLegoCityAttractorManagersE11m_singletonE
0x000000710270FA88,_ZN12SystemMixinsI12SatNavSystemE11m_singletonE
0x000000710270FA90,_ZN12SystemMixinsI12MechKrawliesE11m_singletonE
0x000000710270FA98,_ZN12SystemMixinsI26MechKrawlieTypeDefinitionsE11m_singletonE
0x000000710270FAA0,_ZN12SystemMixinsI13LegoTargetingE11m_singletonE
0x000000710270FAA8,_ZN12SystemMixinsI6LegoFXE11m_singletonE
0x000000710270FAB0,_ZN12SystemMixinsI12MechVehiclesE11m_singletonE
0x000000710270FAB8,_ZN12SystemMixinsI12LegoShootingE11m_singletonE
0x000000710270FAC0,_ZN12SystemMixinsI17LegoGlowTargetingE11m_singletonE
0x000000710270FAC8,_ZN12SystemMixinsI24cLegoCityPhotographyBaseE11m_singletonE
0x000000710270FAD0,_ZN12SystemMixinsI22LegoCityCharacterDebugE11m_singletonE
0x000000710270FAD8,_ZN12SystemMixinsI13LegoPaintingsE11m_singletonE
0x000000710270FAE0,_ZN12SystemMixinsI22LegoMenuCharacterGridsE11m_singletonE
0x000000710270FAE8,_ZN12SystemMixinsI24ScannableObjectiveSystemE11m_singletonE
0x000000710270FAF0,_ZN12SystemMixinsI26ScannableCollectableSystemE11m_singletonE
0x000000710270FAF8,_ZN12SystemMixinsI18FlashContextSystemE11m_singletonE
0x000000710270FB00,_ZN12SystemMixinsI11LCUITargetsE11m_singletonE
0x000000710270FB08,_ZN12SystemMixinsI22LegoCityDistrictSystemE11m_singletonE
0x000000710270FB10,_ZN12SystemMixinsI22MechPopulationAISystemE11m_singletonE
0x000000710270FB18,_ZN12SystemMixinsI16LC_ConversationsE11m_singletonE
0x000000710270FB20,_ZN12SystemMixinsI18LegoProgressSystemE11m_singletonE
0x000000710270FB28,_ZN12SystemMixinsI21LegoCitySuperCountersE11m_singletonE
0x000000710270FB30,_ZN12SystemMixinsI13LegoCityMenusE11m_singletonE
0x000000710270FB38,_ZN12SystemMixinsI6DRCEmuE11m_singletonE
0x000000710270FB40,_ZN12SystemMixinsI9LegoWhipsE11m_singletonE
0x000000710270FB48,_ZN12SystemMixinsI12LegoFloatingE11m_singletonE
0x000000710270FB50,_ZN12SystemMixinsI15LegoLoadScreensE11m_singletonE
0x000000710270FB58,_ZN12SystemMixinsI15LegoCustomisersE11m_singletonE
0x000000710270FB60,_ZN12SystemMixinsI9LegoMovesE11m_singletonE
0x000000710270FB68,_ZN12SystemMixinsI11MechTaggingE11m_singletonE
0x000000710270FB70,_ZN12SystemMixinsI13MechDropInOutE11m_singletonE
0x000000710270FB78,_ZN12SystemMixinsI20LegoCitySideMissionsE11m_singletonE
0x000000710270FB80,_ZN12SystemMixinsI21MechAIAvoidanceSystemE11m_singletonE
0x000000710270FB88,_ZN12SystemMixinsI12LegoMessagesE11m_singletonE
0x000000710270FBD0,_ZN19LegoCityGameObjects13s_hintBoulterE
0x000000710270FBD1,_ZN19LegoCityGameObjects19s_hintBoulterFailedE
0x000000710270FBD4,_ZN20ClassManagerAccessorI13ScriptManagerE10MANAGER_IDE
0x000000710270FBD8,_ZGVN20ClassManagerAccessorI13ScriptManagerE10MANAGER_IDE
0x000000710270FBE0,_ZN20ClassManagerAccessorI17MechCameraManagerE10MANAGER_IDE
0x000000710270FBE8,_ZGVN20ClassManagerAccessorI17MechCameraManagerE10MANAGER_IDE
0x000000710270FBF0,_ZN22LegoContextHandlerBaseI19KnockdownHitContextE19m_contextInstanceIdE
0x000000710270FBF4,_ZN22LegoContextHandlerBaseI21KnockdownGetupContextE19m_contextInstanceIdE
0x000000710270FBF8,_ZN22LegoContextHandlerBaseI17ButtonGameContextE19m_contextInstanceIdE
0x000000710270FC74,dvg_hintsProgressBgCol
0x000000710270FC84,dvg_hintsProgressFgCol
0x000000710270FC98,_ZN13LegoCityHints12s_lockedIconE
0x000000710270FCA0,_ZN13LegoCityHints20s_vehiclecontrolHintE
0x000000710270FCA4,_ZN13LegoCityHints16s_pigcontrolHintE
0x000000710270FCA8,_ZN13LegoCityHints19s_coptercontrolHintE
0x000000710270FCAC,_ZN13LegoCityHints16s_ufocontrolHintE
0x000000710270FCB0,_ZN13LegoCityHints13s_hintGrappleE
0x000000710270FCB4,_ZN13LegoCityHints19s_hintGrappleFailedE
0x000000710270FCB8,_ZN13LegoCityHints21s_hintGrappleUnlockedE
0x000000710270FCBC,_ZN13LegoCityHints12s_hintRCExitE
0x000000710270FCC0,_ZN13LegoCityHints23s_superStrengthBarBgMtlE
0x000000710270FCC8,_ZN13LegoCityHints23s_superStrengthBarFgMtlE
0x000000710270FCD0,_ZN13LegoCityHints20s_HintSuppressedTimeE
0x000000710270FCD4,_ZN12AbilityAddonI24LoadScreenHintBuddyAddOnE14s_addonHashKeyE
0x000000710270FCD8,_ZGVN12AbilityAddonI24LoadScreenHintBuddyAddOnE14s_addonHashKeyE
0x000000710270FD08,_ZN13LegoCityItems16s_GrappleGunTypeE
0x000000710270FD10,_ZN13LegoCityItems20s_WiiUControllerTypeE
0x000000710270FD18,_ZN13LegoCityItems15s_EnergyGunTypeE
0x000000710270FD20,_ZN13LegoCityItems13s_CrowbarTypeE
0x000000710270FD28,_ZN13LegoCityItems9s_PickAxeE
0x000000710270FD30,_ZN13LegoCityItems12s_RayGunTypeE
0x000000710270FD38,_ZN13LegoCityItems16s_ChickenGunTypeE
0x000000710270FD40,_ZN13LegoCityItems22s_FireExtinguisherTypeE
0x000000710270FD48,_ZN13LegoCityItems13s_FireAxeTypeE
0x000000710270FD50,_ZN13LegoCityItems11s_DrillTypeE
0x000000710270FD58,_ZN13LegoCityItems12s_HammerTypeE
0x000000710270FD60,_ZN13LegoCityItems14s_DynamiteTypeE
0x000000710270FD68,_ZN13LegoCityItems16s_MoonBaseBarrelE
0x000000710270FD70,_ZN13LegoCityItems11s_TorchTypeE
0x000000710270FD78,_ZN13LegoCityItems13s_KeyCardTypeE
0x000000710270FD80,_ZN19LegoCityItemManager18s_ItemHintListenerE
0x000000710270FD98,_ZN13LegoCityItems20s_BarrelExplodeEventE
0x000000710270FDC0,Hash_FireExtinguisherAddOn
0x000000710270FDC4,_ZN19LegoCityItemManager19s_hintDynamiteStickE
0x0000007102710B24,_ZN17LegoCityObstacles17FXSilverLegoSmallE
0x0000007102710B26,_ZN13DetectiveMode22SFX_DETECTIVEMODE_SCANE
0x0000007102710B28,_ZN13DetectiveMode14m_sSoundHandleE
0x0000007102710B78,_ZN13DetectiveMode12m_soundCountE
0x0000007102710B80,_ZN13DetectiveMode13s_Event_AllowE
0x0000007102710BA8,_ZN13DetectiveMode24sDefaultFootprintSpecialE
0x0000007102710BB0,_ZN13DetectiveMode18sFootprintSpecialsE
0x0000007102710CF0,_ZN13DetectiveMode20sFootprintPropertiesE
0x0000007102710D20,_ZN13DetectiveMode24sNoOfFootprintPropertiesE
0x0000007102710D30,_ZN17LegoCityObstacles16m_DetectiveModesE
0x000000710271B390,_ZN17LegoCityObstacles11InVisorModeE
0x000000710271B398,_ZN17LegoCityObstacles14m_RenderStringE
0x000000710271B3A0,_ZN17LegoCityObstacles16s_PushingHudBashE
0x000000710271B3A4,_ZN20ClassManagerAccessorI20GizmoObstacleManagerE10MANAGER_IDE
0x000000710271B3A8,_ZGVN20ClassManagerAccessorI20GizmoObstacleManagerE10MANAGER_IDE
0x000000710271B3B0,_ZZNK23LevelContainerChildList8ChildEndEvE5itEnd
0x000000710271B458,_ZGVZNK23LevelContainerChildList8ChildEndEvE5itEnd
0x000000710271B460,_ZN22LegoContextHandlerBaseI27DetectiveModeContextHandlerE19m_contextInstanceIdE
0x000000710271C124,_ZN15LegoCityPickups20LEGOCITYFX_GOLDBRICKE
0x000000710271C126,_ZN15LegoCityPickups23LEGOCITYFX_POLICESHIELDE
0x000000710271C128,_ZN15LegoCityPickups29s_AllGoldBricksCollectedEventE
0x000000710271C150,_ZN15LegoCityPickups27SFX_POLICE_SHIELD_IMPACTINGE
0x000000710271C152,_ZN15LegoCityPickups28SFX_POLICE_SHIELD_TRANSITIONE
0x000000710271C154,bHackAutoCollectBricksForDrillShock
0x000000710271C156,msg_ang
0x000000710271C158,_ZN20ClassManagerAccessorI20PickupClusterManagerE10MANAGER_IDE
0x000000710271C160,_ZGVN20ClassManagerAccessorI20PickupClusterManagerE10MANAGER_IDE
0x000000710271C214,gdv_SuperBuild_JumpToPosPlayerOffset
0x000000710271C220,_ZN16SuperBuildGizmos26bHiddenLayerCullingEnabledE
0x000000710271C224,_ZN20ClassManagerAccessorI22SuperBuildGizmoManagerE10MANAGER_IDE
0x000000710271C228,_ZN20ClassManagerAccessorI16SuperBuildGizmosE10MANAGER_IDE
0x000000710271C230,_ZGVN20ClassManagerAccessorI16SuperBuildGizmosE10MANAGER_IDE
0x000000710271C238,_ZGVN20ClassManagerAccessorI22SuperBuildGizmoManagerE10MANAGER_IDE
0x000000710271C240,_ZN22LegoContextHandlerBaseI24SuperBuildContextHandlerE19m_contextInstanceIdE
0x000000710271C284,_ZN15LegoCityTagging22s_hintenterExitVehicleE
0x000000710271C285,_ZN15LegoCityTagging18s_hintenterExitPigE
0x000000710271C286,_ZN15LegoCityTagging19s_hintenterExitTaxiE
0x000000710271C287,_ZN15LegoCityTagging19s_hintenterExitPipeE
0x000000710271C288,_ZN12SystemMixinsI9MechIconsE11m_singletonE
0x000000710271C2E0,_ZN20ClassManagerAccessorI19DynamicLightManagerE10MANAGER_IDE
0x000000710271C2E8,_ZGVN20ClassManagerAccessorI19DynamicLightManagerE10MANAGER_IDE
0x000000710271C354,gdv_dbSaveIcon_CheckpointTextOffsetY
0x000000710271C358,gdv_LoadIcon_AnimateInnerAngleSpeed
0x000000710271C35C,gdv_LoadIcon_AnimateOuterAngleSpeed
0x000000710271C360,gdv_LoadIcon_AnimateScaleSpeed
0x000000710271C364,gdv_LoadIcon_AnimateScaleMax
0x000000710271C368,_ZN14LegoCityRender18FMVPauseMenuDrawer11m_pauseMtrlE
0x000000710271C370,_ZN20ClassManagerAccessorI14LegoCityRenderE10MANAGER_IDE
0x000000710271C378,_ZGVN20ClassManagerAccessorI14LegoCityRenderE10MANAGER_IDE
0x000000710271C380,_ZN22LegoContextHandlerBaseI16KnockdownContextE19m_contextInstanceIdE
0x000000710271C3AC,_ZN21LegoCitySplashScreens12s_nPostcardsE
0x000000710271C3B0,_ZN21LegoCitySplashScreens26s_debugShortSplashSequenceE
0x000000710271C3F4,_ZN20ClassManagerAccessorI21LegoCitySuperCountersE10MANAGER_IDE
0x000000710271C3F8,_ZGVN20ClassManagerAccessorI21LegoCitySuperCountersE10MANAGER_IDE
0x000000710271C434,_ZN16LegoCitySwitches21m_buttonMash_NPressesE
0x000000710271C438,_ZN16LegoCitySwitches25m_buttonMash_DecreaseTimeE
0x000000710271C43C,_ZN16LegoCitySwitches14s_SafeCrackSFXE
0x000000710271C43E,_ZN21LegoCitySwitchManager15s_hintCrackSafeE
0x000000710271C43F,_ZN21LegoCitySwitchManager22s_hintSuperChickenRingE
0x000000710271C440,_ZN21LegoCitySwitchManager18s_hintSuperJetPackE
0x000000710271C441,_ZN21LegoCitySwitchManager27s_hintDisguiseBoothFirstUseE
0x000000710271C442,_ZN21LegoCitySwitchManager19s_hintDrillFirstUseE
0x000000710271C444,_ZN20ClassManagerAccessorI25cLegoCityAttractorManagerE10MANAGER_IDE
0x000000710271C448,_ZGVN20ClassManagerAccessorI25cLegoCityAttractorManagerE10MANAGER_IDE
0x000000710271C450,_ZN9SingletonI12BespokeAnimsE9mInstanceE
0x000000710271C458,_ZN22LegoContextHandlerBaseI24LegoSwitchContextHandlerE19m_contextInstanceIdE
0x000000710271C488,TargetPtr
0x000000710271C4A0,targetgameobject_fromwhip_city
0x000000710271C4E4,_ZN16LegoCitySaveGame27s_checkpointSavePromptStateE
0x000000710271C4E8,_ZN16LegoCitySaveGame39s_warnAboutProgressOnExitLevel_ScriptedE
0x000000710271C4EC,_ZN20ClassManagerAccessorI10JobManagerE10MANAGER_IDE
0x000000710271C4F0,_ZGVN20ClassManagerAccessorI10JobManagerE10MANAGER_IDE
0x000000710271C6B8,selection
0x000000710271C6BC,_ZN25GizmoTeleportViaDoorAddOn8s_hashIDE
0x000000710271C6C0,_ZN20ClassManagerAccessorI16GizmoDoorManagerE10MANAGER_IDE
0x000000710271C6C8,_ZGVN20ClassManagerAccessorI16GizmoDoorManagerE10MANAGER_IDE
0x000000710271C768,CityTurrettype_counts
0x000000710271C770,_ZN20ClassManagerAccessorI16LegoBoltsManagerE10MANAGER_IDE
0x000000710271C778,_ZGVN20ClassManagerAccessorI16LegoBoltsManagerE10MANAGER_IDE
0x000000710271C7A8,_ZN15LegoCityUnlocks20m_AbilityUnlockEventE
0x000000710271C7D0,_ZN15LegoCityUnlocks18m_AbilityLockEventE
0x000000710271C7F8,_ZN15LegoCityUnlocks13s_unlockTableE
0x000000710271C8C4,_ZN20BasicUnlockCriterion6s_NoneE
0x000000710271C8CC,_ZN20ClassManagerAccessorI15LegoCityUnlocksE10MANAGER_IDE
0x000000710271C8D0,_ZGVN20ClassManagerAccessorI15LegoCityUnlocksE10MANAGER_IDE
0x000000710271C900,_ZN16LegoCityVehicles34smEventPlayerAndAIVehicleCollisionE
0x000000710271C928,_ZN16LegoCityVehicles16smHelipadLandingE
0x000000710271C950,_ZN16LegoCityVehicles17smCrashmatLandingE
0x000000710271C978,_ZN16LegoCityVehicles15smRampActivatedE
0x000000710271C9A0,_ZN16LegoCityVehicles12smHitKrawlieE
0x000000710271C9C8,_ZN16LegoCityVehicles26smEventPlayerVersusTrafficE
0x000000710271C9F0,_ZN16LegoCityVehicles23smEventPlayerUpsideDownE
0x000000710271CA18,_ZN16LegoCityVehicles29smEventPlayerVehicleDestroyedE
0x000000710271CA40,_ZN16LegoCityVehicles33smEventPlayerVehicleNearlyWreckedE
0x000000710271CA68,VehicleClass_NoTexID
0x000000710271CA70,VehicleClass_Counts
0x000000710271CAB8,VehicleClass_TexIDs
0x000000710271CB40,VehicleClass_Definitions
0x0000007102722090,_ZN24LegoCityGizmoPlugManager18s_hintDynamitePlugE
0x00000071027220C8,_ZN11LegoParkour9m_fxTypesE
0x00000071027220E8,_ZN11LegoParkour18m_alwaysDrawStreakE
0x00000071027220EC,_ZN20ClassManagerAccessorI18LegoParkourManagerE10MANAGER_IDE
0x00000071027220F0,_ZN20ClassManagerAccessorI11LegoParkourE10MANAGER_IDE
0x00000071027220F8,_ZGVN20ClassManagerAccessorI11LegoParkourE10MANAGER_IDE
0x0000007102722100,_ZGVN20ClassManagerAccessorI18LegoParkourManagerE10MANAGER_IDE
0x0000007102722108,_ZN22LegoContextHandlerBaseIN11LegoParkour11MoveContextEE19m_contextInstanceIdE
0x000000710272210C,_ZN22LegoContextHandlerBaseIN11LegoParkour14MoveEndContextEE19m_contextInstanceIdE
0x0000007102722110,_ZN22LegoContextHandlerBaseIN11LegoParkour23MoveEndTrackRootContextEE19m_contextInstanceIdE
0x0000007102722114,_ZN22LegoContextHandlerBaseIN11LegoParkour10QTEContextEE19m_contextInstanceIdE
0x0000007102722140,_ZN11SkidContext11m_freeSlideE
0x0000007102722144,_ZN22LegoContextHandlerBaseI11SkidContextE19m_contextInstanceIdE
0x0000007102722170,_ZN22LegoContextHandlerBaseI12VaultContextE19m_contextInstanceIdE
0x000000710272219C,_ZN14WallRunContext33WALLRUN_USE_USERINPUT_DURING_PROPE
0x00000071027221A0,_ZN14WallRunContext18WALLRUN_SFX_HANDLEE
0x00000071027221A8,_ZN14WallRunContext22WALLRUN_ALLOW_JUMP_OFFE
0x00000071027221AC,_ZN22LegoContextHandlerBaseI14WallRunContextE19m_contextInstanceIdE
0x00000071027221D8,_ZN22LegoContextHandlerBaseI14WallHugContextE19m_contextInstanceIdE
0x0000007102722208,_ZN19OldLegoCityMissions14m_pMissionDefsE
0x0000007102722210,_ZN19OldLegoCityMissions14m_iNumMissionsE
0x0000007102722214,_ZN19OldLegoCityMissions16m_eCurrentScreenE
0x0000007102722218,_ZN19OldLegoCityMissions13m_eLastScreenE
0x000000710272221C,_ZN19OldLegoCityMissions21m_fScreenShowFractionE
0x0000007102722220,_ZN19OldLegoCityMissions14m_fScreenTimerE
0x0000007102722224,_ZN19OldLegoCityMissions17m_iCurrentMissionE
0x0000007102722228,_ZN19OldLegoCityMissions24m_iCurrentObjectivesDoneE
0x000000710272222C,_ZN19OldLegoCityMissions15m_fCurrentScoreE
0x0000007102722230,_ZN19OldLegoCityMissions20m_iRequestingMissionE
0x0000007102722238,_ZN19OldLegoCityMissions19m_GenericScreenDataE
0x0000007102722270,Phone_State
0x0000007102722274,Phone_Screen
0x0000007102722278,Phone_Time
0x000000710272227C,Phone_X
0x0000007102722280,Phone_Y
0x0000007102722284,Phone_Scale
0x0000007102722288,Phone_Rot
0x000000710272228C,Phone_SrcX
0x0000007102722290,Phone_SrcY
0x0000007102722294,Phone_SrcScale
0x0000007102722298,Phone_SrcRot
0x00000071027222A0,Phone_pWorldMapMtl
0x00000071027222A8,Phone_pButtonHighlightMtl
0x00000071027222B0,Phone_pMapButtonMtl
0x00000071027222B8,Phone_pMissionsButtonMtl
0x00000071027222C0,Phone_pStatsButtonMtl
0x00000071027222F0,_ZN20ClassManagerAccessorI14PostHopManagerE10MANAGER_IDE
0x00000071027222F8,_ZGVN20ClassManagerAccessorI14PostHopManagerE10MANAGER_IDE
0x0000007102722300,_ZN22LegoContextHandlerBaseI14PostHopContextE19m_contextInstanceIdE
0x0000007102722344,s_fIndicatorOffScreenDist
0x0000007102722348,s_fMapPathRenderHalfWidth
0x000000710272234C,s_fMapPathRenderOutlineWidth
0x0000007102722378,_ZN6TaxiUI14m_fCurrentFareE
0x000000710272237C,_ZN6TaxiUI15m_fFareSpinTimeE
0x0000007102722380,_ZN6TaxiUI17m_fFareSpinAmountE
0x0000007102722384,_ZN6TaxiUI17m_fGetBackInTimerE
0x0000007102722388,_ZN6TaxiUI15m_pFareMaterialE
0x0000007102722390,_ZN6TaxiUI22m_pPressToPlayMaterialE
0x0000007102722398,_ZN6TaxiUI16m_pStartMaterialE
0x00000071027223A0,_ZN6TaxiUI20m_pGetBackInMaterialE
0x00000071027223A8,_ZN6TaxiUI19m_pTakeMeToMaterialE
0x00000071027223B0,_ZN6TaxiUI19m_pCompleteMaterialE
0x00000071027223B8,_ZN6TaxiUI14m_bShowHotSpotE
0x00000071027223BC,_ZN6TaxiUI18m_vHotSpotPositionE
0x00000071027223C8,m_TickerSoundHandle
0x0000007102722598,_ZN37CityKrawlieSimpleHookCivilianAttacked8s_hashIdE
0x000000710272259C,_ZN32CityKrawlieSimpleHookDrillAttack8s_hashIdE
0x00000071027225A0,_ZN26CityKrawlieSimpleHookDance8s_hashIdE
0x000000710272261C,_ZN29CityKrawlieContextBlastDamage11s_contextIDE
0x0000007102722620,_ZN29CityKrawlieContextBlastDamage15s_blastLocationE
0x0000007102722658,_ZN27CityKrawlieContextKnockBack11s_contextIDE
0x0000007102722660,_ZN27CityKrawlieContextKnockBack13s_hitPositionE
0x0000007102722670,_ZN27CityKrawlieContextKnockBack16s_knockbackSpeedE
0x000000710272269C,_ZN27CityKrawlieContextKnockDown11s_contextIDE
0x00000071027226A0,_ZN27CityKrawlieContextKnockDown20s_constructionParamsE
0x00000071027226E8,_ZN22CityKrawlieContextStun11s_contextIDE
0x00000071027226F0,_ZN22CityKrawlieContextStun13s_hitPositionE
0x0000007102722700,_ZN22CityKrawlieContextStun10s_stunTimeE
0x0000007102722704,_ZN22CityKrawlieContextStun11s_floorTimeE
0x0000007102722730,_ZN25CityKrawlieContextTakeHit11s_contextIDE
0x0000007102722740,_ZN25CityKrawlieContextTakeHit13s_hitPositionE
0x0000007102722778,_ZN31CityPedestrianKrawlieController8s_hashIdE
0x00000071027227A4,_ZN35CityPedestrianKrawlieDefaultContext11s_contextIDE
0x00000071027227A8,_ZN35CityPedestrianKrawlieDefaultContext20s_constructionParamsE
0x00000071027227D4,_ZN46CityPedestrianKrawlieInteractWithPlayerContext11s_contextIDE
0x00000071027227D8,_ZN46CityPedestrianKrawlieInteractWithPlayerContext20s_constructionParamsE
0x0000007102722810,_ZN50CityPedestrianKrawlieInteractWithPedestrianContext11s_contextIDE
0x0000007102722818,_ZN50CityPedestrianKrawlieInteractWithPedestrianContext20s_constructionParamsE
0x0000007102722848,_ZN26CityPedestrianKrawlieStuck11s_contextIDE
0x000000710272284C,_ZN26CityPedestrianKrawlieStuck20s_constructionParamsE
0x0000007102722878,_ZN36CityPedestrianFollowCharacterContext11s_contextIDE
0x0000007102722880,_ZN36CityPedestrianFollowCharacterContext20s_constructionParamsE
0x00000071027228B0,_ZN23CityKrawliePaintedAddon9s_hashKeyE
0x00000071027228B4,_ZZNK21MechKrawlieRenderInfo6RenderEvE6layers
0x00000071027228E0,_ZN23CityKrawlieRespawnAddon9s_hashKeyE
0x0000007102722960,_ZN17LegoCityTargeting17m_paintGlowColourE
0x0000007102722970,_ZN17LegoCityTargeting22m_GlowPaintTarget_listE
0x00000071027229A8,_ZN17LegoCityTargeting15m_GlowGizmoListE
0x0000007102722C28,_ZN17LegoCityTargeting22sUpdateColourTargetingE
0x0000007102722C94,_ZN19LegoCitySimpleProps26bHiddenLayerCullingEnabledE
0x0000007102722C98,edSimpleProp
0x0000007102722CB8,_ZN20ClassManagerAccessorI19LegoCitySimplePropsE10MANAGER_IDE
0x0000007102722CC0,_ZGVN20ClassManagerAccessorI19LegoCitySimplePropsE10MANAGER_IDE
0x0000007102722CF0,_ZN20ClassManagerAccessorI27cLegoCityPhotographyManagerE10MANAGER_IDE
0x0000007102722CF4,_ZN20ClassManagerAccessorI24cLegoCityPhotographyBaseE10MANAGER_IDE
0x0000007102722CF8,_ZGVN20ClassManagerAccessorI24cLegoCityPhotographyBaseE10MANAGER_IDE
0x0000007102722D00,_ZGVN20ClassManagerAccessorI27cLegoCityPhotographyManagerE10MANAGER_IDE
0x0000007102722D30,LEGOFX_BRICK_TRAIL
0x0000007102722D32,LEGOFX_BRICK_GLINT
0x0000007102722D34,LEGOFX_STUD_COLLECT_TRAIL
0x0000007102722D36,LEGOFX_BRICK_GLINT_SUPER
0x0000007102722D38,LEGOFX_BRICK_BURST_SUPER
0x0000007102722D3A,LEGOFX_BRICK_CONF_SUPER
0x0000007102722D3C,LEGOFX_BRICK_GLINT_SUPER_4X2
0x0000007102722E20,_ZN28ConversationLocatorIconAddOn8s_TypeIdE
0x0000007102722E24,_ZN24FacialAnimPreserverAddOn4s_IdE
0x0000007102722E28,_ZN16LC_Conversations16sSoundEffectsBusE
0x0000007102722E30,_ZN16LC_Conversations9sMusicBusE
0x0000007102722E38,_ZN16LC_Conversations20sDialogueCriticalBusE
0x0000007102722E40,_ZN16LC_Conversations22sDialogueBackgroundBusE
0x0000007102722E48,_ZN16LC_Conversations21sDialogueRoutingTableE
0x0000007102722E50,_ZN20ClassManagerAccessorI25LC_ConversationsContainerE10MANAGER_IDE
0x0000007102722E60,g_block
0x0000007102723340,_ZN20ClassManagerAccessorI13AddOnsManagerE10MANAGER_IDE
0x0000007102723348,_ZGVN20ClassManagerAccessorI13AddOnsManagerE10MANAGER_IDE
0x0000007102723350,_ZN20ClassManagerAccessorI16LC_ConversationsE10MANAGER_IDE
0x0000007102723358,_ZGVN20ClassManagerAccessorI16LC_ConversationsE10MANAGER_IDE
0x0000007102723360,_ZGVN20ClassManagerAccessorI25LC_ConversationsContainerE10MANAGER_IDE
0x00000071027233A4,_ZN20LegoCityMechToggling18s_bWheelSuppressedE
0x000000710272343C,_ZN20ClassManagerAccessorI23LegoCityDistrictManagerE10MANAGER_IDE
0x0000007102723440,_ZN31CityDistrictLoader_ParserConfig19m_CurrentDistrictIDE
0x0000007102723448,_ZN31CityDistrictLoader_ParserConfig14pCurrentLoaderE
0x0000007102723450,_ZN36CityDistrictGroupLoader_ParserConfig14pCurrentLoaderE
0x0000007102723458,_ZN20ClassManagerAccessorI22LegoCityDistrictSystemE10MANAGER_IDE
0x0000007102723460,_ZGVN20ClassManagerAccessorI22LegoCityDistrictSystemE10MANAGER_IDE
0x0000007102723468,_ZGVN20ClassManagerAccessorI23LegoCityDistrictManagerE10MANAGER_IDE
0x0000007102723618,_ZN18LegoCityLoadScreen15sIsStatusScreenE
0x0000007102723619,_ZN18LegoCityLoadScreen19sInvalidProgressBarE
0x000000710272361C,_ZN18LegoCityLoadScreen23sStatusScreenUpdateTimeE
0x0000007102723620,_ZN18LegoCityLoadScreen15pStreamingLevelE
0x0000007102723628,_ZN18AreaLoadTimeParser17m_LoadTimeManagerE
0x0000007102723630,_ZN12AbilityAddonI24LoadScreenLevelNameAddOnE9s_abilityE
0x0000007102723638,_ZGVN12AbilityAddonI24LoadScreenLevelNameAddOnE9s_abilityE
0x0000007102723674,_ZN19LegoCityCustomisers13m_currentAnimE
0x00000071027236D0,_ZN20LegoCitySideMissions20sEvent_OnMenuRequestE
0x00000071027236F8,_ZN16CitySideMissions18MissionDataManager6Parser8s_ParserE
0x0000007102723700,_ZN23CitySideMissionsManager25sEvent_SideMissionStartedE
0x0000007102723728,_ZN23CitySideMissionsManager23sEvent_SideMissionEndedE
0x0000007102723750,_ZN20ClassManagerAccessorI20LegoCitySideMissionsE10MANAGER_IDE
0x0000007102723758,_ZGVN20ClassManagerAccessorI20LegoCitySideMissionsE10MANAGER_IDE
0x0000007102723800,_ZN20ClassManagerAccessorI16CoreGroupManagerE10MANAGER_IDE
0x0000007102723808,_ZGVN20ClassManagerAccessorI16CoreGroupManagerE10MANAGER_IDE
0x0000007102723810,_ZN20ClassManagerAccessorI26cLegoCityAttractorManagersE10MANAGER_IDE
0x0000007102723818,_ZGVN20ClassManagerAccessorI26cLegoCityAttractorManagersE10MANAGER_IDE
0x0000007102723928,theLegoCityGadgetPropHelper
0x0000007102723930,theLegoCityGadgetPropInstanceHelper
0x0000007102723978,theLegoCityGadgetTrafficLightHelper
0x0000007102723980,theLegoCityGadgetTrafficLightInstanceHelper
0x0000007102723A60,_ZN12JobDataStore15s_Event_CreatedE
0x0000007102723A88,_ZN12JobDataStore16s_Event_RestoredE
0x0000007102723B28,_ZN3Job13s_Event_StartE
0x0000007102723B50,_ZN3Job12s_Event_StopE
0x0000007102723BC8,_ZN20ClassManagerAccessorI9JobSystemE10MANAGER_IDE
0x0000007102723BD0,_ZGVN20ClassManagerAccessorI9JobSystemE10MANAGER_IDE
0x0000007102723C50,theJobFlowObjectHelper
0x0000007102723CA8,gdv_JobActiveCount
0x0000007102723CAC,gdv_JobTotal
0x0000007102723D28,_ZN20ClassManagerAccessorI8GoToFlowE10MANAGER_IDE
0x0000007102723D30,_ZGVN20ClassManagerAccessorI8GoToFlowE10MANAGER_IDE
0x0000007102723D38,_ZN12SystemMixinsI15LegoAreaManagerE11m_singletonE
0x0000007102723DCC,_ZN23ScannableObjectiveAddon8s_TypeIdE
0x0000007102723DD0,_ZN23EdRefScannableObjective10s_TypeEnumE
0x00000071027240B0,_ZN35ScannableObjectiveEdPlaceableHelper8InstanceE
0x00000071027240B8,_ZN20ClassManagerAccessorI25ScannableObjectiveManagerE10MANAGER_IDE
0x00000071027240C0,_ZGVN20ClassManagerAccessorI25ScannableObjectiveManagerE10MANAGER_IDE
0x00000071027240F0,_ZN26ScannableObjectiveProgress15s_CompleteEventE
0x0000007102724118,_ZN26ScannableObjectiveProgress14s_MapOpenEventE
0x0000007102724140,_ZN26ScannableObjectiveProgress15s_MapCloseEventE
0x0000007102724168,_ZN20ClassManagerAccessorI24ScannableObjectiveSystemE10MANAGER_IDE
0x0000007102724170,_ZGVN20ClassManagerAccessorI24ScannableObjectiveSystemE10MANAGER_IDE
0x00000071027241A0,_ZN7HotSpot9s_LibraryE
0x00000071027241B0,_ZN24HotSpotEdPlaceableHelper8InstanceE
0x00000071027241B8,_ZN20ClassManagerAccessorI14HotSpotManagerE10MANAGER_IDE
0x00000071027241C0,_ZN13HotSpotSystem9s_vfxTypeE
0x0000007102724278,_ZGVN20ClassManagerAccessorI14HotSpotManagerE10MANAGER_IDE
0x0000007102724280,_ZN20ClassManagerAccessorI13HotSpotSystemE10MANAGER_IDE
0x0000007102724288,_ZGVN20ClassManagerAccessorI13HotSpotSystemE10MANAGER_IDE
0x0000007102724358,_ZN8TaxiTask11s_fMaxSpeedE
0x000000710272435C,_ZN8TaxiTask15s_StuntRoadHashE
0x0000007102724360,_ZN8TaxiTask18s_ShortcutRoadHashE
0x0000007102724364,_ZN8TaxiTask20s_RestrictedRoadHashE
0x0000007102724368,_ZZNK13NuVector3BasemlERK10NuQuatBaseE7negateW
0x0000007102724378,_ZGVZNK13NuVector3BasemlERK10NuQuatBaseE7negateW
0x0000007102724380,_ZZNK13NuVector3BasemlERK10NuQuatBaseE9negateXYZ
0x0000007102724390,_ZGVZNK13NuVector3BasemlERK10NuQuatBaseE9negateXYZ
0x0000007102724398,_ZN12SystemMixinsI14GridlockSystemE11m_singletonE
0x00000071027243F0,_ZN11cAttackTask16sm_strafeHashKeyE
0x00000071027246C0,_ZN20ClassManagerAccessorI20cLegoCityAIContainerE10MANAGER_IDE
0x00000071027246C4,_ZN20ClassManagerAccessorI17cLegoCityAISystemE10MANAGER_IDE
0x00000071027246C8,_ZGVN20ClassManagerAccessorI17cLegoCityAISystemE10MANAGER_IDE
0x00000071027246D0,_ZGVN20ClassManagerAccessorI20cLegoCityAIContainerE10MANAGER_IDE
0x0000007102724850,_ZN25SAction_CreateAICharacter13sm_HashRandomE
0x0000007102724854,_ZN26SAction_CreateAIApiVehicle13sm_HashRandomE
0x0000007102724858,_ZN31SAction_EnablePursueFromTraffic13sm_MatchSpeedE
0x000000710272485C,_ZN31SAction_EnablePursueFromTraffic12sm_ShowOnDRCE
0x0000007102724860,_ZN32SAction_DisablePursueFromTraffic18sm_ReleasePursuersE
0x0000007102724864,_ZN32SAction_DisablePursueFromTraffic18sm_DestroyPursuersE
0x0000007102724868,_ZN43SAction_EnableAggressiveVehiclesFromTraffic14sm_TurnOnSirenE
0x000000710272486C,_ZN27SAction_EnableNetworkInArea10sm_AllHashE
0x0000007102724870,_ZN27SAction_EnableNetworkInArea17sm_PedestrianHashE
0x0000007102724874,_ZN27SAction_EnableNetworkInArea16sm_AllCharactersE
0x0000007102724878,_ZN27SAction_EnableNetworkInArea14sm_VehicleHashE
0x000000710272487C,_ZN23SAction_UI_ShowHUDTimer13s_playerIndexE
0x0000007102724880,_ZN14SAction_SlowMo11sm_BlurHashE
0x0000007102724884,_ZN14SAction_SlowMo17sm_SoundStartHashE
0x0000007102724888,_ZN14SAction_SlowMo16sm_SoundLoopHashE
0x000000710272488C,_ZN14SAction_SlowMo15sm_SoundEndHashE
0x0000007102724890,_ZN18SAction_SpawnStuds13sm_randomHashE
0x0000007102724894,_ZN26SAction_CommitCollectables10sm_AllHashE
0x0000007102724898,_ZN26SAction_CommitCollectables16sm_StoryCharHashE
0x000000710272489C,_ZN26SAction_CommitCollectables16sm_AbilitiesHashE
0x00000071027248A0,_ZN20ClassManagerAccessorI18MechTrafficManagerE10MANAGER_IDE
0x00000071027248A8,_ZGVN20ClassManagerAccessorI18MechTrafficManagerE10MANAGER_IDE
0x00000071027248D8,_ZN20ClassManagerAccessorI31cSplitScreenSegmentInterfaceMgrE10MANAGER_IDE
0x00000071027248E0,_ZGVN20ClassManagerAccessorI31cSplitScreenSegmentInterfaceMgrE10MANAGER_IDE
0x000000710272498C,_ZN20ClassManagerAccessorI16GizmoHintManagerE10MANAGER_IDE
0x0000007102724990,_ZGVN20ClassManagerAccessorI16GizmoHintManagerE10MANAGER_IDE
0x00000071027249E8,_ZN20ClassManagerAccessorI14SplineManagerTI12SplineObjectEE10MANAGER_IDE
0x00000071027249EC,_ZN23VehicleAction_GetHealth10sm_MaxHashE
0x00000071027249F0,_ZN23VehicleAction_GetHealth14sm_CurrentHashE
0x00000071027249F4,_ZN23VehicleAction_GetHealth13sm_LayersHashE
0x00000071027249F8,_ZN23VehicleAction_SetHealth13sm_SetMaxHashE
0x00000071027249FC,_ZN23VehicleAction_SetHealth15sm_SetToMaxHashE
0x0000007102724A00,_ZN23VehicleAction_SetHealth10sm_SetHashE
0x0000007102724A04,_ZN23VehicleAction_SetHealth11sm_PlusHashE
0x0000007102724A08,_ZN23VehicleAction_SetHealth12sm_MinusHashE
0x0000007102724A0C,_ZN23VehicleAction_SetHealth19sm_SetMaxToDrawHashE
0x0000007102724A10,_ZN23VehicleAction_SetHealth19sm_SetMinToDrawHashE
0x0000007102724A14,_ZN26VehicleAction_SetBossIcons9sm_fadeinE
0x0000007102724A18,_ZN26VehicleAction_SetBossIcons10sm_fadeoutE
0x0000007102724A1C,_ZN26VehicleAction_SetBossIcons10sm_destroyE
0x0000007102724A20,_ZN26VehicleAction_SetBossIcons11sm_silveronE
0x0000007102724A24,_ZN26VehicleAction_SetBossIcons12sm_silveroffE
0x0000007102724A28,_ZN26VehicleAction_SetBossIcons10sm_addonIDE
0x0000007102724A2C,_ZN26VehicleAction_SetBossIcons12sm_minHealthE
0x0000007102724A30,_ZN26VehicleAction_SetBossIcons12sm_maxHealthE
0x0000007102724A34,_ZN26VehicleAction_SetBossIcons10sm_yOffsetE
0x0000007102724A38,_ZN31VehicleAction_DriverlessDriveTo19sm_StraightLineHashE
0x0000007102724A3C,_ZN31VehicleAction_DriverlessDriveTo22sm_IgnoreTrafficLightsE
0x0000007102724A40,_ZN31VehicleAction_DriverlessDriveTo16sm_AddAsWaypointE
0x0000007102724A44,_ZN31VehicleAction_DriverlessDriveTo19sm_ArriveAtWaypointE
0x0000007102724A48,_ZN30VehicleAction_DriverlessPursue13sm_MatchSpeedE
0x0000007102724A4C,_ZN30VehicleAction_DriverlessPursue10sm_OffRoadE
0x0000007102724A50,_ZGVN20ClassManagerAccessorI14SplineManagerTI12SplineObjectEE10MANAGER_IDE
0x0000007102724AF8,_ZN17RumbleTriggerData8mEdClassE
0x0000007102724B00,_ZN17RumbleTriggerData17mContextDataClassE
0x0000007102724B08,_ZN9SingletonI23RumbleTriggerDataHelperE9mInstanceE
0x0000007102724B38,_ZN17SlowMoTriggerData8mEdClassE
0x0000007102724B40,_ZN17SlowMoTriggerData17mContextDataClassE
0x0000007102724B48,_ZN23SlowMoTriggerDataHelper14m_TriggerFlagsE
0x0000007102724B58,_ZN9SingletonI23SlowMoTriggerDataHelperE9mInstanceE
0x0000007102724B88,_ZN20ExplosionTriggerData8mEdClassE
0x0000007102724B90,_ZN20ExplosionTriggerData17mContextDataClassE
0x0000007102724B98,_ZN12SystemMixinsI14LegoExplosionsE11m_singletonE
0x0000007102724BA0,_ZN9SingletonI26ExplosionTriggerDataHelperE9mInstanceE
0x0000007102724BD0,_ZN22LegoContextHandlerBaseI20AttachAnimateContextE19m_contextInstanceIdE
0x0000007102724C00,_ZN17HandcuffedContext17s_Event_OnPrepareE
0x0000007102724C28,_ZN22LegoContextHandlerBaseI15HandcuffContextE19m_contextInstanceIdE
0x0000007102724C2C,_ZN22LegoContextHandlerBaseI17HandcuffedContextE19m_contextInstanceIdE
0x0000007102724C58,_ZN22LegoContextHandlerBaseI13AttackContextE19m_contextInstanceIdE
0x0000007102724C5C,_ZN22LegoContextHandlerBaseI24CounterableAttackContextE19m_contextInstanceIdE
0x0000007102724C60,_ZN22LegoContextHandlerBaseI12TauntContextE19m_contextInstanceIdE
0x0000007102724C8C,_ZN22LegoContextHandlerBaseI12BlockContextE19m_contextInstanceIdE
0x0000007102724D00,_ZN16BrickGrabContext13sm_animationsE
0x0000007102724D54,_ZN22LegoContextHandlerBaseI16BrickGrabContextE19m_contextInstanceIdE
0x0000007102724D80,_ZN22LegoContextHandlerBaseI15CatchCatContextE19m_contextInstanceIdE
0x0000007102724D84,_ZN22LegoContextHandlerBaseI22CatchCat_TheCatContextE19m_contextInstanceIdE
0x0000007102724DB0,_ZN12ComboContext15sm_ComboActionsE
0x0000007102724DC8,_ZN12ComboContext17sm_TakeHitActionsE
0x0000007102724DE0,_ZN19FlyingAttackContext16sm_AttackActionsE
0x0000007102724DFC,_ZN22LegoContextHandlerBaseI12ComboContextE19m_contextInstanceIdE
0x0000007102724E00,_ZN22LegoContextHandlerBaseI19FlyingAttackContextE19m_contextInstanceIdE
0x0000007102724E80,_ZN17DrainPipesContext13sm_animationsE
0x0000007102724EF8,_ZN20DrainPipeCornerAddOn30sm_drainPipeCornerAddOnHashKeyE
0x0000007102724EFC,_ZN22LegoContextHandlerBaseI17DrainPipesContextE19m_contextInstanceIdE
0x0000007102724F34,_ZN17DrillShockContext15s_DrawWeaponSFXE
0x0000007102724F38,_ZN22LegoContextHandlerBaseI17DrillShockContextE19m_contextInstanceIdE
0x0000007102724F64,_ZN11GrabContext14sm_Action_GrabE
0x0000007102724F6A,_ZN11GrabContext19sm_Action_Grab_WalkE
0x0000007102724F70,_ZN11GrabContext19sm_Action_Grab_IdleE
0x0000007102724F76,_ZN11GrabContext23sm_Action_Grab_BreakOutE
0x0000007102724F7C,_ZN11GrabContext21sm_Bobomb_Action_GrabE
0x0000007102724F7E,_ZN11GrabContext26sm_Bobomb_Action_Grab_IdleE
0x0000007102724F80,_ZN11GrabContext26sm_Bobomb_Action_Grab_WalkE
0x0000007102724F82,_ZN11GrabContext30sm_Bobomb_Action_Grab_BreakOutE
0x0000007102724F88,_ZN11GrabContext11sm_boltTypeE
0x0000007102724F90,_ZN14GrabbedContext29sm_Bobomb_Action_Grabbed_IdleE
0x0000007102724F92,_ZN14GrabbedContext22sm_Action_Grabbed_IdleE
0x0000007102724F98,_ZN14GrabbedContext26sm_Action_Grabbed_BreakOutE
0x0000007102724F9E,_ZN14GrabbedContext24sm_Bobomb_Action_GrabbedE
0x0000007102724FA0,_ZN14GrabbedContext17sm_Action_GrabbedE
0x0000007102724FA6,_ZN14GrabbedContext29sm_Bobomb_Action_Grabbed_WalkE
0x0000007102724FA8,_ZN14GrabbedContext22sm_Action_Grabbed_WalkE
0x0000007102724FAE,_ZN14GrabbedContext33sm_Bobomb_Action_Grabbed_BreakOutE
0x0000007102724FB0,_ZN22LegoContextHandlerBaseI11GrabContextE19m_contextInstanceIdE
0x0000007102724FB4,_ZN22LegoContextHandlerBaseI14GrabbedContextE19m_contextInstanceIdE
0x0000007102724FE0,_ZN22LegoContextHandlerBaseI20IdleNoGravityContextE19m_contextInstanceIdE
0x0000007102725010,KnockDownsValues
0x0000007102725160,_ZN15KnockdownValues13GrappleBoltIDE
0x0000007102725161,_ZN15KnockdownValues10FireHoseIDE
0x0000007102725162,_ZN15KnockdownValues12chickeneggIDE
0x0000007102725163,_ZN15KnockdownValues10legoBoltIDE
0x0000007102725164,_ZN15KnockdownValues15paintball_redIDE
0x0000007102725165,_ZN15KnockdownValues16paintball_grenIDE
0x0000007102725166,_ZN15KnockdownValues16paintball_blueIDE
0x0000007102725167,_ZN15KnockdownValues18paintball_silverIDE
0x0000007102725168,_ZN15KnockdownValues15paintball_YelIDE
0x0000007102725169,_ZN15KnockdownValues16paintball_goldIDE
0x000000710272516A,_ZN15KnockdownValues16paintball_PinkIDE
0x000000710272516B,_ZN15KnockdownValues16paintball_PurpIDE
0x000000710272516C,_ZN15KnockdownValues16paintball_OranIDE
0x000000710272516D,_ZN15KnockdownValues16paintball_BrwnIDE
0x000000710272516E,_ZN15KnockdownValues16paintball_BlakIDE
0x000000710272516F,_ZN15KnockdownValues16paintball_WhitIDE
0x0000007102725170,_ZN15KnockdownValues16paintball_MultIDE
0x0000007102725174,_ZN15KnockdownValues12DefaultTableE
0x0000007102725178,_ZN15KnockdownValues17DefaultHeavyTableE
0x00000071027251D8,_ZN12LedgeContext13sm_animationsE
0x000000710272529C,_ZN22LegoContextHandlerBaseI15OldLedgeContextE19m_contextInstanceIdE
0x00000071027252A0,_ZN22LegoContextHandlerBaseI12LedgeContextE19m_contextInstanceIdE
0x00000071027252CC,_ZN19BouncPadCameraAddon8s_typeIDE
0x00000071027252F8,_ZN20BouncePadJumpContext31smEventArrivedToBouncePadTargetE
0x0000007102725348,_ZN22LegoContextHandlerBaseI18ParkourMoveContextE19m_contextInstanceIdE
0x0000007102725374,_ZN13WindUpContext16sm_WarningActionE
0x0000007102725376,_ZN13WindUpContext18sm_PreAttackActionE
0x0000007102725378,_ZN13WindUpContext10sm_AttacksE
0x0000007102725380,_ZN22LegoContextHandlerBaseI13WindUpContextE19m_contextInstanceIdE
0x00000071027253AC,_ZN12ThrowContext25sm_Action_Throw_ConnectedE
0x00000071027253D0,_ZN12ThrowContext23sm_Action_Throw_ReleaseE
0x00000071027253F4,_ZN12ThrowContext29sm_Action_RexFinish_ConnectedE
0x00000071027253F6,_ZN12ThrowContext27sm_Action_RexFinish_ReleaseE
0x00000071027253F8,_ZN12ThrowContext32sm_Action_Bobomb_Throw_ConnectedE
0x00000071027253FA,_ZN12ThrowContext24sm_Action_Bobomb_ReleaseE
0x00000071027253FC,_ZN14PutDownContext27sm_Action_PutDown_ConnectedE
0x0000007102725408,_ZN14PutDownContext25sm_Action_PutDown_ReleaseE
0x0000007102725414,_ZN14PutDownContext31sm_Action_AutoCounter_ConnectedE
0x0000007102725416,_ZN14PutDownContext29sm_Action_AutoCounter_ReleaseE
0x0000007102725418,_ZN14PutDownContext28sm_Action_Finisher_ConnectedE
0x0000007102725428,_ZN14PutDownContext26sm_Action_Finisher_ReleaseE
0x0000007102725438,_ZN14PutDownContext25sm_Action_Parry_ConnectedE
0x000000710272544A,_ZN14PutDownContext23sm_Action_Parry_ReleaseE
0x000000710272545C,_ZN13ThrownContext26sm_Action_Thrown_ConnectedE
0x0000007102725480,_ZN13ThrownContext24sm_Action_Thrown_ReleaseE
0x00000071027254A4,_ZN13ThrownContext21sm_Action_Thrown_LandE
0x00000071027254C8,_ZN13ThrownContext27sm_Action_PutDown_ConnectedE
0x00000071027254D4,_ZN13ThrownContext25sm_Action_PutDown_ReleaseE
0x00000071027254E0,_ZN13ThrownContext22sm_Action_PutDown_LandE
0x00000071027254EC,_ZN13ThrownContext31sm_Action_AutoCounter_ConnectedE
0x00000071027254EE,_ZN13ThrownContext29sm_Action_AutoCounter_ReleaseE
0x00000071027254F0,_ZN13ThrownContext26sm_Action_AutoCounter_LandE
0x00000071027254F2,_ZN13ThrownContext28sm_Action_Finisher_ConnectedE
0x0000007102725502,_ZN13ThrownContext26sm_Action_Finisher_ReleaseE
0x0000007102725512,_ZN13ThrownContext23sm_Action_Finisher_LandE
0x0000007102725522,_ZN13ThrownContext27sm_Action_Parried_ConnectedE
0x0000007102725534,_ZN13ThrownContext25sm_Action_Parried_ReleaseE
0x0000007102725546,_ZN13ThrownContext22sm_Action_Parried_LandE
0x0000007102725558,_ZN13ThrownContext31sm_Action_RexFinished_ConnectedE
0x000000710272555A,_ZN13ThrownContext29sm_Action_RexFinished_ReleaseE
0x000000710272555C,_ZN13ThrownContext26sm_Action_RexFinished_LandE
0x000000710272555E,_ZN13ThrownContext26sm_Action_Bobomb_ConnectedE
0x0000007102725560,_ZN13ThrownContext24sm_Action_Bobomb_ReleaseE
0x0000007102725564,_ZN22LegoContextHandlerBaseI12ThrowContextE19m_contextInstanceIdE
0x0000007102725568,_ZN22LegoContextHandlerBaseI14PutDownContextE19m_contextInstanceIdE
0x000000710272556C,_ZN22LegoContextHandlerBaseI17MissAttackContextE19m_contextInstanceIdE
0x0000007102725570,_ZN22LegoContextHandlerBaseI20TurnToPutDownContextE19m_contextInstanceIdE
0x0000007102725574,_ZN22LegoContextHandlerBaseI14TakeHitContextE19m_contextInstanceIdE
0x00000071027255A0,_ZN13TackleContext24sm_TacklingArrestActionsE
0x00000071027255A6,_ZN13TackleContext23sm_TackledArrestActionsE
0x00000071027255AC,_ZN13TackleContext26sm_TacklingNoArrestActionsE
0x00000071027255B2,_ZN13TackleContext25sm_TackledNoArrestActionsE
0x00000071027255B8,_ZN22LegoContextHandlerBaseI13TackleContextE19m_contextInstanceIdE
0x0000007102725610,_ZN20ClassManagerAccessorI15UphillRunSystemE10MANAGER_IDE
0x0000007102725618,_ZGVN20ClassManagerAccessorI15UphillRunSystemE10MANAGER_IDE
0x0000007102725620,_ZN22LegoContextHandlerBaseI16UphillRunContextE19m_contextInstanceIdE
0x00000071027256A4,_ZN13DJDeckContext10s_DJLoopIdE
0x00000071027256A8,_ZN13DJDeckContext16mSfxDJLoopHandleE
0x0000007102725750,_ZN17ButtonGameContext9s_theOnesE
0x00000071027257B0,_ZN16LabyrinthContext14m_rollingSfxIdE
0x00000071027257B2,_ZN16LabyrinthContext13m_impactSfxIdE
0x00000071027257F4,_ZN14WrestleContext16sm_DefaultConfigE
0x000000710272581C,_ZN22LegoContextHandlerBaseI14WrestleContextE19m_contextInstanceIdE
0x0000007102725894,gdv_BasketBall_Sweetspot
0x00000071027258EC,_ZN22LegoContextHandlerBaseI12HPoleContextE19m_contextInstanceIdE
0x0000007102725968,_ZN21RexFuryStunnedContext15sm_stunedActionE
0x000000710272596A,_ZN21RexFuryStunnedContext19sm_stunedIntoActionE
0x000000710272596C,_ZN22LegoContextHandlerBaseI21RexFuryStunnedContextE19m_contextInstanceIdE
0x0000007102725998,_ZN25RocketOutOfControlContext12sm_midActionE
0x000000710272599C,_ZN25RocketOutOfControlContext15sm_faceUpActionE
0x000000710272599E,_ZN25RocketOutOfControlContext17sm_faceDownActionE
0x00000071027259A0,_ZN22LegoContextHandlerBaseI25RocketOutOfControlContextE19m_contextInstanceIdE
0x00000071027259CC,_ZN14WhistleContext12s_WhistleSFXE
0x00000071027259CE,_ZN14WhistleContext19s_RedBrickWhistleIdE
0x00000071027259D0,_ZN14WhistleContext25mSfxRedBrickWhistleHandleE
0x00000071027259D8,_ZN14WhistleContext16s_fWhistleRadiusE
0x00000071027259DC,_ZN14WhistleContext18s_fWhistleStopTimeE
0x00000071027259E0,_ZN22LegoContextHandlerBaseI14WhistleContextE19m_contextInstanceIdE
0x0000007102725A24,gdv_Coco_Sweetspot
0x0000007102725A54,_ZN22LegoContextHandlerBaseI17CityBarrelContextE19m_contextInstanceIdE
0x0000007102725AA8,_ZN12MegaFigAddOn8s_TypeIdE
0x0000007102725AB0,_ZN12MegaFigAddOn19SpecialPunchContext23s_PotentialGrappleEventE
0x0000007102725AD8,_ZN12MegaFigAddOn19SpecialPunchContext22s_PotentialDamageEventE
0x0000007102725B00,_ZN22LegoContextHandlerBaseIN12MegaFigAddOn14StaggerContextEE19m_contextInstanceIdE
0x0000007102725B04,_ZN22LegoContextHandlerBaseIN12MegaFigAddOn19SpecialPunchContextEE19m_contextInstanceIdE
0x0000007102725B30,_ZN17PiranhaPlantAddon8s_TypeIdE
0x0000007102725B34,_ZN22LegoContextHandlerBaseI19PiranhaPlantContextE19m_contextInstanceIdE
0x0000007102725B60,_ZN11BobombAddon8s_TypeIdE
0x0000007102725B68,_ZN11BobombAddon12m_explodeVFXE
0x0000007102725BA8,_ZN14cAttackManager4Grid17s_MinAccessCoordsE
0x0000007102725BB0,_ZN14cAttackManager4Grid17s_MaxAccessCoordsE
0x0000007102725BB8,_ZN14cAttackManager4Grid21s_InvalidAccessCoordsE
0x0000007102725BC0,_ZN14cAttackManager20sm_attackManagerListE
0x0000007102725BF8,_ZN14cAttackManager23sm_tutorialNoAttackModeE
0x0000007102725BF9,_ZN14cAttackManager30sm_tutorialNoDeathFromFallModeE
0x0000007102727440,_ZN23LegoCityVehicleSettings10s_extraDmgE
0x0000007102727444,_ZN23LegoCityVehicleSettings19s_hitWallThreshold1E
0x0000007102727448,_ZN23LegoCityVehicleSettings19s_hitWallThreshold2E
0x000000710272744C,_ZN23LegoCityVehicleSettings19s_hitWallThreshold3E
0x0000007102727450,_ZN23LegoCityVehicleSettings18s_hitVehThreshold1E
0x0000007102727454,_ZN23LegoCityVehicleSettings18s_hitVehThreshold2E
0x0000007102727458,_ZN23LegoCityVehicleSettings18s_hitVehThreshold3E
0x000000710272745C,_ZN23LegoCityVehicleSettings24total_no_of_tiles_so_farE
0x0000007102727460,_ZN23LegoCityVehicleSettings18heliZonesMaxHeightE
0x0000007102727528,_ZN23LegoCityVehicleSettings18heliZonesMinHeightE
0x00000071027275F0,_ZN30HelicopterSpecialZonesListener20s_activeSpecialZonesE
0x0000007102727600,_ZN30HelicopterSpecialZonesListener14s_specialZonesE
0x0000007102727610,_ZN23LegoCityVehicleSettings22s_specialZonesListenerE
0x0000007102727628,_ZN23LegoCityVehicleSettings15s_polizeiTexMapE
0x0000007102727630,_ZN23LegoCityVehicleSettings19s_vehicleCustomDataE
0x0000007102727640,_ZN23LegoCityVehicleSettings18DEFAULTMASSMULNAMEE
0x0000007102727644,_ZN23LegoCityVehicleSettings17m_massMulSettingsE
0x0000007102727884,_ZN23LegoCityVehicleSettings20s_defaultExplodeDataE
0x0000007102727890,_ZN23LegoCityVehicleSettings14s_explodeTableE
0x00000071027278A0,_ZN23LegoCityVehicleSettings7LCZonesE
0x00000071027288A0,_ZN23LegoCityVehicleSettings17s_innerBlurRadiusE
0x00000071027288A8,_ZN23LegoCityVehicleSettings10textureIDSE
0x0000007102728980,_ZN23LegoCityVehicleSettings13s_colorHashesE
0x0000007102728A70,s_fUpsideDownDamageMaxTime
0x0000007102728A74,s_fUpsideDownGoBoomTime
0x0000007102728A78,s_fJumpActivationFactor
0x0000007102728A80,_ZN28ApiVehicleUserData_LCGeneric16s_cameraOverrideE
0x0000007102728AA0,_ZN28ApiVehicleUserData_LCGeneric14m_enterExit_FXE
0x0000007102728AF8,_ZN28ApiVehicleUserData_LCGeneric13m_vehOnVeh_FXE
0x0000007102728B50,_ZN28ApiVehicleUserData_LCGeneric20m_vehOnVeh_HeadOn_FXE
0x0000007102728BA8,_ZN28ApiVehicleUserData_LCGeneric11m_vehLow_FXE
0x0000007102728C00,_ZN28ApiVehicleUserData_LCGeneric14m_vehMedium_FXE
0x0000007102728C58,_ZN28ApiVehicleUserData_LCGeneric13m_vehHeavy_FXE
0x0000007102728CB0,_ZN28ApiVehicleUserData_LCGeneric19m_vehEngineBlast_FXE
0x0000007102728D08,_ZN28ApiVehicleUserData_LCGeneric20m_vehChassisBlast_FXE
0x0000007102728D60,_ZN28ApiVehicleUserData_LCGeneric18m_X5_multiplier_FXE
0x0000007102728DB8,_ZN28ApiVehicleUserData_LCGeneric23m_X5_multiplier_FX_doneE
0x0000007102728E10,_ZN29ApiVehicle_ExplodeCameraAddOn9s_hashKeyE
0x0000007102729130,_ZN27ApiVehicleUserData_TowTruck16s_rayCastYoffsetE
0x0000007102729160,_ZN35ApiVehicleUserData_HoveringAircraft15s_fadeOutOffsetE
0x00000071027291C0,_ZN23ApiVehicleUserData_Boat23s_libertyIslandUnlockedE
0x00000071027292E0,_ZN13LegoCityBolts15m_GrappleBoltIDE
0x00000071027292E1,_ZN13LegoCityBolts12m_trexBoltIDE
0x00000071027292E8,_ZN13LegoCityBolts13s_OnHitShieldE
0x0000007102729360,_ZN14cBoltPaintType10boltTypeIdE
0x0000007102729368,_ZN16cBoltPaintSystem8MainMenu8userdataE
0x0000007102729378,_ZN16cBoltPaintSystem8MainMenu8numUsersE
0x000000710272937C,_ZN20ClassManagerAccessorI16cBoltPaintSystemE10MANAGER_IDE
0x0000007102729380,_ZGVN20ClassManagerAccessorI16cBoltPaintSystemE10MANAGER_IDE
0x0000007102729401,_ZN19cBulletBillBoltType14m_isBillActiveE
0x0000007102729402,_ZN19cBulletBillBoltType18s_bulletBillTypeIDE
0x0000007102729408,_ZN19cBulletBillBoltType21m_pBulletBillInstanceE
0x0000007102729410,_ZN19cBulletBillBoltType21m_pFireBulletInstanceE
0x00000071027294B8,_ZN20ClassManagerAccessorI14SplineManagerTI15StudChainSplineEE10MANAGER_IDE
0x00000071027294BC,_ZN20ClassManagerAccessorI19PickupClusterSystemE10MANAGER_IDE
0x00000071027294C0,_ZGVN20ClassManagerAccessorI19PickupClusterSystemE10MANAGER_IDE
0x00000071027294C8,_ZGVN20ClassManagerAccessorI14SplineManagerTI15StudChainSplineEE10MANAGER_IDE
0x00000071027294D0,_ZN20ClassManagerAccessorI16GlideRingManagerE10MANAGER_IDE
0x00000071027294D8,_ZGVN20ClassManagerAccessorI16GlideRingManagerE10MANAGER_IDE
0x00000071027294E0,_ZN13SplineHelperTI15StudChainSplineE15sm_SplineHelperE
0x00000071027294E8,_ZZNK14SplineManagerTI15StudChainSplineE14GetManagerNameEvE22initialisedManagerName
0x00000071027294F0,_ZZNK14SplineManagerTI15StudChainSplineE14GetManagerNameEvE11managerName
0x0000007102729540,_ZGVZNK14SplineManagerTI15StudChainSplineE14GetManagerNameEvE11managerName
0x0000007102729570,theSpicyChickenRingHelperPtr
0x00000071027295A0,theStudChainHelperPtr
0x00000071027295A8,theStudChainKnotHelperPtr
0x00000071027295D8,_ZN18GlideRingsEdHelper8InstanceE
0x00000071027295E0,_ZN15EdRefGlideRings10s_NameListE
0x0000007102729900,_ZN15EdRefGlideRings10s_NumNamesE
0x0000007102729908,_ZN10GlideRings18m_LastFailedPlayerE
0x00000071027299C0,_ZN21Lego_City_LevelThings10s_InstanceE
0x00000071027299C8,BR_1203_ULD_Bridge
0x00000071027299E0,BR_1203_Level
0x00000071027299E8,BR_1203_Fade
0x00000071027299F0,NY_Beach_2506_LightHouse
0x0000007102729A08,NY_Beach_2506_Level
0x0000007102729A10,WI_Forest_1002_Bridge
0x0000007102729A28,WI_Forest_1002_Level
0x0000007102729A30,NY_Downtown_2125_FWheel
0x0000007102729A48,NY_Downtown_2125_Level
0x0000007102729A50,NY_Downtown_2125_FWheel_Special_ULD
0x0000007102729A58,NY_Downtown_2125_FWheel_HD
0x0000007102729A70,NY_Downtown_2125_Level_HD
0x0000007102729A78,NY_Downtown_2125_FWheel_LD
0x0000007102729A90,NY_Downtown_2125_FWheel_Special_LD
0x0000007102729A98,NY_Downtown_2125_Level_LD
0x0000007102729AA0,NY_Downtown_2125_FWheel_Current_Angle
0x0000007102729AA4,NY_Downtown_2125_FWheel_Angle_HD
0x0000007102729AA8,NY_Downtown_2125_FWheel_Angle_ULD
0x0000007102729AAC,NY_Downtown_2125_FWheel_Angle_LD
0x0000007102729AB0,LD_FWheelHasbeenAnimated
0x0000007102729AB8,NY_2105_HD_Level
0x0000007102729AC0,NY_2105_LD_Level
0x0000007102729AC8,hangarDoorSpecial
0x0000007102729AD0,doorHashes
0x0000007102729AE0,SF_0822_ULD_Sign
0x0000007102729AE8,SF_0822_Level
0x0000007102729AF0,SF_0823_ULD_Sign
0x0000007102729AF8,SF_0823_Level
0x0000007102729B00,WI_0803_ULD_Sign
0x0000007102729B08,WI_0803_Level
0x0000007102729B38,Titles_ADATA
0x0000007102729B40,Lego_City_ADATA
0x0000007102729B48,Police_Station_ADATA
0x0000007102729BE0,BR_Twin_Bridge_ULD_Bridge_LDATA
0x0000007102729BE8,IS_Space_Centre_3422_LDATA
0x0000007102729BF0,WI_Farmlands_0505_LDATA
0x0000007102729BF8,SF_Residential_0822_LDATA
0x0000007102729C00,SF_Residential_0822_LD_LDATA
0x0000007102729C08,SF_Residential_0822_Signs_LDATA
0x0000007102729C10,SF_Residential_0823_LDATA
0x0000007102729C18,SF_Residential_0823_LD_LDATA
0x0000007102729C20,SF_Residential_0823_Signs_LDATA
0x0000007102729C28,WI_Forest_0803_LDATA
0x0000007102729C30,WI_Forest_0803_LD_LDATA
0x0000007102729C38,WI_Forest_0803_Signs_LDATA
0x0000007102729C40,Lego_City_LDATA
0x0000007102729C48,ConstructionSite01_LDATA
0x0000007102729C50,Icecream02_Factory_LDATA
0x0000007102729C58,FireTrainingArea_LDATA
0x0000007102729C60,Fire_Station_Boathouse_LDATA
0x0000007102729C68,MineTunnel_LDATA
0x0000007102729C70,MineCavern_LDATA
0x0000007102729C78,Museum01_LDATA
0x0000007102729C80,PoliceGarage_LDATA
0x0000007102729C88,PoliceLobby_LDATA
0x0000007102729C90,PoliceBriefingRoom_LDATA
0x0000007102729C98,PoliceLineUp_LDATA
0x0000007102729CA0,PrisonMainCells_LDATA
0x0000007102729CA8,RexCell_LDATA
0x0000007102729CB0,Rooftops_LDATA
0x0000007102729CB8,MoonBaseBoss_LDATA
0x0000007102729CC0,CUT_02_MeetFrank_LDATA
0x0000007102729CC8,CUT_20_CrashingTheParty_LDATA
0x0000007102729CD0,CUT_30B_Outro_BlackwellRescued_LDATA
0x0000007102729CD8,NY_Beach_2506_ULD_LHOUSE_LDATA
0x0000007102729CE0,WI_Forest_1002_ULD_Bridge_LDATA
0x0000007102729CE8,NY_Downtown_2125_ULD_FWheel_LDATA
0x0000007102729CF0,NY_Downtown_2125_LDATA
0x0000007102729CF8,NY_Downtown_2125_LD_LDATA
0x0000007102729D00,NY_Airport_2105_LD_LDATA
0x0000007102729D08,NY_Airport_2105_HD_LDATA
0x0000007102729D10,CUT_14_HammerTime_LDATA
0x0000007102729D18,Builder_Helipad_Drop_LDATA
0x0000007102729D20,Builder_SB_VehicleDrop_LDATA
0x0000007102729D28,freezeSprayDeathBound
0x0000007102729D30,floorSwitch
0x0000007102729D38,Fire_Station_Boathouse_Disable_PoolCheck
0x0000007102729D68,_ZN20CityLoadScreenParser14s_pLoadScreensE
0x0000007102729F6C,_ZN12MoonBaseBoss11BattleAddOn8s_TypeIdE
0x0000007102729F70,_ZN12MoonBaseBoss11BattleAddOn15s_CompleteEventE
0x0000007102729FF8,gdv_v3MBB_Twirl_StartPos_Rex
0x000000710272A004,gdv_v3MBB_Twirl_StartPos_Chase
0x000000710272A010,gdv_v3MBB_Twirl_FailPos_Rex
0x000000710272A01C,_ZN12MoonBaseBoss15ButtonMashAddOn4s_IdE
0x000000710272A020,_ZN12MoonBaseBoss17TwirlControlAddOn15s_CompleteEventE
0x000000710272A048,_ZN12MoonBaseBoss17TwirlControlAddOn4s_IdE
0x000000710272A04C,_ZN12MoonBaseBoss17TwirlControlAddOn11VictimAddOn4s_IdE
0x000000710272A050,_ZN12MoonBaseBoss19GrappleControlAddOn15s_CompleteEventE
0x000000710272A078,_ZN12MoonBaseBoss19GrappleControlAddOn24s_VictimDefeatedEndEventE
0x000000710272A0A0,_ZN12MoonBaseBoss19GrappleControlAddOn4s_IdE
0x000000710272A0A4,_ZN22LegoContextHandlerBaseIN12MoonBaseBoss17TwirlControlAddOn12SlaveContextEE19m_contextInstanceIdE
0x000000710272A0A8,_ZN22LegoContextHandlerBaseIN12MoonBaseBoss19GrappleControlAddOn12SlaveContextEE19m_contextInstanceIdE
0x000000710272A0D4,_ZN12MoonBaseBoss16RexBrainParasite4s_IdE
0x000000710272A0D8,_ZN12MoonBaseBoss16RexBrainParasite17s_BossHitPointsIdE
0x000000710272A0DC,_ZN12MoonBaseBoss20MalfunctionAnimAddOn4s_IdE
0x000000710272A0E0,_ZN12MoonBaseBoss26PotentialBarrelVictimAddOn4s_IdE
0x000000710272A0E4,_ZN12MoonBaseBoss17RexPunchableAddOn4s_IdE
0x000000710272A0E8,_ZN12MoonBaseBoss12HotSpotAddOn14s_TriggerEventE
0x000000710272A110,_ZN12MoonBaseBoss18ProximityWhipAddOn4s_IdE
0x000000710272A114,_ZN12MoonBaseBoss12HotSpotAddOn4s_IdE
0x000000710272A118,_ZN12MoonBaseBoss14StompWaveAddOn4s_IdE
0x000000710272A11C,_ZN22LegoContextHandlerBaseIN12MoonBaseBoss10RexAITasks11GuardAITask14BuildUpContextEE19m_contextInstanceIdE
0x000000710272A120,_ZN22LegoContextHandlerBaseIN12MoonBaseBoss10RexAITasks12RecoveryTask12SlaveContextEE19m_contextInstanceIdE
0x000000710272A124,_ZN22LegoContextHandlerBaseIN12MoonBaseBoss18ProximityWhipAddOn11WhipContextEE19m_contextInstanceIdE
0x000000710272A150,_ZN11SnapHelpers17SnapPositionAddOn4s_IdE
0x000000710272A154,_ZN11SnapHelpers16SnapHeadingAddOn4s_IdE
0x000000710272A158,_ZN14RiderAnimAddOn4s_IdE
0x000000710272A15C,_ZN18RespawnAssistAddOn4s_IdE
0x000000710272A160,_ZN15MoonBaseCameras13TwirlCamAddOn4s_IdE
0x000000710272A3C0,SfxSLAM
0x000000710272A3C2,_ZN13LegoCityMenus24SFX_STATUS_AWARD_ABILITYE
0x000000710272A3C4,_ZN13LegoCityMenus28SFX_STATUS_ABILITY_HIT_PANELE
0x000000710272A3C6,_ZN13LegoCityMenus26SFX_STATUS_AWARD_STORYCHARE
0x000000710272A3C8,_ZN13LegoCityMenus30SFX_STATUS_STORYCHAR_HIT_PANELE
0x000000710272A3CA,_ZN13LegoCityMenus30SFX_STATUS_STORYCHAR_HIT_WHEELE
0x000000710272A3CC,_ZN13LegoCityMenus29SFX_STATUS_AWARD_SUPERCOUNTERE
0x000000710272A3CE,_ZN13LegoCityMenus33SFX_STATUS_SUPERCOUNTER_HIT_PANELE
0x000000710272A3D0,_ZN13LegoCityMenus26SFX_STATUS_AWARD_GOLDBRICKE
0x000000710272A3D2,_ZN13LegoCityMenus30SFX_STATUS_GOLDBRICK_HIT_PANELE
0x000000710272A3D4,_ZN13LegoCityMenus29SFX_STATUS_GOLDBRICK_TOP_TEXTE
0x000000710272A3D6,_ZN13LegoCityMenus32SFX_STATUS_GOLDBRICK_BOTTOM_TEXTE
0x000000710272A3D8,_ZN13LegoCityMenus28SFX_STATUS_GOLDBRICK_ZOOMOUTE
0x000000710272A3DA,_ZN13LegoCityMenus21SFX_STATUS_NEW_WHOOSHE
0x000000710272A3DC,_ZN13LegoCityMenus18SFX_BRICKS_RELEASEE
0x000000710272A3DE,_ZN13LegoCityMenus22SFX_STATUS_CHAR_WHOOSHE
0x000000710272A3E0,_ZN13LegoCityMenus20SFX_STATUS_TEXT_SLAME
0x000000710272A3E2,_ZN13LegoCityMenus22SFX_STATUS_SHIELD_SLAME
0x000000710272A3E4,_ZN13LegoCityMenus20SFX_STATUS_BRICK_POPE
0x000000710272A3E6,_ZN13LegoCityMenus25SFX_STATUS_AWARD_REDBRICKE
0x000000710272A3E8,_ZN13LegoCityMenus22SFX_STATUS_AWARD_TOKENE
0x000000710272A3EA,_ZN13LegoCityMenus10SFX_WHOOSHE
0x000000710272A3EC,_ZN13LegoCityMenus26SFX_TIME_TRIAL_START_INTROE
0x000000710272A3EE,_ZN13LegoCityMenus26SFX_TIME_TRIAL_START_OUTROE
0x000000710272A3F0,_ZN13LegoCityMenus19SFX_GLIDERINGAPPEARE
0x000000710272A3F2,_ZN13LegoCityMenus20SFX_GLIDERINGCOLLECTE
0x000000710272A3F8,_ZN13LegoCityMenus15s_Title_ShieldsE
0x000000710272A400,_ZN13LegoCityMenus17s_Title_RedBricksE
0x000000710272A408,_ZN13LegoCityMenus17s_Title_BnBBricksE
0x000000710272A410,_ZN13LegoCityMenus24s_ShouldDrawPlayerBricksE
0x000000710272A411,_ZN13LegoCityMenus23s_ShouldShowBricksTotalE
0x000000710272A414,_ZN13LegoCityMenus22s_PlayerBricksFadeTimeE
0x000000710272A418,_ZN13LegoCityMenus17s_MusicOffsetTimeE
0x000000710272A41C,_ZN13LegoCityMenus13s_MusicPlayedE
0x000000710272A420,_ZN13LegoCityMenus19s_TokenSoundsetTimeE
0x000000710272A424,_ZN13LegoCityMenus18s_TokenSoundPlayedE
0x000000710272A428,_ZN13LegoCityMenus10sVFXHandleE
0x000000710272A640,_ZN19FlashSystem_Globals18FlashSystemFontPtrE
0x000000710272A648,_ZN19FlashSystem_Globals21FlashSystemOldFontPtrE
0x000000710272A650,_ZN19FlashSystem_Globals15FlashSystemFontE
0x000000710272A658,_ZN11FlashSystem11SharedCacheE
0x000000710272A660,_ZN11FlashSystem13InstanceCountE
0x000000710272A6B4,FlashGraph_DvGraphEnable
0x000000710272A7B4,FlashGraph_DvGraphEnableCount
0x000000710272B000,FlashElement_SceneViewport
0x000000710272B058,_ZN20ClassManagerAccessorI21FlashContextContainerE10MANAGER_IDE
0x000000710272B05C,_ZN20ClassManagerAccessorI18FlashContextSystemE10MANAGER_IDE
0x000000710272B060,_ZGVN20ClassManagerAccessorI18FlashContextSystemE10MANAGER_IDE
0x000000710272B068,_ZGVN20ClassManagerAccessorI21FlashContextContainerE10MANAGER_IDE
0x000000710272B098,_ZN11FlashLoader16m_MainFlashFilesE
0x000000710272B0B0,_ZN11FlashLoader16m_Valid3dTargetsE
0x000000710272B188,_ZN11LCUITargets20FlashTargetMainFrame16m_pDigitTexturesE
0x000000710272B190,_ZN20ClassManagerAccessorI20LCUITargetsContainerE10MANAGER_IDE
0x000000710272B194,_ZN20ClassManagerAccessorI11LCUITargetsE10MANAGER_IDE
0x000000710272B198,_ZGVN20ClassManagerAccessorI11LCUITargetsE10MANAGER_IDE
0x000000710272B1A0,_ZGVN20ClassManagerAccessorI20LCUITargetsContainerE10MANAGER_IDE
0x000000710272B278,_ZN15HudModesManager16HudModeEventData12sOnEnterDataE
0x000000710272B288,_ZN15HudModesManager16HudModeEventData11sOnExitDataE
0x000000710272B298,_ZN15HudModesManager18TheHudModesManagerE
0x000000710272B594,_ZN8HudTimer11s_IconSlotsE
0x000000710272B6D4,_ZN15HudButtonMashUp13sCurrentSlotsE
0x000000710272B898,_ZN16HUDSummaryScreen11sEvent_WaitE
0x000000710272B8C0,_ZN16HUDSummaryScreen15sEvent_ContinueE
0x000000710272B8E8,_ZN16HUDSummaryScreen13sEvent_CancelE
0x000000710272B944,_ZN12HudTimerText15m_bLoudTickOnlyE
0x000000710272B998,_ZN16UIMenuTransition29event_MenuTransitionTriggeredE
0x000000710272B9C0,_ZN16UIMenuTransition28event_MenuTransitionFinishedE
0x000000710272BA28,_ZN17UIMenuPageManager21event_PageStateChangeE
0x000000710272BAB0,_ZN12UIMenuButton20event_ButtonSelectedE
0x000000710275C038,_ZN17HudElementManager18OnCreateHudElementE
0x000000710275C060,_ZN17HudElementManager19OnDestroyHudElementE
0x000000710275C088,_ZN17HudElementManager13m_pFirstLayerE
0x000000710275C090,_ZN17HudElementManager15m_pCurrentLayerE
0x000000710275C098,_ZN17HudElementManager15m_pCurrentSceneE
0x000000710275C198,_ZN13HudMenuRadial10s_pChooserE
0x000000710275C1A0,_ZN13HudMenuRadial17s_ChooserRefCountE
0x0000007102764FC8,_ZN11LegoCityHud10m_FrontEndE
0x0000007102764FD0,_ZN11LegoCityHud10m_bEnabledE
0x0000007102764FD1,_ZN11LegoCityHud14m_bInitialisedE
0x0000007102764FD2,_ZN11LegoCityHud19m_bChangePlayerModeE
0x0000007102764FD3,_ZN11LegoCityHud17m_bEnableAllPanelE
0x0000007102764FD4,_ZN11LegoCityHud16m_fTimeInVehicleE
0x0000007102764FD8,_ZN11LegoCityHud18m_pCarLogoMaterialE
0x0000007102764FE0,_ZN11LegoCityHud21m_pAlienVisorMaterialE
0x0000007102764FE8,_ZN11LegoCityHud17RenderAlienMarkerE
0x0000007102764FF0,_ZN11LegoCityHud13m_legoSpecialE
0x0000007102764FF8,_ZN11LegoCityHud19m_SetTrueHeroBarMaxE
0x0000007102765000,_ZN11LegoCityHud19m_LegoCityLevelNameE
0x0000007102765008,_ZN11LegoCityHud22m_TrueHeroBarActivatedE
0x0000007102765010,_ZN11LegoCityHud15m_pCurrentSceneE
0x0000007102765018,_ZN11LegoCityHud17m_ButtonMashCountE
0x000000710276501C,_ZN11LegoCityHud15m_ButtonMashMaxE
0x0000007102765020,_ZN11LegoCityHud16m_ButtonMashTimeE
0x0000007102765028,_ZN11LegoCityHud15m_ButtonMashMtlE
0x0000007102765030,_ZN11LegoCityHud15m_HudStateFlagsE
0x0000007102765031,_ZN11LegoCityHud23m_bStoppedToPlayMiniCutE
0x0000007102765034,_ZN11LegoCityHud30m_PlayerHudSuppressionCountersE
0x000000710276503C,_ZN11LegoCityHud28m_bCutsceneFinishedPrevFrameE
0x0000007102765040,_ZN11LegoCityHud13m_pPlayerHudsE
0x0000007102765050,_ZN11LegoCityHud14m_pHudOverlaysE
0x00000071027650A0,_ZN11LegoCityHud21m_CurrentOverlayCountE
0x00000071027650A8,_ZN11LegoCityHud15m_UIContext_DRCE
0x00000071027650B0,_ZN11LegoCityHud15m_FlashListenerE
0x00000071027650B8,_ZN11LegoCityHud14m_VersionTimerE
0x00000071027650D0,_ZN11LegoCityHud24m_ShowVersionInformationE
0x00000071027650D1,_ZN11LegoCityHud13m_VersionNameE
0x0000007102765158,_ZN11LegoCityHud16m_PauseMenuAnimsE
0x0000007102765160,_ZN11LegoCityHud14m_MiniCutAnimsE
0x0000007102765168,_ZN11LegoCityHud18m_SuperBuildTargetE
0x0000007102765170,g_bDebounceHideHUD
0x0000007102765174,_ZN20ClassManagerAccessorI22HUD_UIContextContainerE10MANAGER_IDE
0x0000007102765178,_ZGVN20ClassManagerAccessorI22HUD_UIContextContainerE10MANAGER_IDE
0x00000071027651B8,_ZN19LegoCityHudDialogue12sDialogueHudE
0x00000071027652D8,_ZN25LegoCityHudPlayer_Globals15sHeartsAtBottomE
0x00000071027652E0,_ZN25LegoCityHudPlayer_Globals15sTotalStudsModeE
0x00000071027652E8,_ZN25LegoCityHudPlayer_Globals20sIndividualStudsModeE
0x00000071027652F0,_ZN25LegoCityHudPlayer_Globals29sIndividualWithTotalStudsModeE
0x00000071027652F8,_ZN17LegoCityHudPlayer10sPlayerHudE
0x00000071027654B8,_ZN17LegoCityHudPlayer22s_GoalIconOffsetRangeYE
0x00000071027654BC,_ZN17LegoCityHudPlayer20s_GoalIconOffsetTimeE
0x00000071027654C0,_ZN17LegoCityHudPlayer17s_GoalIconOffsetYE
0x00000071027654C4,_ZN30CharacterSelectInputController18s_L3InputTriggerIDE
0x00000071027654C8,_ZN30CharacterSelectInputController13s_UseL3ButtonE
0x00000071027654C9,_ZN17LegoCityHudPlayer11HelpScreens18s_ShownHelpScreensE
0x00000071027654D0,_ZN13FlowMissionUI13ScriptHandler23sEvent_RetryFlowMissionE
0x00000071027654F8,_ZN13FlowMissionUI13ScriptHandler22sEvent_ExitFlowMissionE
0x0000007102765584,CharacterPortraitLightDirs
0x00000071027655B4,CharacterPortraitLightCols
0x00000071027655E4,CharacterPortraitLightAmb
0x0000007102765634,_ZN18LegoCityHudVehicle16VehicleBoostIcon16sColourAvailableE
0x0000007102765638,_ZN18LegoCityHudVehicle16VehicleBoostIcon18sColourUnavailableE
0x0000007102765678,_ZN25LegoCityHudOverlayManager13s_pTheManagerE
0x00000071027656C8,_ZN18HudMission_Globals12sPlayControlE
0x0000007102765738,_ZN18LegoCityHudMission11sMissionHudE
0x0000007102765978,_ZN21LegoCityHudCommDevice11sCommDeviceE
0x0000007102765A48,_ZN34LegoCityHudCharacterSelect_Globals10sMenuItemsE
0x0000007102765A88,_ZN26LegoCityHudCharacterSelect14sCharSelectHudE
0x0000007102765B88,_ZN24LegoCityHudCharacterGrid17sCharacterGridHudE
0x0000007102765C28,_ZN19LegoCityHudTheyLive12sTheyLiveHudE
0x0000007102765DA4,_ZN13HudParryIcons13sCurrentSlotsE
0x0000007102765DA8,_ZN22LegoCityHudObjectIcons16TheObjectIconHudE
0x0000007102766040,_ZN22LegoCityHudObjectIcons22sObjectIconControlTypeE
0x00000071027660F0,_ZN26LegoCityHudBricksBuyScreen19sBricksBuyScreenHudE
0x0000007102766268,_ZN34LegoCityHudVehicleDropMenu_Globals10sMenuItemsE
0x0000007102766568,_ZN26LegoCityHudVehicleDropMenu19sVehicleDropMenuHudE
0x0000007102766AC8,_ZN21AbilityHudImp_Globals16g_AbilitiesSceneE
0x0000007102766AD8,g_SafeCrackHud
0x0000007102766C58,g_ButtonMashHud
0x0000007102766E08,_ZN12SafeCrackHud11s_TotalHudsE
0x0000007102766E0C,_ZN13ButtonMashHud11s_TotalHudsE
0x0000007102766E80,_ZN11TouchTarget14event_DisabledE
0x0000007102766EE4,_ZN24LegoCityGameIconRenderer29sCurrentRenderPriority_LEGACYE
0x0000007102766EE8,_ZN24LegoCityGameIconRenderer24sCurrentRenderPrioritiesE
0x0000007102766EF0,_ZN24LegoCityGameIconRenderer18sAlphaFadeOverrideE
0x0000007102766F08,_ZN16LegoCityGameIcon21sDefaultFadeUpTimeMaxE
0x0000007102766F58,_ZN12FastTravelUI25sEvent_OnSelectFastTravelE
0x0000007102766F80,_ZN12FastTravelUI25sEvent_OnSelectDriveTrainE
0x0000007102766FA8,_ZN12FastTravelUI11s_LockCountE
0x0000007102766FAC,_ZN19FastTravelLockAddOn8s_TypeIdE
0x0000007102766FB0,_ZN21FastTravelLock_Player8s_TypeIdE
0x0000007102767008,_ZN14UIOverlay_Maps14TheMapOverlaysE
0x0000007102767064,_ZN5UIMap20s_dv_MapClampOffsetXE
0x0000007102767068,_ZN5UIMap20s_dv_MapClampOffsetYE
0x00000071027670A8,_ZN8UIMapPin18sEvent_DeactivatedE
0x00000071027670D0,_ZN8UIMapPin16sEvent_ActivatedE
0x00000071027670F8,_ZN8UIMapPin18sEvent_TypeChangedE
0x0000007102767120,_ZN8UIMapPin18sEvent_PinSelectedE
0x0000007102767148,_ZN8UIMapPin23sEvent_PinDoubleClickedE
0x0000007102767170,_ZN8UIMapPin14sEvent_PinHeldE
0x0000007102767198,_ZN8UIMapPin20sEvent_RequestToShowE
0x00000071027671C0,_ZN8UIMapPin17s_IconTypeNameIdsE
0x0000007102767300,_ZN8UIMapPin15s_IconTypeCountE
0x0000007102767308,_ZN8UIMapPin16s_IconTextureIdsE
0x0000007102767588,_ZN8UIMapPin12s_IconMtlIdsE
0x0000007102767808,_ZN8UIMapPin20s_IconMenuTextureIdsE
0x0000007102767A88,_ZN8UIMapPin23s_IconTextureEdgeMarkerE
0x0000007102767A90,_ZN8UIMapPin19s_IconMtlEdgeMarkerE
0x0000007102767A98,_ZN8UIMapPin19s_IconTextureShieldE
0x0000007102767AA0,_ZN8UIMapPin15s_IconMtlShieldE
0x0000007102767AA8,_ZN23UIMapPinObjectInterface20event_PinObjectAddedE
0x0000007102767AD0,_ZN23UIMapPinObjectInterface25event_OnPinObjectUnlinkedE
0x0000007102767AF8,_ZN23UIMapPinObjectInterface22event_PinObjectRemovedE
0x0000007102767C10,_ZN20MapPinDataTypeParser24m_pCurrentPinDataTypeObjE
0x0000007102767C18,_ZN20MapPinDataTypeParser11m_TypesListE
0x0000007102767C20,_ZN20MapPinDataTypeParser18m_CurrentLoadCountE
0x0000007102767C28,_ZN16MapPinDataParser20m_pCurrentPinDataObjE
0x0000007102767C30,_ZN16MapPinDataParser24m_pCurrentPinDataObjTypeE
0x0000007102767C38,_ZN16MapPinDataParser10m_DataListE
0x0000007102767C40,_ZN16MapPinDataParser16m_CurrentDataMgrE
0x0000007102767C48,_ZN16MapPinDataParser18m_CurrentLoadCountE
0x0000007102767C50,_ZN17MapPinDataManager22event_OnPinTypesLoadedE
0x0000007102767C78,_ZN17MapPinDataManager21event_OnPinDataLoadedE
0x0000007102767CD4,_ZZNK17MapTileSetManager17GetDefaultTileSetEvE12sDefaultHash
0x0000007102767CD8,_ZGVZNK17MapTileSetManager17GetDefaultTileSetEvE12sDefaultHash
0x0000007102767D18,_ZN21MapTileSetTilesParser18m_CurrentTilesDataE
0x0000007102767D20,_ZN21MapTileSetTilesParser13m_LoadedCountE
0x0000007102767D28,_ZN20MapTileSetDataParser17m_CurrentDataListE
0x0000007102767D30,_ZN20MapTileSetDataParser13m_LoadedCountE
0x0000007102767DC8,_ZN10MapFogArea19event_FullyUnlockedE
0x0000007102767E88,_ZN12UIPlayerMaps14TheMapOverlaysE
0x0000007102767EA0,_ZN12UIPlayerMaps19sEvent_ListModifiedE
0x0000007102767EC8,gdv_MaximumIdleTime
0x0000007102767F08,_ZN13CityPDASystem26event_TransitionScreenShowE
0x0000007102767F30,_ZN20ClassManagerAccessorI13CityPDASystemE10MANAGER_IDE
0x0000007102767F38,_ZGVN20ClassManagerAccessorI13CityPDASystemE10MANAGER_IDE
0x0000007102767F40,_ZN20ClassManagerAccessorI22PDA_UIContextContainerE10MANAGER_IDE
0x0000007102767F48,_ZGVN20ClassManagerAccessorI22PDA_UIContextContainerE10MANAGER_IDE
0x0000007102767FA0,_ZN9PDAButton12s_ButtonListE
0x0000007102767FD8,_ZN15PlayerMenuAddOn8s_TypeIdE
0x0000007102768064,_ZN18CityPDA_VideoPhone25sWorldToPanelCompensationE
0x000000710276806C,_ZN24CityPDA_VideoCallControl12s_MissedCallE
0x0000007102768268,gdv_LevelStats_FlashSpacing
0x0000007102768270,_ZN25CityPDA_LevelStatsControl10InfoScreen20event_OnScreenHiddenE
0x0000007102768298,_ZN25CityPDA_LevelStatsControl9m_bIsOpenE
0x000000710276829C,_ZN20ClassManagerAccessorI18MapOverlayRendererE10MANAGER_IDE
0x00000071027682A0,_ZGVN20ClassManagerAccessorI18MapOverlayRendererE10MANAGER_IDE
0x0000007102768360,_ZN13CityPDA_Mutex16event_LockChangeE
0x0000007102768388,_ZN20ClassManagerAccessorI11DRCRendererE10MANAGER_IDE
0x0000007102768390,_ZGVN20ClassManagerAccessorI11DRCRendererE10MANAGER_IDE
0x00000071027683D8,_ZN20CityPDA_Communicator15s_Event_CallSetE
0x0000007102768400,_ZN20CityPDA_Communicator19s_Event_PhoneToggleE
0x0000007102768428,_ZN20CityPDA_Communicator21s_Event_ConnectToggleE
0x0000007102768450,_ZN22LegoContextHandlerBaseIN20CityPDA_Communicator14PDACallContextEE19m_contextInstanceIdE
0x00000071027684F0,_ZN16CityPDA_PinsMenu19event_OnMenuRequestE
0x0000007102768518,_ZN16CityPDA_PinsMenu21event_RequestMenuExitE
0x0000007102768540,_ZN16CityPDA_PinsMenu16event_OnMenuShowE
0x0000007102768568,_ZN16CityPDA_PinsMenu18event_OnMenuHiddenE
0x0000007102768590,_ZN14PDAContextMenu16event_OnMenuExitE
0x00000071027685B8,_ZN14PDAContextMenu17event_OnMenuEnterE
0x00000071027685E0,_ZN33PDAContextMenuLayout_ParserConfig24pCurrentMenuLayoutLoaderE
0x00000071027685E8,_ZN33PDAContextMenuLayout_ParserConfig19m_CurrentButtonNameE
0x00000071027685F8,_ZN40PDAContextMenuLayoutManager_ParserConfig15pCurrentManagerE
0x0000007102768600,_ZN35PDAContextMenuLayoutManager_Globals19s_MainPinsMenuSceneE
0x0000007102768648,_ZN21CityPDA_CharacterShop18event_ActivateShopE
0x0000007102768670,_ZN33CityPDA_CharacterShopHudInterface25sWorldToPanelCompensationE
0x0000007102768678,_ZN16ShopObjectViewer23sResourceLoadIdentifierE
0x0000007102768688,_ZN33CityPDA_CharacterShopHudInterface12m_ShopSoundsE
0x00000071027686A0,_ZN33CityPDA_CharacterShopHudInterface8m_sLevelE
0x00000071027686A8,_ZN33CityPDA_CharacterShopHudInterface17StudCountDownInfoE
0x0000007102768788,_ZN22CityPDA_ShopUICategory30m_sCollectedUnlocksPerCategoryE
0x0000007102768790,_ZN22CityPDA_ShopUICategory27m_sUnlockedItemsPerCategoryE
0x0000007102768798,_ZN20CityPDA_ShopUIBricks20sDefaultBorderColourE
0x000000710276879C,_ZN20CityPDA_ShopUIBricks22sDefaultRedBrickColourE
0x00000071027687A0,_ZN20CityPDA_ShopUIBricks21sLockedRedBrickColourE
0x00000071027687A4,_ZN20CityPDA_ShopUIBricks29sDefaultBorderColourGoldBrickE
0x00000071027687A8,_ZN20CityPDA_ShopUIBricks23sDefaultGoldBrickColourE
0x00000071027687AC,_ZN20CityPDA_ShopUIBricks22sLockedGoldBrickColourE
0x00000071027687B0,_ZN20CityPDA_ShopUIBricks22sBrickSilhouetteColourE
0x00000071027687B4,_ZN20CityPDA_ShopUIBricks28sBrickSilhouetteBorderColourE
0x00000071027687B8,_ZN20CityPDA_ShopUIBricks16m_sCheatIconDataE
0x0000007102768B90,_ZN20CityPDA_ShopUIBricks23sBrickInBrickBoardWidthE
0x0000007102768B94,_ZN20CityPDA_ShopUIBricks36sPositionCompensateForScaleFromBlendE
0x0000007102768B98,_ZN23CityPDA_ShopUICharacter21sCharInCharBoardWidthE
0x0000007102768B9C,_ZN23CityPDA_ShopUICharacter36sPositionCompensateForScaleFromBlendE
0x0000007102768E08,_ZN19CityPDA_CodeBreaker25event_ActivateCodeBreakerE
0x0000007102768E30,_ZN17CodeBreakerButton11event_PressE
0x0000007102768E58,_ZN17CodeBreakerButton18event_ChangeLetterE
0x0000007102768E80,_ZN17CodeBreakerButton10event_HoldE
0x0000007102768EA8,_ZN17CodeBreakerButton13event_ReleaseE
0x0000007102768ED0,_ZN28CityPDA_CodeBreakerInterface16UILevelContainerE
0x0000007102768ED8,_ZN28CityPDA_CodeBreakerInterface23event_CodeDigitSelectedE
0x0000007102768F00,_ZN28CityPDA_CodeBreakerInterface21m_codeBreakerProgressE
0x0000007102768F90,g_CityPDA_PhotoAlbum
0x0000007102769410,g_SaveGamePhotos
0x00000071029764F8,_ZN21CityPDA_ShopCutscenes18m_sCutsceneIndicesE
0x0000007102976500,_ZN21CityPDA_ShopCutscenes12m_sNoOfClipsE
0x0000007102976548,_ZN17CityPDA_ShopHints17event_HintClosingE
0x0000007102976634,_ZN15CityPDA_Scanner14s_DefaultInputE
0x0000007102976638,_ZN15CityPDA_Scanner14s_ScanningFlagE
0x0000007102976640,_ZN15CityPDA_Scanner16event_EnablementE
0x00000071029766C4,_ZN22LegoContextHandlerBaseI28CityPDA_ScannerPlayerContextE19m_contextInstanceIdE
0x00000071029767D4,_ZN21PlayerDeactivateAddOn8s_TypeIdE
0x0000007102976800,_ZN15AudioScanTarget17s_ProximityParamsE
0x0000007102976818,_ZN24ConversationFocusSubject10TypeIdHashE
0x00000071029768D4,gdv_scannerEdgeColour
0x00000071029768D8,gdv_scannerToonColour1
0x00000071029768DC,gdv_scannerToonColour2
0x00000071029768E0,gdv_scannerEdgeScanColour
0x00000071029768E4,gdv_scannerToonScanColour
0x00000071029768E8,gdv_scannerFogColour
0x00000071029768EC,_ZN30CityPDA_Scanner_DRCEnvironment12LevelEnabler8s_TypeIdE
0x0000007102976A88,gdv_cCharColour_Normal
0x0000007102976A98,gdv_cCharColour_Suspect
0x0000007102976AA8,_ZN26CharacterFocusSubjectAddOn11s_HashedKeyE
0x0000007102976AAC,_ZN20ClassManagerAccessorI29CharacterFocusSubjectRendererE10MANAGER_IDE
0x0000007102976AB0,_ZN20ClassManagerAccessorI27KrawlieFocusSubjectRendererE10MANAGER_IDE
0x0000007102976AB4,_ZN21CharacterFocusSubject10TypeIdHashE
0x0000007102976AB8,_ZN19KrawlieFocusSubject10TypeIdHashE
0x0000007102976ABC,_ZN20ClassManagerAccessorI22ScannerVehicleRendererE10MANAGER_IDE
0x0000007102976AC0,_ZN20ClassManagerAccessorI20ScannerPartsRendererE10MANAGER_IDE
0x0000007102976AC8,_ZGVN20ClassManagerAccessorI29CharacterFocusSubjectRendererE10MANAGER_IDE
0x0000007102976AD0,_ZN20ClassManagerAccessorI19ApiCharacterManagerE10MANAGER_IDE
0x0000007102976AD8,_ZGVN20ClassManagerAccessorI19ApiCharacterManagerE10MANAGER_IDE
0x0000007102976AE0,_ZGVN20ClassManagerAccessorI27KrawlieFocusSubjectRendererE10MANAGER_IDE
0x0000007102976AE8,_ZGVN20ClassManagerAccessorI22ScannerVehicleRendererE10MANAGER_IDE
0x0000007102976AF0,_ZGVN20ClassManagerAccessorI20ScannerPartsRendererE10MANAGER_IDE
0x0000007102976AF8,_ZN20ClassManagerAccessorI12PartsManagerE10MANAGER_IDE
0x0000007102976B00,_ZGVN20ClassManagerAccessorI12PartsManagerE10MANAGER_IDE
0x0000007102976B48,_ZN24LocalScannableDataStatus15s_ActivityEventE
0x0000007102976B70,_ZN10Scannables6Locked8s_TypeIdE
0x0000007102976B74,_ZN26LocalScannableFocusSubject10TypeIdHashE
0x0000007102976B78,_ZN20ClassManagerAccessorI34LocalScannableFocusSubjectRendererE10MANAGER_IDE
0x0000007102976B80,_ZGVN20ClassManagerAccessorI34LocalScannableFocusSubjectRendererE10MANAGER_IDE
0x0000007102976BC4,_ZN20ClassManagerAccessorI26ScannableCollectableSystemE10MANAGER_IDE
0x0000007102976BC8,_ZN10Scannables11Collectable8s_TypeIdE
0x0000007102976BCC,_ZN20ClassManagerAccessorI27ScannableCollectableManagerE10MANAGER_IDE
0x0000007102976BD0,_ZGVN20ClassManagerAccessorI27ScannableCollectableManagerE10MANAGER_IDE
0x0000007102976BD8,_ZGVN20ClassManagerAccessorI26ScannableCollectableSystemE10MANAGER_IDE
0x0000007102976BE0,_ZN20ClassManagerAccessorI17LegoPickupManagerE10MANAGER_IDE
0x0000007102976BE8,_ZGVN20ClassManagerAccessorI17LegoPickupManagerE10MANAGER_IDE
0x0000007102976C18,_ZN10Scannables9Objective8s_TypeIdE
0x0000007102976C20,theObjectiveFlowObjectHelper
0x0000007102976C64,_ZN22TickerTapeTextScroller22s_dv_TickerScreenSpeedE
0x0000007102976C68,gdv_GameMarker_OffScreenDistance
0x0000007102976C6C,_ZN20ClassManagerAccessorI25GameTrackerModelContainerE10MANAGER_IDE
0x0000007102976C70,_ZN5Score9NullScoreE
0x0000007102976C78,_ZN20ClassManagerAccessorI16GameTrackerModelE10MANAGER_IDE
0x0000007102976C80,_ZGVN20ClassManagerAccessorI16GameTrackerModelE10MANAGER_IDE
0x0000007102976C88,_ZGVN20ClassManagerAccessorI25GameTrackerModelContainerE10MANAGER_IDE
0x0000007102976D58,_ZN21FireExtinguisherAudio15m_pTheFireAudioE
0x0000007102976D88,_ZN11SlowMoAddon22sm_soundDefaultStartIdE
0x0000007102976D8A,_ZN11SlowMoAddon21sm_soundDefaultLoopIdE
0x0000007102976D8C,_ZN11SlowMoAddon20sm_soundDefaultEndIdE
0x0000007102976D90,_ZN11SlowMoAddon24sm_soundDefaultStartHndlE
0x0000007102976D98,_ZN11SlowMoAddon23sm_soundDefaultLoopHndlE
0x0000007102976DA0,_ZN11SlowMoAddon22sm_soundDefaultEndHndlE
0x0000007102976E94,_ZN13WardrobeAddOn26s_CanShowFirstWardrobeHintE
0x0000007102976E98,_ZN22LegoContextHandlerBaseI21UnlockDisguiseContextE19m_contextInstanceIdE
0x0000007102976ED8,_ZN16CodeBreakerAddOn25sMissionCodeBreakerSwitchE
0x0000007102976F30,_ZN17cBoltTRexRoarType10boltTypeIdE
0x0000007102976F34,_ZN22LegoContextHandlerBaseI11RoarContextE19m_contextInstanceIdE
0x0000007102976F38,_ZN22LegoContextHandlerBaseI12StompContextE19m_contextInstanceIdE
0x0000007102976FA8,_ZN16ActAnnounceAddon6theOneE
0x0000007102976FE4,_ZN22LegoContextHandlerBaseI21DropPointCheatContextE19m_contextInstanceIdE
0x0000007102977050,_ZN16GrappleRopeAddon11s_hashedKeyE
0x0000007102977058,_ZN12SystemMixinsI9LegoRopesE11m_singletonE
0x00000071029770BC,_ZN12AbilityAddonI16VehicleSurfAddOnE14s_addonHashKeyE
0x00000071029770C0,_ZGVN12AbilityAddonI16VehicleSurfAddOnE14s_addonHashKeyE
0x00000071029770C8,_ZN12AbilityAddonI16VehicleSurfAddOnE9s_abilityE
0x00000071029770D0,_ZGVN12AbilityAddonI16VehicleSurfAddOnE9s_abilityE
0x0000007102977100,_ZN12AbilityAddonI13FlyingAbilityE14s_addonHashKeyE
0x0000007102977108,_ZGVN12AbilityAddonI13FlyingAbilityE14s_addonHashKeyE
0x0000007102977110,_ZN12AbilityAddonI13FlyingAbilityE9s_abilityE
0x0000007102977118,_ZGVN12AbilityAddonI13FlyingAbilityE9s_abilityE
0x0000007102977148,_ZN16FallingWithStyle8s_hashIdE
0x0000007102977178,_ZN10FlyingBase23s_flyingResourceHandlesE
0x00000071029771B8,_ZN10FlyingBase16s_flyingSfxTypesE
0x00000071029771C8,_ZN10FlyingBase12s_vfxTypeIdsE
0x0000007102977204,_ZN18FlyingHandlerAddon8s_hashIdE
0x0000007102977208,_ZN18FlyingHandlerAddon62s_timerForHackingAHackyMcHackisonHackInFor5AceC_ThisMakesMeSadE
0x0000007102977234,_ZN15FlyingUtilities8s_paramsE
0x000000710297724C,_ZN20ClassManagerAccessorI22cNewSplitScreenManagerE10MANAGER_IDE
0x0000007102977250,_ZGVN20ClassManagerAccessorI22cNewSplitScreenManagerE10MANAGER_IDE
0x0000007102977280,_ZN9HubFlying8s_hashIdE
0x0000007102977288,_ZN9HubFlying24s_supermanThemeTuneTrackE
0x0000007102977290,_ZN9HubFlying28s_supermanThemeTuneTrackBankE
0x0000007102977310,_ZN20ClassManagerAccessorI19SoundEffectsManagerE10MANAGER_IDE
0x0000007102977318,_ZGVN20ClassManagerAccessorI19SoundEffectsManagerE10MANAGER_IDE
0x0000007102977348,_ZN11LevelFlying8s_hashIdE
0x0000007102977374,_ZN12AbilityAddonI22DropInBreadCrumbsAddOnE14s_addonHashKeyE
0x0000007102977378,_ZGVN12AbilityAddonI22DropInBreadCrumbsAddOnE14s_addonHashKeyE
0x0000007102977380,_ZN12AbilityAddonI22DropInBreadCrumbsAddOnE9s_abilityE
0x0000007102977388,_ZGVN12AbilityAddonI22DropInBreadCrumbsAddOnE9s_abilityE
0x00000071029773B8,_ZN12AbilityAddonI19DropInSequenceAddOnE14s_addonHashKeyE
0x00000071029773C0,_ZGVN12AbilityAddonI19DropInSequenceAddOnE14s_addonHashKeyE
0x00000071029773C8,_ZN12AbilityAddonI19DropInSequenceAddOnE9s_abilityE
0x00000071029773D0,_ZGVN12AbilityAddonI19DropInSequenceAddOnE9s_abilityE
0x0000007102977400,_ZN12AbilityAddonI24LoadScreenLevelNameAddOnE14s_addonHashKeyE
0x0000007102977408,_ZGVN12AbilityAddonI24LoadScreenLevelNameAddOnE14s_addonHashKeyE
0x0000007102977438,_ZN12AbilityAddonI20LoadScreenModelAddOnE14s_addonHashKeyE
0x0000007102977440,_ZGVN12AbilityAddonI20LoadScreenModelAddOnE14s_addonHashKeyE
0x0000007102977448,_ZN12AbilityAddonI20LoadScreenModelAddOnE9s_abilityE
0x0000007102977450,_ZGVN12AbilityAddonI20LoadScreenModelAddOnE9s_abilityE
0x0000007102977480,_ZN12AbilityAddonI24LoadScreenHintBuddyAddOnE9s_abilityE
0x0000007102977488,_ZGVN12AbilityAddonI24LoadScreenHintBuddyAddOnE9s_abilityE
0x00000071029774B8,_ZN19CityBasicController8s_hashIdE
0x00000071029774E4,_ZN29CityKrawlieStandardController8s_hashIdE
0x0000007102977510,_ZN27CityKrawlieSpiderController8s_hashIdE
0x000000710297753C,_ZN27CityKrawlieWanderController8s_hashIdE
0x0000007102977540,numtx_zero
0x0000007102977580,fseed
0x0000007102977720,nuvec_zero
0x0000007102977730,nuvec4_zero
0x0000007102977758,_ZN15NuMemoryManager27m_globalCriticalSectionBuffE
0x0000007102977858,_ZN15NuMemoryManager23m_globalCriticalSectionE
0x0000007102977860,_ZN15NuMemoryManager7m_flagsE
0x0000007102977868,_ZN15NuMemoryManager12m_headerSizeE
0x0000007102977870,_ZN15NuMemoryManager16m_memoryManagersE
0x0000007102978088,_ZN12NuMemoryPool23m_globalCriticalSectionE
0x00000071029780A8,_ZN12NuMemoryPool11m_firstPoolE
0x00000071029B80B8,_ZN15NuLocaleManager23m_localisationLanguagesE
0x00000071029B8188,_ZN8NuBgProc10m_instanceE
0x00000071029B8190,_ZN6NuCore18m_applicationStateE
0x00000071029B8198,_ZN6NuCore20m_constStringManagerE
0x00000071029B81A0,_ZN6NuCore15m_threadManagerE
0x00000071029B81A8,_ZN6NuCore14m_fixupManagerE
0x00000071029B81B0,_ZN6NuCore14m_inputManagerE
0x00000071029B81B8,_ZN6NuCore8m_bgprocE
0x00000071029B81C0,_ZN6NuCore14m_eventHandlerE
0x00000071029B81C8,_ZN6NuCore15m_localeManagerE
0x00000071029B81D0,_ZN6NuCore17m_applicationNameE
0x00000071029B8210,_ZN6NuCore11frame_countE
0x00000071029B8214,_ZN6NuCore17m_runningTDDSuiteE
0x00000071029B8215,_ZN6NuCore9dv_activeE
0x00000071029B8216,g_nuErrorInstanceID
0x00000071029B8228,g_eventLogLog
0x00000071029B8230,_ZN19BgProcDispatchEvent22mUsePendingSubscribersE
0x00000071029B8238,blankData
0x00000071029B8248,_ZN5Event11m_EventNoneE
0x00000071029B8270,_ZN14IEventListener20mSubscribedEventPoolE
0x00000071029B8278,_ZN15EventSubscriber21mSubscriberMemoryPoolE
0x00000071029B8280,g_CurrentSubscriber
0x00000071029B8288,g_PrevSubscriber
0x00000071029B8290,g_CurrentSubscriptionList
0x00000071029B8298,g_MultiCurrentSubscriber
0x00000071029B82A0,g_MultiCurrentSubscriptionList
0x00000071029B82A8,_ZN8NuColour5WhiteE
0x00000071029B82AC,_ZN8NuColour5BlackE
0x00000071029B82B0,_ZN8NuColour4GreyE
0x00000071029B82B4,_ZN8NuColour3RedE
0x00000071029B82B8,_ZN8NuColour5GreenE
0x00000071029B82BC,_ZN8NuColour4BlueE
0x00000071029B82C0,_ZN8NuColour6YellowE
0x00000071029B82C4,_ZN8NuColour6PurpleE
0x00000071029B82C8,_ZN8NuColour4CyanE
0x00000071029B82CC,_ZN8NuColour6OrangeE
0x00000071029B82D0,_ZN8NuColour8LightRedE
0x00000071029B82D4,_ZN8NuColour10LightGreenE
0x00000071029B82D8,_ZN8NuColour9LightBlueE
0x00000071029B8360,_ZN7NuError13m_initialisedE
0x00000071029B8361,_ZN7NuError11m_insideLogE
0x00000071029B8362,_ZN7NuError25m_autoSkipSkippableErrorsE
0x00000071029B8363,_ZN7NuError23m_reportSkippableErrorsE
0x00000071029B8364,_ZN7NuError12m_silentExitE
0x00000071029B8368,_ZN7NuError20m_errorHandlerLockedE
0x00000071029B8370,_ZN7NuError14m_errorHandlerE
0x00000071029B8378,_ZN7NuError17m_debugMsgHandlerE
0x00000071029B8380,_ZN7NuError14m_crashHandlerE
0x00000071029B8388,_ZN7NuError18m_crashDumpHandlerE
0x00000071029B8390,_ZN7NuError16m_debugMsgFilterE
0x00000071029B83B0,g_formattedMsgA
0x00000071029B83B8,g_formattedMsgB
0x00000071029B83C0,g_formattedMsgC
0x00000071029B83C8,g_formattedMsgD
0x00000071029B83D0,NuUniqueObject_ReferenceErrorHandlerPtr
0x00000071029B83D8,theSaveCore
0x00000071029B83E0,_ZN10NuSaveCore20s_ThreadCommandQueueE
0x00000071029B84A8,_ZN10NuSaveCore7m_ErrorE
0x00000071029B84B0,_ZN10NuSaveCore21s_OptionsSlotFileTypeE
0x00000071029B84B8,_ZN10NuSaveCore16m_FatalSaveErrorE
0x00000071029B84B9,s_SaveThreadProcessing
0x00000071029B84BA,s_SaveThreadWriting
0x00000071029B84C0,_ZN10NuSaveCore11m_FileTypesE
0x00000071029B84D0,_ZN10NuSaveCore22m_SaveSlotChangedEventE
0x00000071029B84F8,_ZN10NuSaveCore34m_SaveCoreFinishedSerialisingEventE
0x00000071029B8520,_ZN10NuSaveCore17m_EnumeratedEventE
0x00000071029B8548,_ZN10NuSaveCore22m_EnumeratedFilesEventE
0x00000071029B8570,_ZN10NuSaveCore25m_CustomReadFinishedEventE
0x00000071029B8698,_ZN10NuSaveCore37m_InvokedSystemUI_NotEnoughSpaceEventE
0x00000071029B86C0,_ZN10NuSaveCore27m_CurrentDeviceChangedEventE
0x00000071029B86E8,_ZN10NuSaveCore30m_DeviceSelectorDismissedEventE
0x00000071029B8710,_ZN10NuSaveCore24m_IsSaveIconVisibleEventE
0x00000071029C2000,g_MessageThreadStack
0x00000071029C6000,NNX_PowerDownCounter
0x00000071029C6008,_ZN15NuInputDevicePS30m_controllerSignInChangedEventE
0x00000071029C6030,_ZN15NuInputDevicePS14m_npadUserDataE
0x00000071029C6CA0,g_CrashDumpEnabled
0x00000071029C6DA1,g_LLOTR_CodeCullWasHit
0x00000071029C6DA2,g_LLOTR_CodeCullHasTriggeredPause
0x00000071029C6DA4,_ZN19NuRenderThreadSetup11UserDisplayE
0x00000071029C6DA8,_ZN19NuRenderThreadSetup21UserDisplayBlackLevelE
0x00000071029C6DAC,_ZN19NuRenderThreadSetup11FreezeFrameE
0x00000071029C6DAD,DisableAni3Cache
0x00000071029C6DAE,_ZN19NuRenderThreadSetup12AllowPrePassE
0x00000071029C6DAF,_ZN19NuRenderThreadSetup17MotionBlurSceneryE
0x00000071029C6DB0,_ZN19NuRenderThreadSetup17DrawBoundsVisibleE
0x00000071029C6DB1,_ZN19NuRenderThreadSetup17DrawBoundsClippedE
0x00000071029C6DC0,nuapi
0x00000071029C8590,nuapi_target_manager_mac_address
0x00000071029C8598,gdv_debugTexGfxMemClear
0x00000071029C859C,gdv_debugTexGfxMemStart
0x00000071029C85A0,gdv_debugTexGfxMemSize
0x00000071029C85A4,gdv_debugTexGfxMemEnd
0x00000071029C85C0,_ZN5NuApi19HardwareInitialisedE
0x00000071029C85E8,_ZN5NuApi22IsGameInteractiveEventE
0x00000071029C8610,_ZN5NuApi11sPauseEventE
0x00000071029C8638,_ZN5NuApi13sUnpauseEventE
0x00000071029C8660,_ZN5NuApi18AspectRatioChangedE
0x00000071029C8688,wii_NuCounters_DisplayCounters
0x00000071029C8690,g_DeviceContainer
0x00000071029C8698,g_Device_NN
0x00000071029C86A0,g_GPUMemoryPool
0x00000071029C86A8,g_gpuBuffPointer
0x00000071029C86B0,g_nnMemoryPool
0x00000071029C87D0,nufile
0x00000071029C8818,g_nufile_initialised
0x00000071029C881C,LowResFileTypeMask
0x00000071029C8820,DontDoFileUpperCaseHack
0x00000071029C8824,NuFile_SwapEndianOnWrite
0x00000071029C8828,NuFile_SwapEndianOnRead
0x00000071029C882C,nufile_lasterror
0x00000071029C8898,_ZN6NuFile13sm_MemoryPoolE
0x00000071029C88A0,_ZN6NuFile8sm_FilesE
0x00000071029C8AA0,_ZN6NuFile14sm_InitialisedE
0x00000071029C8AA8,_ZN6NuFile18sm_CriticalSectionE
0x00000071029C8AC8,_ZN6NuFile12sm_HndlCountE
0x00000071029C8AF0,_ZN9NuFileDat13m_LastOpenPosE
0x00000071029C8AF8,_ZN9NuFileDat12m_NextOpenIDE
0x00000071029C8AFC,log_charcache_hack
0x00000071029C8B00,_ZN12NuFileDevice10sm_DevicesE
0x00000071029C8B80,_ZN12NuFileDevice13sm_NumDevicesE
0x00000071029C8B88,_ZN12NuFileDevice16sm_DefaultDeviceE
0x00000071029C8B90,_ZN12NuFileDevice13sm_HostDeviceE
0x00000071029C8B98,_ZN12NuFileDevice18sm_CriticalSectionE
0x00000071029C8BB8,_ZN12NuFileDevice19sm_DirectoryHandlesE
0x00000071029C8CB8,_ZN12NuFileDevice8sm_RulesE
0x00000071029C8FB8,_ZN12NuFileDevice11sm_NumRulesE
0x00000071029C8FBC,this_platform
0x00000071029C8FC0,this_platformClass
0x00000071029C8FC4,nu_platform_name
0x00000071029C98E8,_ZN13NUPAKFILEHNDL12EmptyPakFileE
0x00000071029C98F0,_ZN16NuFileStreamBase19m_ThreadCacheFnPtrsE
0x00000071029C9910,_ZN16NuFileStreamBase10m_IdleSemaE
0x00000071029C9930,_ZN16NuFileStreamBase11m_ReadySemaE
0x00000071029C9950,_ZN16NuFileStreamBase28m_ThreadCacheCriticalSectionE
0x00000071029C9970,hack_no_fmv_for_1_frame
0x00000071029C9974,_ZN14NuTMClientSock11m_CommErrorE
0x00000071029C9978,_ZN14NuFileDeviceTM9sm_ServerE
0x00000071029C9980,_ZN14NuFileDeviceTM8sm_CacheE
0x00000071029C9984,_ZN8NuFileTM16sm_ClosesPendingE
0x00000071029C99C4,_ZN8NuFileTM19sm_NumClosesPendingE
0x00000071029C99C8,_ZN8NuFileTM21sm_ClosesPendingTimerE
0x00000071029C99CC,g_TMScreenshotFilename
0x00000071029C9ACC,g_TMWaitingForScreenshot
0x00000071029C9AD0,_ZN16NuFileTMArtifact14sArtifactEventE
0x00000071029C9B10,fnInterpreterError
0x00000071029D06F0,g_readMutex
0x00000071029D0710,g_NNXFSDiscLastReadThread
0x00000071029D08F0,_ZN13NuAnimManager7m_banksE
0x00000071029D19D0,_ZN13NuAnimManager17m_criticalSectionE
0x00000071029D19F0,_ZN13NuAnimManager11m_debugModeE
0x00000071029D19F1,ISEXPORTER
0x00000071029D19F4,NameTableOffset
0x00000071029D19F8,RootCharacterOffset
0x00000071029D19FC,TotalNumChars
0x00000071029D1A00,Ani4BaseAddr
0x00000071029D1A08,Ani4BaseAddrOld
0x00000071029D1A10,ANi4KillBSAnims
0x00000071029D1A18,TransOutPtr
0x00000071029D1A20,SerializerStage
0x00000071029D1AC0,_ZN8NuSocket10m_refCountE
0x00000071029D1AC4,_ZN8NuSocket13m_socketCountE
0x00000071029D1AC8,_ZN8NuSocket15m_isInitialisedE
0x00000071029D1ACC,g_numRenderObjects
0x00000071029D1AD0,ForcePlayEndFrame
0x00000071029D1AD1,ForceEulerToQuat
0x00000071029D1AD4,MaxAnimJoints
0x00000071029D1AD8,AnimBuffEvalCB
0x00000071029D1AE0,AnimBuffEvalData
0x00000071029D1AE8,AnimBuffEvalJoint
0x00000071029D1AF0,globalbuffer
0x00000071029D1AF8,JointProcAnimFn
0x00000071029D1B00,NumQuatPushes
0x00000071029D1B04,QuatPushes
0x00000071029D2708,BitCountTable
0x00000071029D280C,cafeanimlist
0x00000071029D2810,NumSwapped
0x00000071029D2814,g_rotateCamera
0x00000071029D2828,gdv_BreakOnMaterial
0x00000071029D2830,display_list_buffer
0x00000071029D2838,display_list_buffer_end
0x00000071029D2840,g_NULLDebrisVertexLights
0x00000071029D2AD8,g_NULLDebrisVertexSpotLightMatrices
0x00000071029D2D70,g_debugColourGSC
0x00000071029D2D88,g_debugColours
0x00000071029D2DB8,g_debugColoursRed
0x00000071029D36E8,ResetTextureOverrides_mapSize
0x00000071029D36F0,ResetTextureOverrides_mtlArray
0x00000071029D3730,ResetTextureOverrides_OldSpecialIDs
0x00000071029D3750,maps
0x00000071029D37F0,uvmaps
0x00000071029D3B10,TidArray
0x00000071029D3D90,g_half
0x00000071029D3D94,g_ResetSceneEnvMapSampler
0x00000071029D3D95,g_ForceDefaultCubeMap
0x00000071029D3D98,g_LastLightState
0x00000071029D3DA0,_ZZN18NuRenderContextGen8SetKTintEbfffffP9NUCOLOUR4E8untinted
0x00000071029D3DB0,_ZGVZN18NuRenderContextGen8SetKTintEbfffffP9NUCOLOUR4E8untinted
0x00000071029D3DC0,g_currentUnit
0x0000007102AD3DD4,THIS_IS_BAD
0x0000007102AD3DD8,nugfxmem_lock_earlyout
0x0000007102AD3DE0,nugfxmem_lock_lastBlock
0x0000007102AD3DE8,CutSceneBoundingBoxTrackRoot
0x0000007102AD3DE9,CutSceneBoundingBoxJoint
0x0000007102AD3DEA,CutSceneBoundingBoxTrackRootTmp
0x0000007102AD3DEB,RenderBoundingBoxs
0x0000007102AD3DEC,GlobalDWALayerIndex
0x0000007102ADFE30,_ZN16NuImpostorSystem19m_theImpostorSystemE
0x0000007102ADFE38,_ZN16NuImpostorSystem14m_impostorListE
0x0000007102ADFE50,_ZN16NuImpostorSystem6m_initE
0x0000007102ADFE54,_ZN16NuImpostorSystem28m_impostorsRenderedThisFrameE
0x0000007102ADFE58,_ZN16NuImpostorSystem13m_impostorTexE
0x0000007102ADFE60,_ZN16NuImpostorSystem13m_resizeWidthE
0x0000007102ADFE64,_ZN16NuImpostorSystem14m_resizeHeightE
0x0000007102ADFE68,_ZN16NuImpostorSystem16m_impostorTexTidE
0x0000007102ADFE70,_ZN16NuImpostorSystem15m_impostorMtl2DE
0x0000007102ADFE78,_ZN16NuImpostorSystem15m_impostorMtl3DE
0x0000007102ADFE80,_ZN16NuImpostorSystem12impostorPoolE
0x0000007102AE11A0,_ZN16NuImpostorSystem19m_GameImposterLodFnE
0x0000007102AE11A8,_ZN16NuImpostorSystem23m_CutSceneImposterLodFnE
0x0000007102AE11C0,g_brokenLightState
0x0000007102AE13C0,LastOutputtedFrameTime
0x0000007102AE13C4,TGAFrameStep
0x0000007102AE1508,numtl_defaultmtl2d
0x0000007102AE1510,numtl_defaultmtl3d
0x0000007102AE1518,numtl_defaultmtl3d_tex
0x0000007102AE1520,numtl_defaultmtl3d_alpha
0x0000007102AE1528,numtl_defaultmtl2d_alpha
0x0000007102AE1530,numtl_defaultmtl2d_alpha_nozupd
0x0000007102AE1538,numtl_defaulttexturemtl2d
0x0000007102AE1540,numtl_defaultmtl2d_earlyz
0x0000007102AE1548,numtl_defaultmtl3d_earlyz
0x0000007102AE1550,numtl_defaultmtl3d_stencilMask2d_solid
0x0000007102AE1558,numtl_defaultmtl3d_stencilMask2d_alpha
0x0000007102AE1560,numtl_defaultmtl3d_stencilMask3d
0x0000007102AE15A0,g_OcclusionManager
0x0000007102AE1710,_ZN11OccluderSet14ms_pZOnlyMtl3DE
0x0000007102AE1718,_ZN11OccluderSet14ms_pZOnlyMtl2DE
0x0000007102AE1720,_ZN11OccluderSet14ms_pAlphaMtl2DE
0x0000007102AE1728,_ZN11OccluderSet14ms_pAlphaMtl3DE
0x0000007102AE1758,draw_portals
0x0000007102AE175C,local_inv_view_mtx
0x0000007102AE179C,near_clip_plane
0x0000007102AE17AC,world_campos
0x0000007102AE17B8,camera_roomid
0x0000007102AE17BC,cam_plane
0x0000007102AE17D0,nfrustra
0x0000007102AE17D8,frustra
0x0000007102AE17E0,rooms_visited
0x0000007102AE1804,PortalVisiFlags
0x0000007102AE3AE8,bad_portal_data_error_shown
0x0000007102AE3AEC,g_lockPortals
0x0000007102AE3AF0,_ZN22NuPostEffectController23ExposureControlDebugVisE
0x0000007102AE3AF4,_ZN22NuPostEffectController24ExposureControlDebugInfoE
0x0000007102AE3AF8,_ZN22NuPostEffectController16ExposureOverrideE
0x0000007102AE3AFC,debug_curve_as_lines
0x0000007102AE3B30,NuRndrBlobShadowCount
0x0000007102AE3B38,NuRndrBlobShadows
0x0000007102AE3B40,s_pvsCameraPos
0x0000007102AE3B4C,s_pvsDebugPos
0x0000007102AE3B70,qfnt_offscale_x
0x0000007102AE3B74,qfnt_offscale_y
0x0000007102AE3B78,nuqfnt_space_width
0x0000007102AE3B80,system_qfont
0x0000007102AE3B88,system_qfont_tid
0x0000007102AE3B90,NuQFntCSMode
0x0000007102AE3B94,NuQFntMode
0x0000007102AE3B98,NuFntHeight
0x0000007102AE3B9C,NuFntBase
0x0000007102AE3CF0,_ZN12NuGrassPatch13ms_keyCounterE
0x0000007102AE3CF8,_ZN12NuGrassPatch16ms_SmallWhiteTexE
0x0000007102AE3E20,_ZN12NuRenderPipe19kCurrentlyRenderingE
0x0000007102AE3E28,g_AllPipes
0x0000007102AE3E60,_ZN12NuRenderPipe13m_RenderPipesE
0x0000007102AE3EE8,_ZN12NuRenderPipe18m_activeRenderPipeE
0x0000007102AE3EF0,_ZN12NuRenderPipe23m_pLastDrawnMaterialNoZE
0x0000007102AE3EF8,_ZN12NuRenderPipe15m_numCamerasSetE
0x0000007102AE3EFC,_ZN12NuRenderPipe19m_numLastCamerasSetE
0x0000007102AE3F00,_ZN12NuRenderPipe23m_portalResultsCombinedE
0x0000007102AE4360,_ZN12NuRenderPipe27m_lastPortalResultsCombinedE
0x0000007102AE4870,sceneParameters
0x0000007102AE4930,currentScene
0x0000007102AE4934,sceneParametersCount
0x0000007102AE4938,nurndr_forced_mtl
0x0000007102AE4940,nurndr_forced_mtl_table
0x0000007102AE4948,nurndr_nforced_mtls
0x0000007102AE494C,nurndr_motion_blur_enabled
0x0000007102AE494D,nurndr_motion_blur_render_suppressed
0x0000007102AE4950,nurndr_motion_blur_invAdjustmentMtx
0x0000007102AE4990,global_frame_count
0x0000007102AE4994,global_frame_count_paused
0x0000007102AE4998,global_GobjIsReflectedGeometry
0x0000007102AE499C,global_GobjWasDrawnUnreflected
0x0000007102AE49A0,nurndr_current_blend_data_set
0x0000007102AE49A8,nurndr_current_blend_data
0x0000007102AE4A08,nurndr_current_blend_rgba_flag
0x0000007102AE4A80,g_renderState
0x0000007102AE4E20,g_removeAllTIDOverrides
0x0000007102AE4E28,g_removeAllUVOverrides
0x0000007102AE4E30,g_removeAllKonst
0x0000007102AE4E38,g_removeFastBlendPacket
0x0000007102AE4E40,g_defaultPerPixelFadePacket
0x0000007102AE4E48,g_allAlphaLightsPacket
0x0000007102AE4E74,g_setLightStateWhenHashesMatch
0x0000007102AE4E75,gNuSpecialLayers
0x0000007102AE4E88,nuspecial_const_alpha_mode
0x0000007102AE4E8C,nuspecial_const_tint_mode
0x0000007102AE4E90,nuspecial_vertex_controlled_tints
0x0000007102AE4E98,nuspecial_reflection
0x0000007102AE4EA0,nuspecial_currentcharinst_id
0x0000007102AE4EA8,nuspecial_currentcharinst_cachedJoints
0x0000007102AE4EAC,use_expanded_renderstream_buffers
0x0000007102AE4EB0,gfxmem_rndrstream
0x0000007102AE4EB8,rndrstream
0x0000007102AE4EC8,rndrstream_size
0x0000007102AE4ED0,rndrstream_free
0x0000007102AE4ED8,rndrstream_end
0x0000007102AE4EE0,rndrstream_last_used
0x0000007102AE4EE4,rndrstream_max_used
0x0000007102AE4EE8,gdv_rndrstream_last_used
0x0000007102AE4EEC,gdv_rndrstream_max_used
0x0000007102AE4EF0,TextureLockFrameTimes
0x0000007102AE4EF4,TextureFrameTime
0x0000007102AE4F60,FirstTexAnimScene
0x0000007102AE4F68,g_globalTexAnimTime
0x0000007102AE4F6C,g_globalTexAnimTimeNoBlur
0x0000007102AE4F78,g_numShrinksConsidered
0x0000007102AE4F7C,g_numShrinksActioned
0x0000007102AE5088,VisiSysCameraLock
0x0000007102AE55A0,g_stateBlockManager
0x0000007102AE5DA0,g_bgProcDebugDraw
0x0000007102AE63B8,_ZN19NuDeferredFilterGen15ms_CurrentLightE
0x0000007102AE63C0,_ZN19NuDeferredFilterGen20ms_CurrentLightGroupE
0x0000007102AE63C8,_ZN19NuDeferredFilterGen16ms_LightOnly_DirE
0x0000007102AE63E0,_ZN19NuDeferredFilterGen18ms_LightOnly_PointE
0x0000007102AE63F8,_ZN19NuDeferredFilterGen17ms_LightOnly_SpotE
0x0000007102AE6410,_ZN19NuDeferredFilterGen20ms_LightOnly_SpotTIDE
0x0000007102AE6428,_ZN19NuDeferredFilterGen26ms_ShadowOnly_Dir_ParallelE
0x0000007102AE6440,_ZN19NuDeferredFilterGen25ms_ShadowOnly_Dir_CascadeE
0x0000007102AE6458,_ZN19NuDeferredFilterGen22ms_ShadowOnly_Dir_GridE
0x0000007102AE6470,_ZN19NuDeferredFilterGen19ms_ShadowOnly_PointE
0x0000007102AE6488,_ZN19NuDeferredFilterGen23ms_ShadowOnly_PointDownE
0x0000007102AE64A0,_ZN19NuDeferredFilterGen18ms_ShadowOnly_SpotE
0x0000007102AE64B8,_ZN19NuDeferredFilterGen21ms_ShadowOnly_SpotTIDE
0x0000007102AE64D0,_ZN19NuDeferredFilterGen24ms_Combined_Dir_ParallelE
0x0000007102AE6500,_ZN19NuDeferredFilterGen23ms_Combined_Dir_CascadeE
0x0000007102AE6530,_ZN19NuDeferredFilterGen20ms_Combined_Dir_GridE
0x0000007102AE6560,_ZN19NuDeferredFilterGen17ms_Combined_PointE
0x0000007102AE6590,_ZN19NuDeferredFilterGen21ms_Combined_PointDownE
0x0000007102AE65C0,_ZN19NuDeferredFilterGen16ms_Combined_SpotE
0x0000007102AE65F0,_ZN19NuDeferredFilterGen19ms_Combined_SpotTIDE
0x0000007102AE6620,_ZN19NuDeferredFilterGen9ms_LitFogE
0x0000007102AE6628,_ZN19NuDeferredFilterGen15ms_Stencil_SpotE
0x0000007102AE6630,_ZN19NuDeferredFilterGen21ms_Debug_Dir_ParallelE
0x0000007102AE6638,_ZN19NuDeferredFilterGen20ms_Debug_Dir_CascadeE
0x0000007102AE6640,_ZN19NuDeferredFilterGen17ms_Debug_Dir_GridE
0x0000007102AE6648,_ZN19NuDeferredFilterGen31ms_CompositeLuminanceMapProgramE
0x0000007102AE6650,_ZN19NuDeferredFilterGen40ms_AccumulateLightingContributionProgramE
0x0000007102AE6658,_ZN19NuDeferredFilterGen21ms_SSAOPrePassProgramE
0x0000007102AE6660,_ZN19NuDeferredFilterGen14ms_SSAOProgramE
0x0000007102AE6668,_ZN19NuDeferredFilterGen18ms_SSAOBlurProgramE
0x0000007102AE66A8,_ZN19NuDeferredFilterGen27ms_bilateralUpSampleProgramE
0x0000007102AE66B0,_ZN19NuDeferredFilterGen20ms_BlobShadowProgramE
0x0000007102AE66B8,_ZN19NuDeferredFilterGen27ms_VehicleBlobShadowProgramE
0x0000007102AE66C0,_ZN19NuDeferredFilterGen31ms_DownsampleDepthMinMaxProgramE
0x0000007102AE66C8,_ZN19NuDeferredFilterGen40ms_DownsampleDepthMinMaxLinearizeProgramE
0x0000007102AE66D0,_ZN19NuDeferredFilterGen32ms_ScreenSpaceReflectionsProgramE
0x0000007102AE66D8,_ZN19NuDeferredFilterGen39ms_ScreenSpaceReflectionsStencilProgramE
0x0000007102AE66E0,_ZN19NuDeferredFilterGen44ms_ScreenSpaceReflectionsHalfResBlendProgramE
0x0000007102AE66E8,_ZN19NuDeferredFilterGen23ms_rainDropUnlitProgramE
0x0000007102AE6740,_ZN19NuDeferredFilterGen26ms_rainDropBasePassProgramE
0x0000007102AE6798,_ZN19NuDeferredFilterGen23ms_rainDrop_Dir_ProgramE
0x0000007102AE68F8,_ZN19NuDeferredFilterGen25ms_rainDrop_Point_ProgramE
0x0000007102AE6A00,_ZN19NuDeferredFilterGen24ms_rainDrop_Spot_ProgramE
0x0000007102AE6B60,_ZN19NuDeferredFilterGen18ms_rainQuadProgramE
0x0000007102AE6B68,_ZN19NuDeferredFilterGen25ms_rainSplashUnlitProgramE
0x0000007102AE6B70,_ZN19NuDeferredFilterGen31ms_rainSplashDeferredLitProgramE
0x0000007102AE6B78,_ZN19NuDeferredFilterGen20ms_edgeHiliteProgramE
0x0000007102AE6B80,_ZN19NuDeferredFilterGen25ms_edgeHiliteHiresProgramE
0x0000007102AE6B88,_ZN19NuDeferredFilterGen29ms_edgeHiliteCompositeProgramE
0x0000007102AE6B90,_ZN19NuDeferredFilterGen34ms_edgeHiliteCompositeHiresProgramE
0x0000007102AE6B98,_ZN19NuDeferredFilterGen38ms_edgeHiliteCompositeHiresBlurProgramE
0x0000007102AE6BA0,_ZN19NuDeferredFilterGen26ms_DoTTAnimationShadowPassE
0x0000007102AE6BA1,g_DoFullShadowMapClear
0x0000007102AE6BA2,g_done360DepthRestore
0x0000007102AE6BA8,g_ShadowMap_PCFSamplerState
0x0000007102AE6BB0,g_randomRotationTex
0x0000007102AE6BB8,g_nullRandomRotationTex
0x0000007102AE6BC0,g_randomRotationSampler
0x0000007102AE6EBC,g_SceneDepthMin
0x0000007102AE6EC0,g_SceneDepthMax
0x0000007102AE6EC4,g_SceneDepthHistogram
0x0000007102AEAEC4,g_SceneDepthSampleCount
0x0000007102AEAEC8,g_SceneDepthSamples
0x0000007102AEAED0,g_BatmanMovieSSRAlphaBlend
0x0000007102AEAED1,g_BatmanMovieSSRForwardCubemaps
0x0000007102B336B0,g_ShadowProjectionMethod
0x0000007102B336B4,g_NuSpecialShadowClipOverrides
0x0000007102B358B4,g_NuSpecialHaveShadowClipOverrides
0x0000007102B358C8,_ZN18NuDynamicLightDesc27ms_ShallowShadowLightFactorE
0x0000007102B358CC,_ZN18NuDynamicLightDesc28shadowsFromSelectedLightOnlyE
0x0000007102B358D8,gdv_bloomMipWeight0
0x0000007102B358DC,gdv_bloomMipWeight1
0x0000007102B358E0,gdv_bloomMipWeight7
0x0000007102B358E4,gdv_toneMapAmount
0x0000007102B358E8,gdv_antiAliasDebug
0x0000007102B358EC,gdv_antiAliasDepth
0x0000007102B358F0,gdv_dofParamsFocalPlane
0x0000007102B358F4,gdv_dofParamsFocalLength
0x0000007102B358F8,gdv_dofParamsFocalWidth
0x0000007102B35900,_ZN15NuMainFilterGen17dofBokehLQProgramE
0x0000007102B35908,_ZN15NuMainFilterGen20dofBokehLQfarProgramE
0x0000007102B35910,_ZN15NuMainFilterGen17dofBokehMQProgramE
0x0000007102B35918,_ZN15NuMainFilterGen20dofBokehMQfarProgramE
0x0000007102B35920,_ZN15NuMainFilterGen17dofBokehHQProgramE
0x0000007102B35928,_ZN15NuMainFilterGen20dofBokehHQfarProgramE
0x0000007102B35930,_ZN15NuMainFilterGen17dofBokehSQProgramE
0x0000007102B35938,_ZN15NuMainFilterGen20dofBokehSQfarProgramE
0x0000007102B35940,_ZN15NuMainFilterGen17blur5x5dofProgramE
0x0000007102B35948,_ZN15NuMainFilterGen16antiAliasProgramE
0x0000007102B35978,_ZN15NuMainFilterGen22antiAliasAbsDofProgramE
0x0000007102B35980,_ZN15NuMainFilterGen20thresholdPassProgramE
0x0000007102B35988,_ZN15NuMainFilterGen26circleColourProcessProgramE
0x0000007102B35990,_ZN15NuMainFilterGen15uberBlurProgramE
0x0000007102B35998,_ZN15NuMainFilterGen23wiiFogSimulationProgramE
0x0000007102B359A0,_ZN15NuMainFilterGen17mainFilterProgramE
0x0000007102B35B20,_ZN15NuMainFilterGen8RingData16m_ringEffectMaskE
0x0000007102B35B28,_ZN15NuMainFilterGen8RingData17m_ringEffectLayerE
0x0000007102B35B30,_ZN15NuMainFilterGen8RingData19m_ringEffectRefractE
0x0000007102B35B38,m_SamplerState3DPointClamp
0x0000007102B35C50,mainFilter
0x0000007102B35C58,deferredFilter
0x0000007102B35D00,_ZN15NuPostFilterGen17copyTexProgram_pzE
0x0000007102B35D08,_ZN15NuPostFilterGen17copyTexProgram_nzE
0x0000007102B35D10,_ZN15NuPostFilterGen17copyTexProgram_pyE
0x0000007102B35D18,_ZN15NuPostFilterGen17copyTexProgram_nyE
0x0000007102B35D20,_ZN15NuPostFilterGen17copyTexProgram_pxE
0x0000007102B35D28,_ZN15NuPostFilterGen17copyTexProgram_nxE
0x0000007102B35D30,_ZN15NuPostFilterGen14copyTexProgramE
0x0000007102B35D38,_ZN15NuPostFilterGen27copyTexDX11AlphaTestProgramE
0x0000007102B35D40,_ZN15NuPostFilterGen17copyTexLodProgramE
0x0000007102B35D48,_ZN15NuPostFilterGen19copyTexBlendProgramE
0x0000007102B35D50,_ZN15NuPostFilterGen23copyTexZeroAlphaProgramE
0x0000007102B35D58,_ZN15NuPostFilterGen18copyTexGreyProgramE
0x0000007102B35D60,_ZN15NuPostFilterGen23copyTexScaleBiasProgramE
0x0000007102B35D68,_ZN15NuPostFilterGen25copyTexLinearDepthProgramE
0x0000007102B35D70,_ZN15NuPostFilterGen32copyTexBrightnessContrastProgramE
0x0000007102B35D78,_ZN15NuPostFilterGen28copyTexColorFastDepthProgramE
0x0000007102B35D80,_ZN15NuPostFilterGen23copyTexFastDepthProgramE
0x0000007102B35D88,_ZN15NuPostFilterGen21copyTexFastHiZProgramE
0x0000007102B35D90,_ZN15NuPostFilterGen19copyTexDepthProgramE
0x0000007102B35D98,_ZN15NuPostFilterGen18copyTexMip2ProgramE
0x0000007102B35DA0,_ZN15NuPostFilterGen18copyTexMip3ProgramE
0x0000007102B35DA8,_ZN15NuPostFilterGen18copyTexMip4ProgramE
0x0000007102B35DB0,_ZN15NuPostFilterGen14blur5x5ProgramE
0x0000007102B35DB8,_ZN15NuPostFilterGen14blur7x7ProgramE
0x0000007102B35DC0,_ZN15NuPostFilterGen12blur1ProgramE
0x0000007102B35DC8,_ZN15NuPostFilterGen12blur2ProgramE
0x0000007102B35DD0,_ZN15NuPostFilterGen12blur3ProgramE
0x0000007102B35DD8,_ZN15NuPostFilterGen12blur4ProgramE
0x0000007102B35DE0,_ZN15NuPostFilterGen12blur5ProgramE
0x0000007102B35DE8,_ZN15NuPostFilterGen15blur5DoFProgramE
0x0000007102B35DF0,_ZN15NuPostFilterGen17blur5DoFHQProgramE
0x0000007102B35DF8,_ZN15NuPostFilterGen20blur5DoFHQFarProgramE
0x0000007102B35E00,_ZN15NuPostFilterGen12blur7ProgramE
0x0000007102B35E08,_ZN15NuPostFilterGen12blur9ProgramE
0x0000007102B35E10,_ZN15NuPostFilterGen15blur1hdrProgramE
0x0000007102B35E18,_ZN15NuPostFilterGen15blur2hdrProgramE
0x0000007102B35E20,_ZN15NuPostFilterGen15blur4hdrProgramE
0x0000007102B35E28,_ZN15NuPostFilterGen16blurGuardProgramE
0x0000007102B35E30,_ZN15NuPostFilterGen19godRaysDepthProgramE
0x0000007102B35E38,_ZN15NuPostFilterGen18blurGodRaysProgramE
0x0000007102B35E40,_ZN15NuPostFilterGen16default3dProgramE
0x0000007102B35E48,_ZN15NuPostFilterGen23default3dProgram_nullPxE
0x0000007102B35E50,_ZN15NuPostFilterGen19defaultColorProgramE
0x0000007102B35E58,_ZN15NuPostFilterGen26defaultColorCustomZProgramE
0x0000007102B35E60,_ZN15NuPostFilterGen11testProgramE
0x0000007102B35E68,_ZN15NuPostFilterGen21stereoAnaglyphProgramE
0x0000007102B35E70,_ZN15NuPostFilterGen26oculusBarrelDistortProgramE
0x0000007102B35E78,_ZN15NuPostFilterGen19decodeLogLuvProgramE
0x0000007102B35E80,_ZN15NuPostFilterGen28gBufferNormalEncodingProgramE
0x0000007102B35E88,_ZN15NuPostFilterGen28gBufferNormalDecodingProgramE
0x0000007102B35E90,_ZN15NuPostFilterGen17visCubemapProgramE
0x0000007102B35E98,_ZN15NuPostFilterGen19visVolumeTexProgramE
0x0000007102B35EA0,_ZN15NuPostFilterGen15normalEncodeTexE
0x0000007102B35EA8,_ZN15NuPostFilterGen7workTexE
0x0000007102B35EB0,_ZN15NuPostFilterGen10m_quadMeshE
0x0000007102B35EB8,_ZN15NuPostFilterGen10m_gridMeshE
0x0000007102B35EC0,_ZN15NuPostFilterGen9m_boxMeshE
0x0000007102B35EC8,_ZN15NuPostFilterGen12m_sphereMeshE
0x0000007102B35ED0,_ZN15NuPostFilterGen10m_coneMeshE
0x0000007102B35ED8,_ZN15NuPostFilterGen16m_seededGridMeshE
0x0000007102B35EE0,_ZN15NuPostFilterGen10m_rainMeshE
0x0000007102B35EE8,_ZN15NuPostFilterGen16m_cubemapVisMeshE
0x0000007102B35EF0,_ZN15NuPostFilterGen15m_HaveZPassMeshE
0x0000007102B35EF4,_ZN15NuPostFilterGen23m_CurrentZPassMeshIndexE
0x0000007102B35EF8,_ZN15NuPostFilterGen11m_ZPassMeshE
0x0000007102B35F28,_ZN15NuPostFilterGen16m_ZPassSmallMeshE
0x0000007102B35F58,_ZN15NuPostFilterGen21m_ZPassSmallPixelAreaE
0x0000007102B35F5C,_ZN15NuPostFilterGen11m_ZPassRectE
0x0000007102B35F6C,_ZN15NuPostFilterGen15m_HaveZCullMeshE
0x0000007102B35F70,_ZN15NuPostFilterGen23m_CurrentZCullMeshIndexE
0x0000007102B35F78,_ZN15NuPostFilterGen11m_ZCullMeshE
0x0000007102B35FA8,_ZN15NuPostFilterGen11m_ZCullRectE
0x0000007102B35FC4,g_cutsceneMotionBlurCameraExposure
0x0000007102B35FC8,g_motionBlurCameraExposure
0x0000007102B35FCC,g_clearBeforeRestoreColourBuffer
0x0000007102B35FCD,g_clearBeforeMotionBlur
0x0000007102B35FD0,g_forceColorBufferTID
0x0000007102B35FE8,g_renderContext
0x0000007102B3A410,g_CachedViewport
0x0000007102B3A660,_ZN19NuRenderTargetsBase25m_fixedAspectTargetsInUseE
0x0000007102B3A820,_ZN19NuRenderTargetsBase29m_fixedAspectTargetsAvailableE
0x0000007102B3A9E0,_ZN19NuRenderTargetsBase26m_fixedAspectTargetsQueuedE
0x0000007102B3AA18,_ZN19NuRenderTargetsBase24m_customSizeTargetsInUseE
0x0000007102B3AA50,_ZN19NuRenderTargetsBase28m_customSizeTargetsAvailableE
0x0000007102B3AA88,_ZN19NuRenderTargetsBase32m_exclusiveUsageTargetsAvailableE
0x0000007102B3AAC0,_ZN19NuRenderTargetsBase28m_exclusiveUsageTargetsInUseE
0x0000007102B3AAF8,_ZN19NuRenderTargetsBase15m_creationQueueE
0x0000007102B3AB30,_ZN19NuRenderTargetsBase17m_lastLevelChangeE
0x0000007102B3AB34,_ZN19NuRenderTargetsBase13m_screenWidthE
0x0000007102B3AB38,_ZN19NuRenderTargetsBase14m_screenHeightE
0x0000007102B3AB3C,_ZN19NuRenderTargetsBase21m_GBufferColourFormatE
0x0000007102B3AB40,_ZN19NuRenderTargetsBase21m_GBufferNormalFormatE
0x0000007102B3AB44,_ZN19NuRenderTargetsBase21m_GBufferAlbedoFormatE
0x0000007102B3AB48,_ZN19NuRenderTargetsBase14m_GBufferColorE
0x0000007102B3AB50,_ZN19NuRenderTargetsBase15m_GBufferNormalE
0x0000007102B3AB58,_ZN19NuRenderTargetsBase15m_GBufferAlbedoE
0x0000007102B3AB60,_ZN19NuRenderTargetsBase10m_HDRColorE
0x0000007102B3AB68,_ZN19NuRenderTargetsBase10m_LDRColorE
0x0000007102B3AB78,_ZN19NuRenderTargetsBase16m_GBufferColorRTE
0x0000007102B3AB80,_ZN19NuRenderTargetsBase17m_GBufferAlbedoRTE
0x0000007102B3AB88,_ZN19NuRenderTargetsBase17m_GBufferNormalRTE
0x0000007102B3AB90,_ZN19NuRenderTargetsBase12m_HDRColorRTE
0x0000007102B3AB98,_ZN19NuRenderTargetsBase12m_LDRColorRTE
0x0000007102B3ABA8,_ZN19NuRenderTargetsBase14m_RefractionRTE
0x0000007102B3ABB0,_ZN19NuRenderTargetsBase15m_RefractionHDRE
0x0000007102B3ABB8,_ZN19NuRenderTargetsBase15m_RefractionLDRE
0x0000007102B3ABC0,_ZN19NuRenderTargetsBase17m_RefractionFinalE
0x0000007102B3ABC8,_ZN19NuRenderTargetsBase13m_SplitScreenE
0x0000007102B3ABD0,_ZN19NuRenderTargetsBase15m_SplitScreenRTE
0x0000007102B3ABE4,gdv_nearFogDist
0x0000007102B3ABE8,gdv_nearFogDensity
0x0000007102B3ABEC,gdv_fogAlbedo
0x0000007102B3ABFC,_zero
0x0000007102B3AC10,g_customZ_1
0x0000007102B3AC38,g_depthBiasPS_0
0x0000007102B3AC60,_ZN14NuRenderThread11frame_countE
0x0000007102B3AC64,_ZN14NuRenderThread15last_frame_timeE
0x0000007102B3AC68,_ZN14NuRenderThread8threadIdE
0x0000007102B3AC70,_ZN14NuRenderThread16m_RenderPipeDataE
0x0000007102B64FA8,_ZN14NuRenderThread20sceneParameters_safeE
0x0000007102B65068,_ZN14NuRenderThread25sceneParametersCount_safeE
0x0000007102B6506C,_ZN14NuRenderThread7m_timesE
0x0000007102B65080,_ZN14NuRenderThread11stageParamsE
0x0000007102B65548,_ZN14NuRenderThread16finalStageParamsE
0x0000007102B65550,_ZN14NuRenderThread18m_impostorPipeSafeE
0x0000007102B65554,_ZN14NuRenderThread18m_numImpostorsSafeE
0x0000007102B65558,_ZN14NuRenderThread21m_impostorRegionsSafeE
0x0000007102B657D8,_ZN14NuRenderThread24m_activeRenderThreadPipeE
0x0000007102B657DC,_ZN14NuRenderThread21m_DiscardCurrentFrameE
0x0000007102B657DD,_ZN14NuRenderThread14m_safeIsPausedE
0x0000007102B657DE,_ZN14NuRenderThread24m_safeWasPausedLastFrameE
0x0000007102B657E0,_ZN14NuRenderThread25m_frameBufferOutputParamsE
0x0000007102B65890,_ZZN19NuDeferredFilterGen17GetShadowMapSizeFEvE5fSize
0x0000007102B65898,_ZGVZN19NuDeferredFilterGen17GetShadowMapSizeFEvE5fSize
0x0000007102B81548,g_InstanceVSIdentity
0x0000007102B81560,g_CameraVSIdentityViewProj
0x0000007102B81578,g_MiscGroup2VS_InfrequentFullScreenViewport
0x0000007102B815E0,g_ShaderBeingCompiled
0x0000007102B815E8,_ZN15NuToonFilterGen13m_toonProgramE
0x0000007102B81608,g_primContext
0x0000007102B816B0,gdv_BreakOnMaterialPrim
0x0000007102B81870,_ZN15NuRenderContext17m_blendStateCacheE
0x0000007102B819D8,_ZN15NuRenderContext18m_colourStateCacheE
0x0000007102B819E8,_ZN15NuRenderContext13m_colourStateE
0x0000007102B819F0,_ZN15NuRenderContext18m_multisampleStateE
0x0000007102B81A08,_ZN15NuRenderContext22m_rasterizerStateCacheE
0x0000007102B81A20,_ZN15NuRenderContext24m_depthStencilStateCacheE
0x0000007102B81CE0,g_isBoostModeEnabled
0x0000007102B81CE1,g_setBoostModeEnabled
0x0000007102B81CE2,g_isOperationModeConsole
0x0000007102B81CE8,g_Device
0x0000007102B81CF0,g_CommandBuffer
0x0000007102B81CF8,g_currentTextureDescriptorPool
0x0000007102B81D00,g_currentTextureDescriptorPoolSlot
0x0000007102B81D04,g_textureDescriptorBaseIndex
0x0000007102B81D08,_ZN15NuRenderTargets10m_depthTexE
0x0000007102B81D10,_ZN15NuRenderTargets12m_currentSetE
0x0000007102B81D18,_ZN15NuRenderTargets20m_currentColorTargetE
0x0000007102B81D20,_ZN15NuRenderTargets20m_currentDepthTargetE
0x0000007102B81D28,_ZN15NuRenderTargets19m_boundColorTargetsE
0x0000007102B81D40,_ZN15NuRenderTargets18m_boundDepthTargetE
0x0000007102B81D48,_ZN15NuRenderTargets12m_boundLevelE
0x0000007102B81D4C,_ZN15NuRenderTargets15m_boundCubeFaceE
0x0000007102B81D50,_ZN15NuRenderTargets20m_depthOnlyRenderingE
0x0000007102B81D58,_ZN15NuRenderTargets18m_gfxCommandBufferE
0x0000007102B81E98,_ZN15NuRenderTargets28m_commandBufferControlMemoryE
0x0000007102B81EA8,_ZN15NuRenderTargets34m_commandBufferCommandMemoryHandleE
0x0000007102B81EB0,_ZN15NuRenderTargets23m_textureDescriptorPoolE
0x0000007102B81EF0,_ZN15NuRenderTargets35m_textureDescriptorPoolMemoryHandleE
0x0000007102B81EF8,_ZN15NuRenderTargets12m_queueFenceE
0x0000007102B81F38,_ZN15NuRenderTargets27m_currentCommandBufferIndexE
0x0000007102B81F40,_ZN15NuRenderTargets10m_pDisplayE
0x0000007102B81F48,_ZN15NuRenderTargets8m_pLayerE
0x0000007102B81F50,_ZN15NuRenderTargets14m_nativeWindowE
0x0000007102B81F58,_ZN15NuRenderTargets13m_windowWidthE
0x0000007102B81F5C,_ZN15NuRenderTargets14m_windowHeightE
0x0000007102B81F60,_ZN15NuRenderTargets8m_WindowE
0x0000007102B820E0,_ZN15NuRenderTargets18m_currentSwapChainE
0x0000007102B820E4,_ZN15NuRenderTargets23m_swapChainMemoryHandleE
0x0000007102B820F0,_ZN15NuRenderTargets19m_swapChainTexturesE
0x0000007102B8411C,g_dumpNextFrame
0x0000007102B84230,g_CPUToGPUAddressOffset
0x0000007102B84238,g_NumShadersCompiled
0x0000007102B84240,g_maxFileAlignment
0x0000007102B84248,g_samplerDescriptorBaseIndex
0x0000007102B84250,_ZN16NuTextureSampler23m_samplerDescriptorPoolE
0x0000007102B84270,_ZN16NuTextureSampler35m_samplerDescriptorPoolMemoryHandleE
0x0000007102B84274,_ZN16NuTextureSampler35m_samplerDescriptorPoolLastSlotUsedE
0x0000007102B84278,_ZN16NuTextureSampler14m_poolSlotUsedE
0x0000007102B85178,_ZN16NuTextureSampler34m_samplerDescriptorPoolInitializedE
0x0000007102B85179,_ZN11NuDebugDraw6mSolidE
0x0000007102B85180,_ZN11NuDebugDraw7mNormalE
0x0000007102B85190,_ZN11NuDebugDraw15mRainbowColoursE
0x0000007102B851A0,_ZN11NuDebugDraw6mScaleE
0x0000007102B851B0,_ZN11NuDebugDraw7mColourE
0x0000007102B851B4,_ZN11NuDebugDraw11mFontColourE
0x0000007102B851B8,_ZN11NuDebugDraw16mFontHorizCentreE
0x0000007102B851B9,_ZN11NuDebugDraw11mNoLightingE
0x0000007102B851BA,_ZN11NuDebugDraw38m_allowRenderDuringProcessWithoutErrorE
0x0000007102B851BC,_ZN11NuDebugDraw34m_DisableDebugRenderForXMoreFramesE
0x0000007102B851C0,imenu_cs_DisableCharClipping
0x0000007102B851D8,NuLgtArcMtl
0x0000007102B85238,NuLgtLaserData
0x0000007102B86038,NuLgtArcLaserData
0x0000007102B86478,NuLgtLaserCnt
0x0000007102B8647C,NuLgtArcLaserOldCnt
0x0000007102B86480,NuLgtArcLaserFrame
0x0000007102B86484,NuLgtLaserOldCnt
0x0000007102B86488,NuLgtArcLaserCnt
0x0000007102B8648C,laser_meshes_this_frame
0x0000007102B86490,laser_step
0x0000007102B864A4,g_SortedExclusionBoxes
0x0000007102B865E4,g_ExclusionBoxCount
0x0000007102B86608,_ZN14NuVertexFormat12s_formatPoolE
0x0000007102B97608,_ZN14NuVertexFormat17s_criticalSectionE
0x0000007102B97628,g_maxUsedVertexFormatCount
0x0000007102B976A0,g_motionAccumAABoost
0x0000007102B97970,g_nuSpecialObjectHandleNull
0x0000007102B97978,_ZN14NuShaderParams16wiiTexAnimMatrixE
0x0000007102B97998,_ZN15NuMtlSceneBlock28s_SerializingNuMtlSceneBlockE
0x0000007102B979A0,g_nuMtlHandleNull
0x0000007102B97A08,g_nuTextureSetHandleNull
0x0000007102B97A98,g_nuSceneHandleNull
0x0000007102B97AA0,g_nuTextureHandleNull
0x0000007102B97B30,g_LightIDDebugRender
0x0000007102B97B38,g_LightParamsBlocks
0x0000007102B97B50,_ZN17NuLightDescCommon15ms_SerializeMtxE
0x0000007102B97B90,_ZN18NuLightDescNextGen34ms_SoftShadowsSpreadRatioSupportedE
0x0000007102B97B91,g_BatmanMovieAllowCustomSoftShadowParams
0x0000007102B97B92,_ZN14NuTransformMtx17m_SerializeForWiiE
0x0000007102B97B94,_ZN13NuSoundSystem14sGfxMemorySizeE
0x0000007102B97B98,_ZN13NuSoundSystem13sAllocdMemoryE
0x0000007102B97BA4,_ZN13NuSoundSystem12sTotalMemoryE
0x0000007102B97BB0,_ZN13NuSoundSystem17sPeakAllocdMemoryE
0x0000007102B97BBC,_ZN13NuSoundSystem20sDefragIntervalTimerE
0x0000007102B97BC0,_ZN13NuSoundSystem14sScratchMemMgrE
0x0000007102B97BC8,_ZN13NuSoundSystem14sScratchMemoryE
0x0000007102B97BD0,_ZN13NuSoundSystem10sMasterBusE
0x0000007102B97BD8,_ZN13NuSoundSystem18sMasterInternalBusE
0x0000007102B97BE0,_ZN13NuSoundSystem20sDefaultRoutingTableE
0x0000007102B97BE8,_ZN13NuSoundSystem26sNumAvailableOutputDevicesE
0x0000007102B97BF0,_ZN13NuSoundSystem13mMainThreadIdE
0x0000007102B97BF8,_ZN13NuSoundSystem16s_languageTripleE
0x0000007102B97BFC,_ZN13NuSoundSystem23s_defaultLanguageTripleE
0x0000007102B97C00,_ZN22NuSoundWeakPtrListNode12sPtrListLockE
0x0000007102B97C20,_ZN22NuSoundWeakPtrListNode14sPtrAccessLockE
0x0000007102B97C40,_ZN13NuSoundHandle16sCriticalSectionE
0x0000007102B97C60,_ZN13NuSoundSample16sCriticalSectionE
0x0000007102B97C80,_ZN15NuSoundStreamer10sStreamersE
0x0000007102B97CB8,_ZN15NuSoundStreamer13sThreadCoreIdE
0x0000007102B97CC0,_ZN12NuSoundVoice21sStateCriticalSectionE
0x0000007102B97CE0,_ZN12NuSoundVoice23sReleaseCriticalSectionE
0x0000007102B97D00,NuSound
0x0000007102B98040,_ZN20NuSoundDecoderOpusNX15m_memoryManagerE
0x0000007102B98048,_ZN20NuSoundDecoderOpusNX8m_memoryE
0x0000007102B98050,_ZN20NuSoundDecoderOpusNX12m_memorySizeE
0x0000007102B98058,_ZN13NuSoundBuffer16sCriticalSectionE
0x0000007102B98078,_ZN14NuSoundDecoder13sDecodeThreadE
0x0000007102B98080,_ZN19NuSoundDecodeThread18sShutdownSemaphoreE
0x0000007102B9C0A8,_ZN12NuRenderMesh11m_fbIndicesE
0x0000007102B9C0B8,_ZN12NuRenderMesh7m_fbVbsE
0x0000007102B9C0D8,_ZN12NuRenderMesh10m_fbIbBaseE
0x0000007102B9C0E8,_ZN12NuRenderMesh23m_dynamicCountThisFrameE
0x0000007102B9C0F0,_ZN12NuRenderMesh14m_dynamicFirstE
0x0000007102B9C100,_ZN12NuRenderMesh16m_dynamicListIdxE
0x0000007102B9C108,_ZN12NuRenderMesh16m_fullscreenMeshE
0x0000007102B9C110,_ZN12NuRenderMesh20m_fullscreenGridMeshE
0x0000007102B9C118,_ZN12NuRenderMesh26m_fullscreenSeededGridMeshE
0x0000007102B9C120,_ZN12NuRenderMesh10m_cubeMeshE
0x0000007102B9C128,_ZN12NuRenderMesh18m_indicesThisFrameE
0x0000007102B9C12C,_ZN12NuRenderMesh20m_drawCallsThisFrameE
0x0000007102B9C130,_ZN12NuRenderMesh22m_indicesPreviousFrameE
0x0000007102B9C134,_ZN12NuRenderMesh24m_drawCallsPreviousFrameE
0x0000007102B9C138,g_currentMesh
0x0000007102B9C140,vbMaskBits
0x0000007102B9C158,_ZN14NuStreamBuffer9m_dynSizeE
0x0000007102B9C164,_ZN14NuStreamBuffer12m_dynPoolIdxE
0x0000007102B9C168,_ZN14NuStreamBuffer15m_dynPoolOffsetE
0x0000007102B9C16C,_ZN14NuStreamBuffer11m_rtPoolIdxE
0x0000007102B9C170,_ZN14NuStreamBuffer16m_sysMemBufferVbE
0x0000007102B9C178,_ZN14NuStreamBuffer14m_rtPoolOffsetE
0x0000007102B9C180,_ZN14NuStreamBuffer12m_dynLockPtrE
0x0000007102B9C198,_ZN14NuStreamBuffer14m_gfxMemHandleE
0x0000007102B9C1A8,_ZN14NuStreamBuffer8m_BufferE
0x0000007102B9C2D8,g_renderFuncPtr2
0x0000007102B9C2E0,_ZN21NuFmvStreamChromaBase25m_ppInterfaceSetChromaGenE
0x0000007102B9C2F0,_ZN21NuFmvStreamChromaBase18m_ClassInitialisedE
0x0000007102B9C320,g_fmvStreamMP4
0x0000007102B9C330,_ZN11NuFmvStream23m_fmvStreamToQueueIndexE
0x0000007102B9C340,_ZN11NuFmvStream10m_queuePtrE
0x0000007102B9C350,_ZN11NuFmvStream9m_threadsE
0x0000007102B9C360,_ZN11NuFmvStream20m_emergencyTerminateE
0x0000007102B9C3D0,gCrrtab
0x0000007102B9C3D8,gCbbtab
0x0000007102B9C3E0,gCrgtab
0x0000007102B9C3E8,gCbgtab
0x0000007102B9C3F0,gRangeLimitTable
0x0000007102B9C3F8,gRangeLimit
0x0000007102B9C400,g_PixelShadersCompiled
0x0000007102B9C404,g_ShaderTypes
0x0000007102B9C444,g_shaderBytecodeQueueSize
0x0000007102B9C448,g_shaderBytecodeCacheSize
0x0000007102B9C44C,g_shaderBytecodeCacheKB
0x0000007102B9C450,_ZN25NuUbershaderBytecodeCache22ms_ForceSingleThreadedE
0x0000007102B9C454,_ZN25NuUbershaderBytecodeCache30ms_ActiveShaderCompilerThreadsE
0x0000007102B9C458,_ZN25NuUbershaderBytecodeCache39ms_EnableAdditionalCompilerThreadsEventE
0x0000007102B9C480,_ZN25NuUbershaderBytecodeCache25ms_SizeSortedInterpolantsE
0x0000007102B9C560,g_shaderBuilder
0x0000007102B9C598,lookupRuntimeCacheTime
0x0000007102B9C5A0,g_GLOBAL_CameraVS
0x0000007102B9C5B8,g_GLOBAL_MaterialVS
0x0000007102B9C6D0,g_GLOBAL_LightsVS
0x0000007102B9C6E8,g_GLOBAL_FogVS
0x0000007102B9C700,g_GLOBAL_InstanceVS
0x0000007102B9C718,g_GLOBAL_Instance2VS
0x0000007102B9C730,g_GLOBAL_MotionBlurTransformStateVS
0x0000007102B9C7A8,g_GLOBAL_MotionBlurCameraStateVS
0x0000007102B9C7C0,g_GLOBAL_MiscGroup1VS_Frequent
0x0000007102B9C818,g_GLOBAL_MiscGroup3VS_Frequent
0x0000007102B9C830,g_GLOBAL_MiscGroup2VS_Infrequent
0x0000007102B9C898,g_GLOBAL_SkinningVS
0x0000007102B9C8B0,g_GLOBAL_WaterTableVS
0x0000007102B9C8C8,g_GLOBAL_CameraPS
0x0000007102B9C8E0,g_GLOBAL_MaterialPS
0x0000007102B9C8F8,g_GLOBAL_LightsPS
0x0000007102B9C910,g_GLOBAL_MiscGroupPS
0x0000007102B9CA38,g_GLOBAL_DX11AlphaTestPS
0x0000007102B9CA50,g_GLOBAL_BlurParamsVS
0x0000007102B9CA68,g_GLOBAL_BlurParamsPS
0x0000007102B9CA80,g_GLOBAL_GodRays_FS
0x0000007102B9CA98,g_GLOBAL_BlurGodRays_FS
0x0000007102B9CAB0,g_GLOBAL_HalfPixelOffsetVS
0x0000007102B9CAC8,g_GLOBAL_CopyTexMip
0x0000007102B9CAE0,g_GLOBAL_CopyTexBlend
0x0000007102B9CAF8,g_GLOBAL_FilterGamma
0x0000007102B9CB10,g_GLOBAL_DeflickerData
0x0000007102B9CB28,g_GLOBAL_AnaglyphData
0x0000007102B9CB40,g_GLOBAL_OculusBarrelDistortParams
0x0000007102B9CB58,g_GLOBAL_DebrisBaseLightingVS
0x0000007102B9CBC0,g_GLOBAL_DebrisVertexLights
0x0000007102B9CE58,g_GLOBAL_DebrisSpotLightMatricesVS
0x0000007102B9D0F0,g_GLOBAL_DebrisVertexLightCountVS
0x0000007102B9D118,g_GLOBAL_DebrisFadePlaneVS
0x0000007102B9D140,g_GLOBAL_InstancedDebrisVS
0x0000007102B9D158,g_GLOBAL_DebrisLightingVS
0x0000007102B9D170,g_GLOBAL_DebrisPerPixelLit
0x0000007102B9D188,g_GLOBAL_CustomZParamsVS
0x0000007102B9D1B0,g_GLOBAL_EdgeHiliteMtlParamsPS
0x0000007102B9D1D8,g_GLOBAL_EdgeHiliteParamsPS
0x0000007102B9D210,g_GLOBAL_EdgeHiliteCompositeParamsPS
0x0000007102B9D248,g_GLOBAL_DistFieldParamsPS
0x0000007102B9D260,g_GLOBAL_DepthBiasPS
0x0000007102B9D288,g_GLOBAL_UniformColorPS
0x0000007102B9D2A0,g_GLOBAL_CopyTexLODPS
0x0000007102B9D2B8,g_GLOBAL_SpotLightGeometryVS
0x0000007102B9D2E0,g_GLOBAL_Light
0x0000007102B9D3B8,g_GLOBAL_FogParams
0x0000007102B9D3D0,g_GLOBAL_ShadowCommon
0x0000007102B9D418,g_GLOBAL_ShadowParallelOrtho
0x0000007102B9D430,g_GLOBAL_ShadowCascade
0x0000007102B9D448,g_GLOBAL_ShadowGrid
0x0000007102B9D460,g_GLOBAL_ShadowSpot
0x0000007102B9D478,g_GLOBAL_ShadowPoint
0x0000007102B9D490,g_GLOBAL_DebugShadowFS
0x0000007102B9D4A8,g_GLOBAL_DownsampleDepthMinMaxPS
0x0000007102B9D4C0,g_GLOBAL_GrassVS
0x0000007102B9D4D8,g_GLOBAL_GrassPS
0x0000007102B9D4F0,g_GLOBAL_HdrPS
0x0000007102B9D508,g_GLOBAL_LensFilterVS
0x0000007102B9D520,g_GLOBAL_MainFilterVS
0x0000007102B9D538,g_GLOBAL_MainFilterPS
0x0000007102B9D590,g_GLOBAL_CircleColourProcessPS
0x0000007102B9D5A8,g_GLOBAL_LuminanceQueryPS
0x0000007102B9D5C0,g_GLOBAL_UberBlur
0x0000007102B9D5D8,g_GLOBAL_ToonShader
0x0000007102B9D5F0,g_GLOBAL_WiiFogSim
0x0000007102B9D608,g_GLOBAL_MainFilterDOFVS
0x0000007102B9D620,g_GLOBAL_BlendDOFMipsVS
0x0000007102B9D638,g_GLOBAL_Blur5DOFHQ_PS
0x0000007102B9D650,g_GLOBAL_DOFSuperPS
0x0000007102B9D668,g_GLOBAL_ColourProcessSatOnlyPS
0x0000007102B9D680,g_GLOBAL_ColourProcessVS
0x0000007102B9D698,g_GLOBAL_WaterDistortionVS
0x0000007102B9D6B0,g_GLOBAL_MotionAccumParamsPS
0x0000007102B9D6C8,g_GLOBAL_RainSplash_FS
0x0000007102B9D760,g_GLOBAL_RainDrops_VS
0x0000007102B9D778,g_GLOBAL_RainDrop_FS
0x0000007102B9D790,g_GLOBAL_RainSheet_FS
0x0000007102B9D7A8,g_GLOBAL_RingEffectPS
0x0000007102B9D7C0,g_GLOBAL_RingEffectMaskPS
0x0000007102B9D7D8,g_GLOBAL_RingEffectRefractPS
0x0000007102B9D7F0,g_GLOBAL_SSR
0x0000007102B9D808,g_GLOBAL_SSAO_FS
0x0000007102B9D820,g_GLOBAL_BlobShadows_FS
0x0000007102B9D838,g_GLOBAL_SurfGeom_VS
0x0000007102B9D850,g_GLOBAL_SurfGeom_FS
0x0000007102B9D868,_ZN22NuShaderBuilderGlobals21ShaderDataUpdateFrameE
0x0000007102B9D870,g_nuShaderBytecodeSetHandleNull
0x0000007102B9D908,_ZN7CharSys24mCharProjectFileWildcardE
0x0000007102B9DD08,_ZN7CharSys25mCharSkeletonFileWildcardE
0x0000007102B9E108,_ZN7CharSys20mAnimSetFileWildcardE
0x0000007102B9E508,_ZN7CharSys20mCharDefFileWildcardE
0x0000007102B9E908,_ZN7CharSys14mModelWildcardE
0x0000007102B9ED08,_ZN7CharSys14mSceneWildcardE
0x0000007102B9F108,_ZN7CharSys16mTextureWildcardE
0x0000007102B9F508,_ZN7CharSys14mAnimWildCardsE
0x0000007102BA0108,_ZN7CharSys23mAnimSetPakFileWildcardE
0x0000007102BA0508,_ZN7CharSys12mPakFilePathE
0x0000007102BA0510,_ZN7CharSys15mTexPakFilePathE
0x0000007102BA0518,_ZN7CharSys16mShowMissingLODsE
0x0000007102BA051C,_ZN7CharSys34mLowPriorityAnimFrameRateDistScaleE
0x0000007102BA0520,_ZN7CharSys35mHighPriorityAnimFrameRateDistScaleE
0x0000007102BA0528,_ZN7CharSys25mShouldAssignActionIdFuncE
0x0000007102BA0530,_ZN7CharSys17mFindActionIdFuncE
0x0000007102BA0538,_ZN7CharSys19mFindActionNameFuncE
0x0000007102BA0540,_ZN7CharSys13mGetPadIdFuncE
0x0000007102BA0548,_ZN7CharSys11mMaxActionsE
0x0000007102BA054C,_ZN7CharSys9mMaxSFXIdE
0x0000007102BA0550,_ZN7CharSys9mSFXNamesE
0x0000007102BA0558,_ZN7CharSys12mDefaultSFXsE
0x0000007102BA0560,_ZN7CharSys14mPlatformFlagsE
0x0000007102BA0570,_ZN9SingletonI35CharSysResourceMemoryEstimateHelperE9mInstanceE
0x0000007102BA0578,_ZN9SingletonI31CharSysResourceDependencyHelperE9mInstanceE
0x0000007102BA0580,_ZN9SingletonI25CharSysResourceInfoHelperE9mInstanceE
0x0000007102BA0588,_ZN9SingletonI33CharSysSkeletonResourceInfoHelperE9mInstanceE
0x0000007102BA0590,_ZN9SingletonI32CharSysAnimSetResourceInfoHelperE9mInstanceE
0x0000007102BA0598,_ZN9SingletonI32CharSysCharDefResourceInfoHelperE9mInstanceE
0x0000007102BA05A0,_ZN9SingletonI32CharSysNuSceneResourceInfoHelperE9mInstanceE
0x0000007102BA05A8,_ZN9SingletonI32CharSysNUHGOBJResourceInfoHelperE9mInstanceE
0x0000007102BA05B0,_ZN9SingletonI32CharSysTextureResourceInfoHelperE9mInstanceE
0x0000007102BA05B8,_ZN8CharInst10mCharInstsE
0x0000007102BA05D0,_ZN8CharInst13mRagDollEventE
0x0000007102BA05D8,_ZN13CharAnimEntry13mAppDataClassE
0x0000007102BA05E0,_ZN19CharAnimEntryHelper18mCharAxisFlagItemsE
0x0000007102BA05F0,_ZN19CharAnimEntryHelper19mTrackRootEnumItemsE
0x0000007102BA0600,_ZN19CharAnimEntryHelper21characterNameRefNamesE
0x0000007102BA0F00,_ZN19CharAnimEntryHelper18actionNameRefNamesE
0x0000007102BAA000,_ZN9SingletonI19CharAnimEntryHelperE9mInstanceE
0x0000007102BAA008,_ZN9SingletonI24CharAttachmentAnimHelperE9mInstanceE
0x0000007102BAA010,_ZN9SingletonI21CharAnimAppDataHelperE9mInstanceE
0x0000007102BAA018,_ZN11CharAnimSet38mAnimSetsToDeleteAccessCriticalSectionE
0x0000007102BAA038,_ZN11CharAnimSet17mAnimSetsToDeleteE
0x0000007102BAA050,_ZN17CharAnimSetHelper23mPakFileChecksumRefNameE
0x0000007102BAA850,_ZN17CharAnimSetHelper17mPakFileTypeFlagsE
0x0000007102BAA860,_ZN17CharAnimSetHelper21mCompressionModeFlagsE
0x0000007102BAA870,_ZN15CharAnimSetFile15AnimSetFileTypeE
0x0000007102BAA878,_ZN15CharAnimSetFile13mAnimSetFilesE
0x0000007102BAA890,_ZN9SingletonI17CharAnimSetHelperE9mInstanceE
0x0000007102BAA898,_ZN9SingletonI27CharAnimSetFileParamsHelperE9mInstanceE
0x0000007102BAA8A0,_ZN9SingletonI21CharAnimSetFileHelperE9mInstanceE
0x0000007102BAA8A8,_ZN9SingletonI23CharAnimSetResourceTypeE9mInstanceE
0x0000007102BAA8B0,_ZN15CharAnimTrigger13mTriggerTypesE
0x0000007102BAA8C8,_ZN22CharAnimTriggerVFXData38mFailedFixupsListAccessCriticalSectionE
0x0000007102BAA8E8,_ZN22CharAnimTriggerVFXData13mFailedFixupsE
0x0000007102BAA920,_ZN22CharAnimTriggerPTLData38mFailedFixupsListAccessCriticalSectionE
0x0000007102BAA940,_ZN22CharAnimTriggerPTLData13mFailedFixupsE
0x0000007102BAA978,_ZN21CharAnimTriggerHelper20mCanTriggerFlagItemsE
0x0000007102BAA988,_ZN31CharAnimSimpleTriggerDataHelper27mExtraTriggerEventFlagItemsE
0x0000007102BAA998,_ZN25CharAnimTriggerLayersData17mContextDataClassE
0x0000007102BAA9A0,_ZN22CharAnimTriggerSFXData17mContextDataClassE
0x0000007102BAA9A8,_ZN22CharAnimTriggerVFXData17mContextDataClassE
0x0000007102BAA9B0,_ZN22CharAnimTriggerPTLData17mContextDataClassE
0x0000007102BAA9B8,_ZN31CharAnimTriggerLayersDataHelper18mLayersTriggerTypeE
0x0000007102BAA9C0,_ZN28CharAnimTriggerSFXDataHelper15mSFXTriggerTypeE
0x0000007102BAA9C8,_ZN28CharAnimTriggerSFXDataHelper20mSFXTriggerModeItemsE
0x0000007102BAA9D8,_ZN28CharAnimTriggerSFXDataHelper17mSFXFlagEnumItemsE
0x0000007102BAA9E8,_ZN28CharAnimTriggerVFXDataHelper15mVFXTriggerTypeE
0x0000007102BAA9F0,_ZN28CharAnimTriggerVFXDataHelper17mVFXFlagEnumItemsE
0x0000007102BAAA00,_ZN28CharAnimTriggerPTLDataHelper15mPTLTriggerTypeE
0x0000007102BAAA08,_ZN28CharAnimTriggerPTLDataHelper17mPTLFlagEnumItemsE
0x0000007102BAAA18,_ZN33CharAnimTriggerMaterialDataHelper20mMaterialTriggerTypeE
0x0000007102BAAA20,_ZN33CharAnimTriggerMaterialDataHelper10mModeItemsE
0x0000007102BAAA30,_ZN33CharAnimTriggerMaterialDataHelper16mMaterialIdItemsE
0x0000007102BAAA38,_ZN32CharAnimTriggerTextureDataHelper19mTextureTriggerTypeE
0x0000007102BAAA40,_ZN32CharAnimTriggerTextureDataHelper10mModeItemsE
0x0000007102BAAA50,_ZN32CharAnimTriggerTextureDataHelper17mTextureSlotItemsE
0x0000007102BAAA58,_ZN32CharAnimTriggerTextureDataHelper16mMaterialIdItemsE
0x0000007102BAAA60,_ZN35CharAnimTriggerAttachmentDataHelper22mAttachmentTriggerTypeE
0x0000007102BAAA68,_ZN35CharAnimTriggerAttachmentDataHelper10mModeItemsE
0x0000007102BAAA78,_ZN37CharAnimTriggerLayerSpecialDataHelper24mLayerSpecialTriggerTypeE
0x0000007102BAAA80,_ZN37CharAnimTriggerLayerSpecialDataHelper10mModeItemsE
0x0000007102BAAA90,_ZN12CharSFXIdRef11mSFXIdNamesE
0x0000007102BAAA98,_ZN20ClassManagerAccessorI12SoundManagerE10MANAGER_IDE
0x0000007102BAAAA0,_ZGVN20ClassManagerAccessorI12SoundManagerE10MANAGER_IDE
0x0000007102BAAAA8,_ZN9SingletonI21CharAnimTriggerHelperE9mInstanceE
0x0000007102BAAAB0,_ZN9SingletonI26CharAnimTriggerRangeHelperE9mInstanceE
0x0000007102BAAAB8,_ZN9SingletonI25CharAnimTriggerDataHelperE9mInstanceE
0x0000007102BAAAC0,_ZN9SingletonI32CharAnimTriggerContextDataHelperE9mInstanceE
0x0000007102BAAAC8,_ZN9SingletonI31CharAnimSimpleTriggerDataHelperE9mInstanceE
0x0000007102BAAAD0,_ZN9SingletonI31CharAnimTriggerLayersDataHelperE9mInstanceE
0x0000007102BAAAD8,_ZN9SingletonI32CharAnimTriggerLocatorDataHelperE9mInstanceE
0x0000007102BAAAE0,_ZN9SingletonI28CharAnimTriggerSFXDataHelperE9mInstanceE
0x0000007102BAAAE8,_ZN9SingletonI28CharAnimTriggerVFXDataHelperE9mInstanceE
0x0000007102BAAAF0,_ZN9SingletonI28CharAnimTriggerPTLDataHelperE9mInstanceE
0x0000007102BAAAF8,_ZN9SingletonI33CharAnimTriggerMaterialDataHelperE9mInstanceE
0x0000007102BAAB00,_ZN9SingletonI32CharAnimTriggerTextureDataHelperE9mInstanceE
0x0000007102BAAB08,_ZN9SingletonI35CharAnimTriggerAttachmentDataHelperE9mInstanceE
0x0000007102BAAB10,_ZN9SingletonI37CharAnimTriggerLayerSpecialDataHelperE9mInstanceE
0x0000007102BAAB18,_ZN12CharSkeleton13mAppDataClassE
0x0000007102BAAF20,_ZN16CharSkeletonFile20CharSkeletonFileTypeE
0x0000007102BAAF28,_ZN16CharSkeletonFile18mCharSkeletonFilesE
0x0000007102BAAF40,_ZN9SingletonI18CharSkeletonHelperE9mInstanceE
0x0000007102BAAF48,_ZN9SingletonI24CharAttachmentSlotHelperE9mInstanceE
0x0000007102BAAF50,_ZN9SingletonI25CharSkeletonAppDataHelperE9mInstanceE
0x0000007102BAAF58,_ZN9SingletonI28CharSkeletonFileParamsHelperE9mInstanceE
0x0000007102BAAF60,_ZN9SingletonI22CharSkeletonFileHelperE9mInstanceE
0x0000007102BAAF68,_ZN9SingletonI24CharSkeletonResourceTypeE9mInstanceE
0x0000007102BAAF70,_ZN19ChaseCameraSettings16s_onFootSettingsE
0x0000007102BAB000,_ZN19ChaseCameraSettings19s_inVehicleSettingsE
0x0000007102BAB090,_ZN23ChaseCameraSettingsList17s_CamSettingsListE
0x0000007102BAB0A8,_ZN19ChaseCameraSettings19s_settingsBeingReadE
0x0000007102BAB0B0,_ZN13CharDefHelper19mLayerFlagEnumItemsE
0x0000007102BAB0B8,_ZN21CharMaterialDefHelper32mSourceMaterialResourceTypeItemsE
0x0000007102BAB0C8,_ZN23CharAttachmentDefHelper20mAttachmentTypeItemsE
0x0000007102BAB0D8,_ZN20CharAttachmentDefRef15mDummyLightDescE
0x0000007102BAB0E0,_ZN7CharDef13mAppDataClassE
0x0000007102BAB0E8,_ZN7CharDef9mCharDefsE
0x0000007102BAB100,_ZN7CharDef51mCharDefsToFixupActionAnimMapsAccessCriticalSectionE
0x0000007102BAB120,_ZN7CharDef30mCharDefsToFixupActionAnimMapsE
0x0000007102BAB138,_ZN7CharDef21mActionAnimEntryMapCSE
0x0000007102BAB158,_ZN11CharDefFile13mCharDefFilesE
0x0000007102BAB170,_ZN11CharDefFile15CharDefFileTypeE
0x0000007102BAB178,_ZN23CharAttachmentDefHelper9SeatTypesE
0x0000007102BAB188,_ZN9SingletonI13CharDefHelperE9mInstanceE
0x0000007102BAB190,_ZN9SingletonI23CharDefFileParamsHelperE9mInstanceE
0x0000007102BAB198,_ZN9SingletonI17CharDefFileHelperE9mInstanceE
0x0000007102BAB1A0,_ZN9SingletonI19CharDefResourceTypeE9mInstanceE
0x0000007102BAB1A8,_ZN9SingletonI26CharAnimSetRefParamsHelperE9mInstanceE
0x0000007102BAB1B0,_ZN9SingletonI20CharAnimSetRefHelperE9mInstanceE
0x0000007102BAB1B8,_ZN9SingletonI20CharDefAppDataHelperE9mInstanceE
0x0000007102BAB1C0,_ZN9SingletonI21CharMaterialDefHelperE9mInstanceE
0x0000007102BAB1C8,_ZN9SingletonI20CharTextureDefHelperE9mInstanceE
0x0000007102BAB1D0,_ZN9SingletonI17CharProjectHelperE9mInstanceE
0x0000007102BAB1D8,_ZN9SingletonI23CharAttachmentDefHelperE9mInstanceE
0x0000007102BAB1E0,_ZN9SingletonI16CharSFXDefHelperE9mInstanceE
0x0000007102BAB1E8,_ZN9SingletonI25CharLayerSpecialDefHelperE9mInstanceE
0x0000007102BAB1F0,_ZN17CharProjectSource15mProjectSourcesE
0x0000007102BAB208,_ZN15CharProjectFile15ProjectFileTypeE
0x0000007102BAB210,_ZN15CharProjectFile13mProjectFilesE
0x0000007102BAB228,_ZN15CharProjectFile21mTopLevelProjectFilesE
0x0000007102BAB240,_ZN9SingletonI21CharProjectFileHelperE9mInstanceE
0x0000007102BAB248,_ZN9SingletonI23CharProjectResourceTypeE9mInstanceE
0x0000007102BAB250,_ZN9SingletonI23CharProjectSourceHelperE9mInstanceE
0x0000007102BAB258,_ZN20FootPivotTriggerData8mEdClassE
0x0000007102BAB260,_ZN20FootPivotTriggerData17mContextDataClassE
0x0000007102BAB268,_ZN9SingletonI26FootPivotTriggerDataHelperE9mInstanceE
0x0000007102BAB270,_ZZN12NuScalarBase9GetFltMaxEvE8s_FLTMAX
0x0000007102BAB278,_ZGVZN12NuScalarBase9GetFltMaxEvE8s_FLTMAX
0x0000007102BAB280,_ZN9SingletonI16CreatureIkHelperE9mInstanceE
0x0000007102BAB288,_ZN13IkTriggerData17mContextDataClassE
0x0000007102BAB290,_ZN13IkTriggerData12DontLockFeetE
0x0000007102BAB298,_ZN9SingletonI19IkTriggerDataHelperE9mInstanceE
0x0000007102BAB2A0,_ZN9SingletonI17EdCharIKLegHelperE9mInstanceE
0x0000007102BAB2A8,_ZN14TargetIkHelper13mXyzEnumItemsE
0x0000007102BAB2B8,_ZN14TargetIkHelper16mIkTypeEnumItemsE
0x0000007102BAB2C8,_ZZN12NuScalarBase13GetFltEpsilonEvE12s_FLTEPSILON
0x0000007102BAB2D0,_ZGVZN12NuScalarBase13GetFltEpsilonEvE12s_FLTEPSILON
0x0000007102BAB2D8,_ZN9SingletonI14TargetIkHelperE9mInstanceE
0x0000007102BAB2F0,_ZN9SingletonI21IkJointModifierHelperE9mInstanceE
0x0000007102BAB2F8,_ZN18IkConstraintHelper13mXyzEnumItemsE
0x0000007102BAB308,_ZN18IkConstraintHelper14mTypeEnumItemsE
0x0000007102BAB318,_ZN9SingletonI18IkConstraintHelperE9mInstanceE
0x0000007102BAB330,_ZN12RagDollState24mRagdollStateIdEnumItemsE
0x0000007102BAB340,_ZN9SingletonI18RagDollStateHelperE9mInstanceE
0x0000007102BAB348,_ZN18RagDollTriggerData8mEdClassE
0x0000007102BAB350,_ZN18RagDollTriggerData17mContextDataClassE
0x0000007102BAB358,_ZN9SingletonI24RagDollTriggerDataHelperE9mInstanceE
0x0000007102BAB360,_ZZN12NuScalarBase5GetPiEvE4s_PI
0x0000007102BAB368,_ZGVZN12NuScalarBase5GetPiEvE4s_PI
0x0000007102BAB370,_ZZN12NuScalarBase8GetTwoPiEvE7s_TWOPI
0x0000007102BAB378,_ZGVZN12NuScalarBase8GetTwoPiEvE7s_TWOPI
0x0000007102BAB380,theRdClothControllerHelper
0x0000007102BAB388,theRdParticleHelper
0x0000007102BAB390,_ZN9SingletonI16TargetPoseHelperE9mInstanceE
0x0000007102BAB398,_ZN9SingletonI17EntityTunerHelperE9mInstanceE
0x0000007102BAB3A0,_ZN11DynoManager14m_apiRopeTypesE
0x0000007102BAB460,physicsEffects
0x0000007102BABB30,_ZN9SingletonI18ApiCharacterHelperE9mInstanceE
0x0000007102BABB38,_ZN9SingletonI14ApiActorHelperE9mInstanceE
0x0000007102BABB40,_ZN20ClassManagerAccessorI14TriggerManagerE10MANAGER_IDE
0x0000007102BABB48,_ZGVN20ClassManagerAccessorI14TriggerManagerE10MANAGER_IDE
0x0000007102BABB50,_ZN18ApiCharacterHelper7mParamsE
0x0000007102BABB70,_ZN18ApiCharacterHelper15mLoadFlagsItemsE
0x0000007102BABB80,_ZN9SingletonI24ApiCharacterParamsHelperE9mInstanceE
0x0000007102BABB88,_ZN19ApiCharacterManager19mBlobShadowMaterialE
0x0000007102BABB90,_ZN19ApiCharacterManager20mGlobalApiCharactersE
0x0000007102BABBA8,_ZN15CharacterAction13sm_DriverHashE
0x0000007102BABBAC,_ZN15CharacterAction14sm_AnySeatHashE
0x0000007102BABBB0,_ZN15CharacterAction19sm_AnyPassengerHashE
0x0000007102BABBB4,_ZN15CharacterAction17sm_Passenger1HashE
0x0000007102BABBB8,_ZN15CharacterAction17sm_Passenger2HashE
0x0000007102BABBBC,_ZN15CharacterAction17sm_Passenger3HashE
0x0000007102BABBC0,_ZN15CharacterAction17sm_Passenger4HashE
0x0000007102BABBC4,_ZN15CharacterAction17sm_Passenger5HashE
0x0000007102BABBC8,_ZN15CharacterAction13sm_AIOnlyHashE
0x0000007102BABBCC,_ZN15CharacterAction17sm_PlayerOnlyHashE
0x0000007102BABBD0,_ZN15CharacterAction19sm_StraightLineHashE
0x0000007102BABBD4,_ZN15CharacterAction19sm_ParkourNodesHashE
0x0000007102BABBD8,_ZN15CharacterAction17sm_UseParkourHashE
0x0000007102BABBDC,_ZN15CharacterAction16sm_FavourParkourE
0x0000007102BABBE0,_ZN15CharacterAction11sm_NoArrestE
0x0000007102BABBE4,_ZN15CharacterAction16sm_ForceFlatPaceE
0x0000007102BABBE8,_ZN15CharacterAction22sm_IgnoreTrafficLightsE
0x0000007102BABBEC,_ZN15CharacterAction13sm_MatchSpeedE
0x0000007102BABBF0,_ZN15CharacterAction10sm_OffRoadE
0x0000007102BABBF4,_ZN15CharacterAction16sm_AddAsWaypointE
0x0000007102BABBF8,_ZN15CharacterAction19sm_ArriveAtWaypointE
0x0000007102BABC00,theVehicleDefSeatHelper
0x0000007102BABC08,_ZN20VehicleDefSeatHelper9SeatTypesE
0x0000007102BABC18,_ZN20VehicleDefSeatHelper9SeatModesE
0x0000007102BABC28,theVehicleDefStaticHelper
0x0000007102BABC30,theVehicleDefHoverHelper
0x0000007102BABC38,theVehicleDefCarHelper
0x0000007102BABC40,theVehicleDefBikeHelper
0x0000007102BABC48,theVehicleDefBoatHelper
0x0000007102BABC50,theVehicleDefAircraftHelper
0x0000007102BABC58,_ZN21ApiVehicleMaterialDef24m_ApiVehicleMaterialDefsE
0x0000007102BAC398,_ZN18ApiVehicleMaterial21m_materialIndexSlippyE
0x0000007102BAC39C,_ZN18ApiVehicleMaterial16m_terrTypeSlippyE
0x0000007102BAC3A0,_ZN16ApiVehicleParams8ms_classE
0x0000007102BAC3A8,_ZN10ApiVehicle8ms_classE
0x0000007102BAC3B0,g_APIVEHICLE_DRAWDEBUG
0x0000007102BAC3B4,g_APIVEHICLE_ACTIVATETUNER
0x0000007102BAC3B8,g_APIVEHICLE_ACTIVATETUNER_ENGINEENVELOPE
0x0000007102BAC3BC,g_APIVEHICLE_ACTIVATETUNER_INFO
0x0000007102BAC3C0,g_APIVEHICLE_ENABLETUNER
0x0000007102BAC3C4,g_APIVEHICLE_USEMASSMUL
0x0000007102BAC3C8,theApiVehicleHelper
0x0000007102BAC3D0,_ZN17ApiVehicleManager29s_apiVehicleGeneratedCallbackE
0x0000007102BAC3D8,_ZN17ApiVehicleManager29s_apiVehicleDestroyedCallbackE
0x0000007102BAC3E0,_ZN13VehicleAction13sm_DriverHashE
0x0000007102BAC3E4,_ZN13VehicleAction14sm_AnySeatHashE
0x0000007102BAC3E8,_ZN13VehicleAction19sm_AnyPassengerHashE
0x0000007102BAC3EC,_ZN13VehicleAction23sm_AnyPassengerSeatHashE
0x0000007102BAC3F0,_ZN13VehicleAction17sm_Passenger1HashE
0x0000007102BAC3F4,_ZN13VehicleAction17sm_Passenger2HashE
0x0000007102BAC3F8,_ZN13VehicleAction17sm_Passenger3HashE
0x0000007102BAC3FC,_ZN13VehicleAction17sm_Passenger4HashE
0x0000007102BAC400,_ZN13VehicleAction17sm_Passenger5HashE
0x0000007102BAC408,theApiRopeHelperPtr
0x0000007102BAC410,RB_MotionTypes
0x0000007102BAC420,theRigidObjectHelperPtr
0x0000007102BAC428,_ZN17RigidObjectHelper16sOnObjectCreatedE
0x0000007102BAC450,_ZN11RigidObject23mDefaultCollisionFilterE
0x0000007102BAC458,_ZN11RigidParams8ms_classE
0x0000007102BAC478,theWaterObjectHelperPtr
0x0000007102BAC480,_ZN17WaterObjectHelper16sOnObjectCreatedE
0x0000007102BAC4A8,theCoreGroupHelper
0x0000007102BAC4B0,g_dummyPlaceable
0x0000007102BAC4B8,_ZN23CoreGroupInstanceHelper18mConstructorParamsE
0x0000007102BAC4C8,theCoreGroupInstanceHelper
0x0000007102BAC4D0,_ZN16CoreGroupManager15mManagedClassesE
0x0000007102BAC4E0,_ZN16CoreGroupManager16m_CheckResetBitsE
0x0000007102BAC530,_ZN20CoreGroupStateHelper9mInstanceE
0x0000007102BAC538,_ZN20ClassManagerAccessorI16AnimationManagerE10MANAGER_IDE
0x0000007102BAC540,_ZGVN20ClassManagerAccessorI16AnimationManagerE10MANAGER_IDE
0x0000007102BAC548,theCoreGroupObjectReferenceHelper
0x0000007102BAC6E8,theConvexAreaHelper
0x0000007102BAC6F0,_ZN16ConvexAreaHelper11mShapeTypesE
0x0000007102BAC700,theVehicleDefWheelHelper
0x0000007102BAC708,theVehicleDefDamageStageHelper
0x0000007102BAC710,theVehicleDefSFXHelper
0x0000007102BAC718,theVehicleDefPFXHelper
0x0000007102BAC720,_ZN19VehicleDefPFXHelper8PFXTypesE
0x0000007102BAC730,_ZN19VehicleDefPFXHelper12StreakShapesE
0x0000007102BAC740,theVehicleDefAttachmentHelper
0x0000007102BAC748,_ZN26VehicleDefAttachmentHelper15AttachmentTypesE
0x0000007102BAC758,_ZN10VehicleDef17DriveTrainPresetsE
0x0000007102BAC7B8,_ZN10VehicleDef12BoosterModesE
0x0000007102BAC7F8,theVehicleDefGearHelper
0x0000007102BAC800,theVehicleDefGearboxHelper
0x0000007102BAC808,theVehicleDefEngineHelper
0x0000007102BAC810,theVehicleDefBoosterHelper
0x0000007102BAC818,_ZN10VehicleDef5TypesE
0x0000007102BAC828,_ZN10VehicleDef13SteeringModesE
0x0000007102BAC838,_ZN10VehicleDef8PFXModesE
0x0000007102BAC848,theVehicleDefHelper
0x0000007102BAC8C8,_ZN22EditorFileParamsHelper17mAddModeEnumItemsE
0x0000007102BAC8D8,_ZN10EditorFile10mVCEnabledE
0x0000007102BAC8E0,_ZN10EditorFile10mFileTypesE
0x0000007102BAC8F8,_ZN10EditorFile10mVCHistoryE
0x0000007102BADCF8,_ZN10EditorFile14mLastVCHistoryE
0x0000007102BADD00,_ZN10EditorFile16mSortedVCHistoryE
0x0000007102BADDA0,_ZN10EditorFile15mVCHistoryCountE
0x0000007102BADDA8,_ZN10EditorFile6mFilesE
0x0000007102BADDC0,_ZN9SingletonI22EditorFileParamsHelperE9mInstanceE
0x0000007102BADDC8,_ZN9SingletonI16EditorFileHelperE9mInstanceE
0x0000007102BADDD0,_ZN9SingletonI22EditorObjectFileHelperE9mInstanceE
0x0000007102BADDD8,theAnimationInstanceHelperPtr
0x0000007102BADDE0,_ZN14RandomInstance13m_randomTableE
0x0000007102BAEDE0,theAnimationClipInstanceHelperPtr
0x0000007102BAEDE8,theAnimationLayerHelperPtr
0x0000007102BAEDF0,theAnimationClipLayerHelperPtr
0x0000007102BAEDF8,_ZN16AnimationManager2dtE
0x0000007102BAEDFC,_ZN16AnimationManager9ScrubModeE
0x0000007102BAEE00,_ZN16AnimationManager21m_AnimationResetEventE
0x0000007102BAEE28,_ZN16AnimationManager29m_AnimationStartCutSceneEventE
0x0000007102BAEE50,_ZN16AnimationManager30m_AnimationFinishCutSceneEventE
0x0000007102BAEE78,theAnimationClipHelperPtr
0x0000007102BAEE80,theKeyframeTrackHelperPtr
0x0000007102BAEE88,theKeyframeColourTrackHelperPtr
0x0000007102BAEE90,theKeyframeTrackEventHelperPtr
0x0000007102BAEE98,theKeyframeMatrixTrackHelperPtr
0x0000007102BAEEA0,theKeyframeVector3TrackHelperPtr
0x0000007102BAEEA8,theProceduralAnimationHelperPtr
0x0000007102BAEEB0,theAnimationHelperPtr
0x0000007102BAEEB8,theKeyframeSubHelperPtr
0x0000007102BAEF48,theInstanceObjectHelperPtr
0x0000007102BAEF50,g_numInstanceObjects
0x0000007102BAEF54,_ZN20ClassManagerAccessorI21InstanceObjectManagerE10MANAGER_IDE
0x0000007102BAEF58,_ZGVN20ClassManagerAccessorI21InstanceObjectManagerE10MANAGER_IDE
0x0000007102BAEF60,theIAnimatableHelperPtr
0x0000007102BAEF68,theAnimatableHelperPtr
0x0000007102BAEF70,thePlaceableBaseHelperPtr
0x0000007102BAEF78,thePlaceableHelper
0x0000007102BAEF80,_ZN13PlaceableBase12uniqueNameIDE
0x0000007102BAEF88,EdPlatformFlag
0x0000007102BAEF98,thePlaceableGroupHelperPtr
0x0000007102BAEFA0,_ZN20ClassManagerAccessorI21PlaceableGroupManagerE10MANAGER_IDE
0x0000007102BAEFA8,_ZGVN20ClassManagerAccessorI21PlaceableGroupManagerE10MANAGER_IDE
0x0000007102BAEFB0,theEdSceneHelperPtr
0x0000007102BAEFB8,EdSceneCritSect
0x0000007102BB6FD8,_ZN20ClassManagerAccessorI12SceneManagerE10MANAGER_IDE
0x0000007102BB6FE0,mLayers
0x0000007102BB70F0,_ZGVN20ClassManagerAccessorI12SceneManagerE10MANAGER_IDE
0x0000007102BB70F8,_ZN9SingletonI23NuFrameworkResourceTypeE9mInstanceE
0x0000007102BB7100,theSceneNodeHelperPtr
0x0000007102BB7108,_ZN15SceneNodeHelper20mAttachModeEnumItemsE
0x0000007102BB7118,_ZN20ClassManagerAccessorI16SceneNodeManagerE10MANAGER_IDE
0x0000007102BB711C,_ZN15SceneNodeHelper25s_TotalHierarchyFrameTimeE
0x0000007102BB7120,_ZN15SceneNodeHelper16s_profileEnabledE
0x0000007102BB7128,_ZN9SceneNode20m_PreDeParentedEventE
0x0000007102BB7150,_ZN9SceneNode17m_DeParentedEventE
0x0000007102BB7178,_ZN9SceneNode15m_ParentedEventE
0x0000007102BB71A0,_ZN9SceneNode11m_LinkEventE
0x0000007102BB71C8,_ZN9SceneNode24m_ChildOrderChangedEventE
0x0000007102BB71F0,_ZN16SceneNodeManager21m_PostSceneGraphFixupE
0x0000007102BB7218,_ZGVN20ClassManagerAccessorI16SceneNodeManagerE10MANAGER_IDE
0x0000007102BB7220,_ZN17SceneObjectHelper16sOnObjectCreatedE
0x0000007102BB7248,theSceneObjectHelperPtr
0x0000007102BB7250,_ZN11SceneObject18sm_AIAvoidanceMaskE
0x0000007102BB7258,_ZN19CompoundSceneObject8sm_ClassE
0x0000007102BB7260,_ZN19CompoundSceneObject14sm_NullSpecialE
0x0000007102BB7270,g_theSceneObjectWeAreTyingToClearIs
0x0000007102BB7278,g_OnSceneVisibilityChanged_object
0x0000007102BB7298,theFlowHelper
0x0000007102BB72A0,_ZN20ClassManagerAccessorI11FlowManagerE10MANAGER_IDE
0x0000007102BB72A8,_ZGVN20ClassManagerAccessorI11FlowManagerE10MANAGER_IDE
0x0000007102BB72B0,_ZN11FlowManager18mRegisteredClassesE
0x0000007102BB72C8,theFlowObjectHelper
0x0000007102BB72D0,theFlowObjectPassThroughHelper
0x0000007102BB72D8,theKnotHelperPtr
0x0000007102BB72E0,_ZN13SplineHelperTI12SplineObjectE15sm_SplineHelperE
0x0000007102BB72E8,_ZN20ClassManagerAccessorI14SplineManagerTI21MechKrawlieAreaSplineEE10MANAGER_IDE
0x0000007102BB72F0,_ZGVN20ClassManagerAccessorI14SplineManagerTI21MechKrawlieAreaSplineEE10MANAGER_IDE
0x0000007102BB72F8,_ZZNK14SplineManagerTI12SplineObjectE14GetManagerNameEvE22initialisedManagerName
0x0000007102BB7300,_ZZNK14SplineManagerTI12SplineObjectE14GetManagerNameEvE11managerName
0x0000007102BB7350,_ZGVZNK14SplineManagerTI12SplineObjectE14GetManagerNameEvE11managerName
0x0000007102BB7358,_ZZNK14SplineManagerTI21MechKrawlieAreaSplineE14GetManagerNameEvE22initialisedManagerName
0x0000007102BB7360,_ZZNK14SplineManagerTI21MechKrawlieAreaSplineE14GetManagerNameEvE11managerName
0x0000007102BB73B0,_ZGVZNK14SplineManagerTI21MechKrawlieAreaSplineE14GetManagerNameEvE11managerName
0x0000007102BB73B8,_ZN13SplineHelperTI21MechKrawlieAreaSplineE15sm_SplineHelperE
0x0000007102BB73C0,gdv_fBezierNearestTest
0x0000007102BB73C8,theClassEditor
0x0000007102BB73E0,_ZN7EdClass18mMemberDataBuffersE
0x0000007102BB76E0,g_HackDataFix_CoreGroup
0x0000007102BB76E1,g_HackDataFix_InstObjInitialiser
0x0000007102BB76E4,g_currentFileClassVersion
0x0000007102BB76E8,theRegistry
0x0000007102BB7BA0,_ZN10EdRegistry10mGetGuidFnE
0x0000007102BB7BA8,_ZN10EdRegistry20m_DestroyObjectEventE
0x0000007102BB7BD0,_ZN10EdRegistry13m_SelectEventE
0x0000007102BB7BF8,_ZN10EdRegistry31m_destroyCoreGroupChildrenEventE
0x0000007102BB7C20,_ZN10EdRegistry13m_RenameEventE
0x0000007102BB7C48,_ZN10EdRegistry13m_ChangeEventE
0x0000007102BB7C70,_ZN10EdRegistry15m_ModifiedEventE
0x0000007102BB7C98,_ZN10EdRegistry22m_SceneVisibilityEventE
0x0000007102BB7CC0,_ZN10EdRegistry15m_AddSceneEventE
0x0000007102BB7CE8,_ZN10EdRegistry18m_RemoveSceneEventE
0x0000007102BB7D10,_ZZN10EdArrayRefI8EdStringE8GetArrayEPvE5Dummy
0x0000007102BB7D28,_ZGVZN10EdArrayRefI8EdStringE8GetArrayEPvE5Dummy
0x0000007102BB7D40,theMainLedFile
0x0000007102BB7D70,thePostEffectsFile
0x0000007102BB7DA0,theKrawlieFile
0x0000007102BB7DD0,theKrawlieInterMediateFile
0x0000007102BB7E00,theAudioFile
0x0000007102BB7E30,theAIFile
0x0000007102BB7E60,theAIGraphFile
0x0000007102BB7E90,theAiEdMeshFile
0x0000007102BB7EC0,theAiDataFile
0x0000007102BB7EF0,theAiAttractorsFile
0x0000007102BB7F20,theAnimFile
0x0000007102BB7F50,theInstanceFile
0x0000007102BB7F80,thePortalFile
0x0000007102BB7FB0,theScenePortalFile
0x0000007102BB7FE0,theFlowFile
0x0000007102BB8010,theLedGizmoFile
0x0000007102BB8040,thePtlTypeFile
0x0000007102BB8070,thePhysicsFile
0x0000007102BB80A0,theStreamingFile
0x0000007102BB80D0,theGizmo2File
0x0000007102BB8100,theRTSFile
0x0000007102BB8130,theCameraVolumeFile
0x0000007102BB8160,thePickupFile
0x0000007102BB8190,theCutsceneCameraFile
0x0000007102BB81C0,theKeyframeHelperPtr
0x0000007102BB81C8,_ZN14KeyframeHelper19mInterpolationTypesE
0x0000007102BB81D8,theKeyframeEventHelper
0x0000007102BB81E0,theKeyframeRandomHelperPtr
0x0000007102BB81E8,_ZN20KeyframeRandomHelper19mInterpolationTypesE
0x0000007102BB81F8,_ZN12PartsManager18m_partEditorActiveE
0x0000007102BB81FA,_ZN12PartsManager22m_numPhysicsPartsAwakeE
0x0000007102BB8200,thePartsHelperPtr
0x0000007102BB8208,_ZN4Flow15s_withinProcessE
0x0000007102BB8210,theFlowObjectActionHelper
0x0000007102BB8218,theFlowActionTargetHelper
0x0000007102BB8220,_ZZN10EdArrayRefIcE8GetArrayEPvE5Dummy
0x0000007102BB8230,theFlowObjectConditionHelper
0x0000007102BB8238,theFlowObjectNumberProcessorHelper
0x0000007102BB8240,theFlowLinkChildHelper
0x0000007102BB8248,theFlowLinkParentHelper
0x0000007102BB8250,GizActionDefList
0x0000007102BB827C,edbits_editmode
0x0000007102BB8280,edbits_base_scene
0x0000007102BB8288,edbits_common_scene
0x0000007102BB8290,edbits_things_scene
0x0000007102BB8298,edbits_vfx_scene
0x0000007102BB82A0,edbits_base_terrain
0x0000007102BB82A8,edbits_types_error
0x0000007102BB82AC,edbits_duplicates_error
0x0000007102BB82B0,object_switches
0x0000007102BB8330,edbits_what_game
0x0000007102BB8331,edbits_level_filename
0x0000007102BB8431,edbits_general_save_directory
0x0000007102BB8531,edbits_general_save_name
0x0000007102BB8631,edbits_general_save_extension
0x0000007102BB8731,edbits_level_save_directory
0x0000007102BB8831,edbits_level_save_name
0x0000007102BB8931,edbits_level_save_extension
0x0000007102BB8A31,edbits_datapath
0x0000007102BB8B34,edbits_override_backups
0x0000007102BB8B38,edfile_mcresult
0x0000007102BB8B40,edfile_buffer
0x0000007102BB9B40,edfile_handle_array
0x0000007102BB9B50,edfile_write_flag
0x0000007102BB9B54,edfile_lock
0x0000007102BB9B5C,edfile_buffer_pointer
0x0000007102BB9B60,edfile_readwrongendianess
0x0000007102BB9B68,edfile_mem
0x0000007102BB9B80,ApimenuSoundHandle
0x0000007102BB9BD0,NoSFX
0x0000007102BB9BD4,MenuDisableHeaders
0x0000007102BB9BD8,MenuStopDraw
0x0000007102BB9BE0,GameMenu
0x0000007102BBA540,HackImposeControlScreen
0x0000007102BBA544,MenuResult
0x0000007102BBA548,MenuValidated
0x0000007102BBA54C,MenuAlpha
0x0000007102BBA550,MenuA
0x0000007102BBA554,MenuFadeEnabled
0x0000007102BBA558,FillInExtendedSaveInfoFunc
0x0000007102BBA560,menu_pulsate_angle
0x0000007102BBA564,menu_pulsate_speed
0x0000007102BBA568,menu_pulsate
0x0000007102BBA56C,MenuHeader
0x0000007102BBA5B0,MenuFadeMtl
0x0000007102BBA5B8,menu_prompt_adjust
0x0000007102BBA5B9,MENUHEADERR
0x0000007102BBA5BA,MENUNORMALB
0x0000007102BBA5BB,MENUENTRYR
0x0000007102BBA5BC,MENUWARNG
0x0000007102BBA5BD,MENUWARNB
0x0000007102BBA5BE,MENUFLASH0R
0x0000007102BBA5BF,MENUFLASH1G
0x0000007102BBA5C0,CurrentMenuId
0x0000007102BBA5C4,sfx_wait
0x0000007102BBA5C8,dme_rgb
0x0000007102BBA5CC,dme_align
0x0000007102BBA5D0,dme_r
0x0000007102BBA5D1,dme_g
0x0000007102BBA5D2,dme_b
0x0000007102BBA5D4,menu_flash
0x0000007102BBA5D8,apitxt_SELECT
0x0000007102BBA5E0,apitxt_BACK
0x0000007102BBA5E8,apitxt_ADJUST_LR
0x0000007102BBA5F0,apitxt_ENGLISH
0x0000007102BBA5F8,apitxt_FRENCH
0x0000007102BBA600,apitxt_GERMAN
0x0000007102BBA608,apitxt_ITALIAN
0x0000007102BBA610,apitxt_SPANISH
0x0000007102BBA618,apitxt_DANISH
0x0000007102BBA620,apitxt_DUTCH
0x0000007102BBA628,apitxt_YES
0x0000007102BBA630,apitxt_NO
0x0000007102BBA638,apitxt_OK
0x0000007102BBA640,apitxt_CANCEL
0x0000007102BBA648,apitxt_RETRY
0x0000007102BBA650,apitxt_GAMESLOT
0x0000007102BBA658,apitxt_SAVEGAMENUM
0x0000007102BBA660,apitxt_SAVEGAMESLOTNUM
0x0000007102BBA668,apitxt_PRESENT
0x0000007102BBA670,apitxt_EMPTY
0x0000007102BBA678,apitxt_NOSPACE
0x0000007102BBA680,apitxt_CONTINUE
0x0000007102BBA688,apitxt_SAVEGAME
0x0000007102BBA690,apitxt_LOADGAME
0x0000007102BBA698,apitxt_DELETEGAME
0x0000007102BBA6A0,apitxt_GAMESAVED
0x0000007102BBA6A8,apitxt_GAMEOVERWRITTEN
0x0000007102BBA6B0,apitxt_GAMELOADED
0x0000007102BBA6B8,apitxt_DELETING
0x0000007102BBA6C0,apitxt_FORMATTING
0x0000007102BBA6C8,apitxt_GAMEOVERWRITING
0x0000007102BBA6D0,apitxt_CORRUPTLOAD
0x0000007102BBA6D8,apitxt_CORRUPTED
0x0000007102BBA6E0,apitxt_CONFIRMLOAD
0x0000007102BBA6E8,apitxt_CONFIRMSAVE
0x0000007102BBA6F0,apitxt_CONFIRMOVERWRITE
0x0000007102BBA6F8,apitxt_CONFIRMOVERWRITE_REALLY
0x0000007102BBA700,apitxt_DOYOUWANTTOSTART
0x0000007102BBA708,apitxt_DOYOUWANTTOABORT
0x0000007102BBA710,apitxt_DOYOUWANTTOABORTLOAD
0x0000007102BBA718,apitxt_DOYOUWANTTOABORTFORMAT
0x0000007102BBA720,apitxt_CONTINUEWITHOUTSAVING
0x0000007102BBA728,apitxt_NEWSAVE
0x0000007102BBA730,apitxt_CONTINUEWITHOUTLOADING
0x0000007102BBA738,apitxt_COMPLETED
0x0000007102BBA740,apitxt_VIBRATION
0x0000007102BBA748,apitxt_CONFIRMDELETE
0x0000007102BBA750,apitxt_PROGRESS
0x0000007102BBA758,apitxt_TIMEPLAYED
0x0000007102BBA760,apitxt_CONTROLLERREMOVED
0x0000007102BBA768,apitxt_CONTROLLERREMOVED_USER
0x0000007102BBA770,apitxt_PRESSSTART
0x0000007102BBA778,apitxt_CONFIRMDISABLESAVE
0x0000007102BBA780,apitxt_PLAYWITHOUTSAVING
0x0000007102BBA788,apitxt_FILENAME_BUILDER_LEVEL
0x0000007102BBA790,apitxt_SUBTITLESINFO
0x0000007102BBA798,apitxt_CONFIRMSUBTITLES
0x0000007102BBA7A0,apitxt_NODATAAVAILABLE
0x0000007102BBA7A8,apitxt_GAMESAVING
0x0000007102BBA7B0,apitxt_GAMELOADING
0x0000007102BBA7B8,apitxt_FAILEDTOLOAD
0x0000007102BBA7C0,apitxt_FAILEDTOSAVE
0x0000007102BBA7C8,apitxt_AUTOSAVE_WARNING
0x0000007102BBA7D0,apitxt_DELETECOMPLETE
0x0000007102BBA7D8,apitxt_AUTOSAVE_CANCEL1
0x0000007102BBA7E0,apitxt_AUTOSAVE_ENABLED
0x0000007102BBA7E8,MenuInfo
0x0000007102BBC018,QFont2D
0x0000007102BBC020,QFont2DLower
0x0000007102BBC028,QFont2DZ
0x0000007102BBC030,QFont3D
0x0000007102BBC038,QFont3DZ
0x0000007102BBC040,SmartTextFont
0x0000007102BBC048,QFont2DButtons
0x0000007102BBC050,create_qfont2dlower
0x0000007102BBC054,create_qfont2dz
0x0000007102BBC058,create_qfont3d
0x0000007102BBC05C,create_qfont3dz
0x0000007102BBC060,QFont3DTime
0x0000007102BBC064,text3d_width
0x0000007102BBC068,text3d_height
0x0000007102BBC06C,smarttext_fwn
0x0000007102BBC070,buttonmapfn
0x0000007102BBC078,USE_BUTTON_FONT
0x0000007102BBC07C,ButtonScaleMode
0x0000007102BBC084,MessageMtlInit
0x0000007102BBC088,MessageMtl
0x0000007102BBC090,smarttextex_longestwidth
0x0000007102BBC098,theGameGUI2
0x0000007102BBC0A0,_ZN11GUI2Manager25GetFlashEnabledStateEventE
0x0000007102BBC0C8,_ZN11GUI2Manager29AllowRenderSoundEventSubtitleE
0x0000007102BBC0F0,theGUI2MaterialHelperPtr
0x0000007102BBC0F8,_ZN18GUI2MaterialHelper16mDefaultMaterialE
0x0000007102BBC100,_ZN18GUI2MaterialHelper20mDefaultFontMaterialE
0x0000007102BBC108,_ZN18GUI2MaterialHelper29mDefaultFontMaterialDistfieldE
0x0000007102BBC110,_ZN10GUI2Object5ClassE
0x0000007102BBC118,_ZN16GUI2ObjectHelper26s_GUI2ObjectLocalMatrixRefE
0x0000007102BBC120,theGUI2TextHelperPtr
0x0000007102BBC128,theGUI2PageHelperPtr
0x0000007102BBC130,theGUI2MenuHelperPtr
0x0000007102BBC138,_ZN8GUI2Menu19m_MenuEntrySelectedE
0x0000007102BBC160,theGUI2MenuEntryTemplateHelperPtr
0x0000007102BBC168,theGUI2MenuEntryHelperPtr
0x0000007102BBC170,theGUI2PanelHelperPtr
0x0000007102BBC178,theGUI2GroupHelperPtr
0x0000007102BBC180,_ZN12TrackManager9sMusicBusE
0x0000007102BBC188,_ZN12TrackManager15sCutsceneSFXBusE
0x0000007102BBC190,_ZN12TrackManager15sCutsceneDLGBusE
0x0000007102BBC198,_ZN20ClassManagerAccessorI12TrackManagerE10MANAGER_IDE
0x0000007102BBC1A0,_ZGVN20ClassManagerAccessorI12TrackManagerE10MANAGER_IDE
0x0000007102BBC1A8,_ZN8Streamer9mStreamerE
0x0000007102BBC1B0,_ZN19SoundEffectsManager13sEffectReverbE
0x0000007102BBC1B8,_ZN19SoundEffectsManager14sEffectLowPassE
0x0000007102BBC1C0,_ZN19SoundEffectsManager16sEffectOcclusionE
0x0000007102BBC1C8,_ZN19SoundEffectsManager17sEffectCompressorE
0x0000007102BBC1D0,_ZN19SoundEffectsManager18sMusicAreaListenerE
0x0000007102BBC1D8,_ZN19SoundEffectsManager24sSoundManagerListCritSecE
0x0000007102BBC1F8,theEdSoundMultiEffectsAreaHelperPtr
0x0000007102BBC208,theKeyframeSoundTrackHelperPtr
0x0000007102BBC210,theEdSoundMusicAreaHelperPtr
0x0000007102BBC218,_ZN12SoundManager15sSoundEventDataE
0x0000007102BBC228,_ZN12SoundManager10sHashTableE
0x0000007102BBCA28,_ZN12SoundManager19sNumSoundEventTypesE
0x0000007102BBCA2C,_ZN12SoundManager21sLastSubmittedLoadJobE
0x0000007102BBCA30,_ZN12SoundManager13sMusicManagerE
0x0000007102BBCA38,_ZN12SoundManager7sSfxBusE
0x0000007102BBCA40,_ZN12SoundManager20sTrackConfigFilenameE
0x0000007102BBCA50,_ZN12SoundManager19sBankConfigFilenameE
0x0000007102BBCA60,_ZN12SoundManager21sSampleConfigFilenameE
0x0000007102BBCA70,_ZN12SoundManager21sBussesConfigFilenameE
0x0000007102BBCA80,_ZN12SoundManager22sRoutingConfigFilenameE
0x0000007102BBCA90,_ZN12SoundManager13sSampleLoaderE
0x0000007102BBCDC8,_ZN12SoundManager13sSpeechLoaderE
0x0000007102BBD1D0,_ZN12SoundManager17sCurrentBlacklistE
0x0000007102BBD208,_ZN12SoundManager25sLowPriorityLoadedSamplesE
0x0000007102BBD240,_ZN12SoundManager13s_bZeroVolumeE
0x0000007102BBD248,theEdSoundOverridesHelperPtr
0x0000007102BBD250,_ZN20SAction_SetTrackBank17sCurrentTrackBankE
0x0000007102BBD258,_ZN16SAction_SetTrack19sCurrentTrackActionE
0x0000007102BBD260,_ZN16SAction_SetTrack18sCurrentTrackQuietE
0x0000007102BBD268,_ZN16SAction_SetTrack21sCurrentTrackAmbienceE
0x0000007102BBD270,_ZN16SAction_SetTrack9sTempBankE
0x0000007102BBD2F0,_ZN16SAction_SetTrack15sm_AmbienceHashE
0x0000007102BBD2F4,_ZN16SAction_SetTrack13sm_ActionHashE
0x0000007102BBD2F8,_ZN16SAction_SetTrack12sm_QuietHashE
0x0000007102BBD300,theSoundHelperPtr
0x0000007102BBD308,_ZN14SoundPlaceable21sLoadBalanceMaxFramesE
0x0000007102BBD30C,_ZN14SoundPlaceable25sNextLoadBalanceFreeFrameE
0x0000007102BBD310,_ZN20SoundPlaceableHelper16sSoundStateItemsE
0x0000007102BBD320,_ZN20SoundPlaceableHelper18sSoundFalloffItemsE
0x0000007102BBD330,_ZN20SoundPlaceableHelper23sSoundSurroundModeItemsE
0x0000007102BBD340,theEdSoundAmbienceAreaHelperPtr
0x0000007102BBD348,theKeyframeEventSoundHelperPtr
0x0000007102BBD350,_ZN24KeyframeEventSoundHelper18sSoundFalloffItemsE
0x0000007102BBD360,_ZN24KeyframeEventSoundHelper23sSoundSurroundModeItemsE
0x0000007102BBD370,theEdSoundReverbAreaHelperPtr
0x0000007102BBD378,theEdSoundLowPassAreaHelperPtr
0x0000007102BBD380,_ZN11AIAvoidable13mDeletedEventE
0x0000007102BBD3A8,_ZN14ObjectSteering7mCloudsE
0x0000007102BBD3C0,_ZN14ObjectSteering17mConsiderationBoxE
0x0000007102BBD3F0,_ZN14ObjectSteering19smRegisteredFiltersE
0x0000007102BBD3F8,_ZN5Brain13smTaskCreatorE
0x0000007102BBD418,_ZN7Faction10smFactionsE
0x0000007102BBD518,_ZN7Faction13smNumFactionsE
0x0000007102BBD519,_ZN7Faction16smDefaultFactionE
0x0000007102BBD5A8,g_ConvexEdgeHelper
0x0000007102BBD5B0,_ZN10ConvexEdge18m_excludeIfSetMaskE
0x0000007102BBD5B4,_ZN10ConvexEdge19m_requiredIfSetMaskE
0x0000007102BBD5B8,_ZN10ConvexEdge15m_flagNameTableE
0x0000007102BBD6B8,_ZN10ConvexEdge20m_flagShortNameTableE
0x0000007102BBD7B8,g_ConvexGraphHelper
0x0000007102BBD7C0,theConvexLinkHelperPtr
0x0000007102BBD7C8,g_ConvexNodeHelper
0x0000007102BBD7D0,_ZN10ConvexNode11mActiveHackE
0x0000007102BBD7D1,_ZN11RouteMaster11mClearValidE
0x0000007102BBD7D2,_ZN11RouteMaster13mClearInvalidE
0x0000007102BBD7E8,_ZN22AIAutoCreatedInterface27m_insideEditorFixupCallBackE
0x0000007102BBD7E9,s_generateAndSaveGizmoLinks
0x0000007102BBD7EA,s_commandLineAIExport
0x0000007102BBD7F0,s_POIOverrideFromTile
0x0000007102BBD900,_ZN9AIManager19m_avoidanceStrategyE
0x0000007102BBD908,_ZN9AIManager19m_renderManipulatorE
0x0000007102BBD910,_ZN9AIManager19m_registeredClassesE
0x0000007102BBD920,_ZN9AIManager13m_managerListE
0x0000007102BBD938,_ZN9AIManager14m_activeGraphsE
0x0000007102BBD948,_ZN9AIManager10NodeGroupsE
0x0000007102BBD960,_ZN9AIManager10EdgeGroupsE
0x0000007102BBD978,_ZN9AIManager7mBrainsE
0x0000007102BBD990,_ZN9AIManager12mRouteMasterE
0x0000007102BBD9C0,_ZN9AIManager13mQueryManagerE
0x0000007102BBDA10,_ZN9AIManager11mPathMasterE
0x0000007102BBDB10,_ZN9AIManager12mObjectCacheE
0x0000007102BBDD30,_ZN9AIManager13EdgeTimeCostsE
0x0000007102BBDD48,_ZN9AIManager5mTimeE
0x0000007102BBDD50,_ZN9AIManager14mHighlightNodeE
0x0000007102BBDD60,_ZN9AIManager15mHighlightPointE
0x0000007102BBDD70,_ZN9AIManager16mZoneRenderFlagsE
0x0000007102BBDD78,_ZN9AIManager8smGameAIE
0x0000007102BBDD80,_ZN9AIManager19smUsingNavObstaclesE
0x0000007102BBDD88,_ZN14AIDecisionBase10mDecisionsE
0x0000007102BBDDA0,_ZN9AIManager16mFixUpLinksEventE
0x0000007102BBDDC8,_ZN9AIManager16mFixUpNodesEventE
0x0000007102BBDDF0,_ZN9AIManager29mPostLinkGenerationFixUpEventE
0x0000007102BBDE18,_ZN9AIManager30mPostGroupGenerationFixUpEventE
0x0000007102BBDE40,_ZN9AIManager15smAutoLinkFlagsE
0x0000007102BBDE54,_ZN9AIManager16smAutoLinkValuesE
0x0000007102BC70D0,_ZN6AIMath4sm2AE
0x0000007102BC70D4,_ZN6AIMath4sm2BE
0x0000007102BC70D8,_ZN6AIMath10smZeroAxisE
0x0000007102BC70E0,_ZN6AIMath8smNormalE
0x0000007102BC70F0,_ZN6AIMath6smAxisE
0x0000007102BC70F4,_ZN6AIMath13smOrientationE
0x0000007102BC70F8,_ZN6AIMath11smVertPosFnE
0x0000007102BC7100,_ZN6AIMath12smNextVertFnE
0x0000007102BC7108,_ZN6AIMath12smPrevVertFnE
0x0000007102BC7110,_ZN6AIMath13smVertCountFnE
0x0000007102BC71E0,_ZN9AIMemPool5mPoolE
0x0000007102BC71F0,theAIConvexAreaHelperPtr
0x0000007102BC71F8,g_AIConvexLocatorHelper
0x0000007102BC7200,_ZN21AIConvexLocatorHelper13smLocatorSetsE
0x0000007102BC7610,_ZN21AIConvexLocatorHelper14smLocatorFlagsE
0x0000007102BC7620,theAIConvexLocatorLinkHelperPtr
0x0000007102BC7628,_ZN25AIConvexLocatorLinkHelper19CapabilityFlagEnumsE
0x0000007102BC7A28,_ZN25AIConvexLocatorLinkHelper13smEdFlagEnumsE
0x0000007102BC7A38,theAIConvexLocatorSetHelperPtr
0x0000007102BC7A40,theAILocatorRefHelperPtr
0x0000007102BC7A48,_ZN24AIConvexLocatorSetHelper17smLocatorSetFlagsE
0x0000007102BC7A58,theAISplineHelperPtr
0x0000007102BC7A60,theAISplinePointHelperPtr
0x0000007102BC7A68,_ZN7Trigger18mEventOnDeactivateE
0x0000007102BC7A90,_ZN7Trigger16mEventOnActivateE
0x0000007102BC7ABC,locCalcPows
0x0000007102BC7B40,_ZN9OrcaAgent13m_renderAgentE
0x0000007102BC7B58,theConvexDynamicLinkHelperPtr
0x0000007102BC7B60,theStitchLinkHelperPtr
0x0000007102BC7BD8,_ZN6AIZone9smDetailsE
0x0000007102BC7D68,_ZN6AIZone13smNullDetailsE
0x0000007102BC7D90,_ZN6AIZone20smZoneFlagPropertiesE
0x0000007102BC7DA0,_ZN6AIZone20smZoneTypePropertiesE
0x0000007102BC7FB8,_ZN20ClassManagerAccessorI12DecalManagerE10MANAGER_IDE
0x0000007102BC7FC0,_ZGVN20ClassManagerAccessorI12DecalManagerE10MANAGER_IDE
0x0000007102BC7FC8,pPartCreatedFn
0x0000007102BC7FD0,pPartDestroyedFn
0x0000007102BC7FD8,Default_ADDPART
0x0000007102BC8150,Part
0x0000007102BC8158,PartRTL
0x0000007102BC8160,partglobaltime
0x0000007102BC8164,partambientcol
0x0000007102BC8170,part_types
0x0000007102BC8178,part_emits
0x0000007102BC8180,part_types_used
0x0000007102BC8184,part_emits_used
0x0000007102BC8188,part_page_used
0x0000007102BC81C8,part_page_on
0x0000007102BC8208,part_scene
0x0000007102BC8308,part_scene_pageid
0x0000007102BC8388,part_page_led
0x0000007102BC8408,toggleNewEmittersWantsPhysicsParts
0x0000007102BC8409,gameWantsPhysicsParts
0x0000007102BC840A,draw_part_metrics
0x0000007102BC8410,numtl_part_alpha
0x0000007102BC843C,partTerrExtraFilter
0x0000007102BC8448,globalframes
0x0000007102BC8450,g_ParticleFacingMtxXZ
0x0000007102BC8490,debris_textures_used
0x0000007102BC84B8,debris_numtexturepages
0x0000007102BC84BC,Debris_Init
0x0000007102BC84C0,DebrisCameras
0x0000007102BC84E0,debrisCameraCount
0x0000007102BC84E8,debrisScaledTypeQuickFindArray
0x0000007102BC84F0,debris_render_group
0x0000007102BC84F4,debris_collide_pt
0x0000007102BC8520,DEBRIS_INFOPANEL
0x0000007102BC8524,g_edptlLevelSaveDirectory
0x0000007102BC8624,g_edptlLevelSaveName
0x0000007102BC86A8,edpp_ptls
0x0000007102BD66A8,edpp_active_menu
0x0000007102BD66B0,edpp_level_container
0x0000007102BD66B8,edpp_containers
0x0000007102BD66C8,edpp_usememcard
0x0000007102BD66CC,edpp_category
0x0000007102BD66D0,edpp_categories
0x0000007102BD6910,edpp_page_used
0x0000007102BD6A10,edpp_page_writable
0x0000007102BD6B10,edpp_page_on
0x0000007102BD6C10,edpp_page_scene
0x0000007102BD6E10,edpp_page_ranged
0x0000007102BD6F10,edpp_ranged
0x0000007102BD6F14,edpp_instances_used
0x0000007102BD6F18,edpp_num_orphans
0x0000007102BD6F1C,edpp_types_used
0x0000007102BD6F20,edpp_nearest
0x0000007102BD6F28,edpp_create_type
0x0000007102BD6F30,edptl_level_types
0x0000007102BD6F34,FilterPTLInstancesByPage
0x0000007102BD6F38,PTLChangePageToEditFn
0x0000007102BD6FC0,_ZN15ParticleManager18sMaxParticleChunksE
0x0000007102BD6FC4,_ZN15ParticleManager23sMaxParticleGlassChunksE
0x0000007102BD6FC8,_ZN15ParticleManager13sEmitterTypesE
0x0000007102BD6FD8,_ZN15ParticleManager17sParticleManagersE
0x0000007102BD7010,_ZN15ParticleManager18sDeferredRenderingE
0x0000007102BD7011,_ZN15ParticleManager24sNumDeferredRenderFramesE
0x0000007102BD7018,_ZN15ParticleManager10sMaterialsE
0x0000007102BD76A8,_ZN15ParticleManager12sTotalMemoryE
0x0000007102BD76AC,_ZN15ParticleManager11sUsedMemoryE
0x0000007102BD76B0,_ZN15ParticleManager11sPeakMemoryE
0x0000007102BD76B4,_ZN15ParticleManager15sUsedTypeMemoryE
0x0000007102BD76B8,_ZN15ParticleManager18sUsedEmitterMemoryE
0x0000007102BD76BC,_ZN15ParticleManager16sUsedChunkMemoryE
0x0000007102BD76C0,_ZN15ParticleManager21sUsedRenderListMemoryE
0x0000007102BD76C4,_ZN15ParticleManager23sUsedRenderStreamMemoryE
0x0000007102BD76C8,_ZN15ParticleManager13sNumTypesUsedE
0x0000007102BD76CC,_ZN15ParticleManager16sNumEmittersUsedE
0x0000007102BD76D0,_ZN15ParticleManager14sNumChunksUsedE
0x0000007102BD76D4,_ZN15ParticleManager19sNumRenderListsUsedE
0x0000007102BD76D8,_ZN15ParticleManager15sActiveEmittersE
0x0000007102BD76DC,_ZN15ParticleManager18sTotalEmitterSlotsE
0x0000007102BD76E0,_ZN15ParticleManager18sValidEmitterSlotsE
0x0000007102BD76E4,_ZN15ParticleManager13sDebugRenderXE
0x0000007102BD76E8,_ZN15ParticleManager13sDebugRenderYE
0x0000007102BD76F0,theDynamicLightHelperPtr
0x0000007102BD76F8,theDynamicLightDescHelperPtr
0x0000007102BD7700,g_ShowDebug
0x0000007102BD7701,g_ShadowFocusFollowsEditorCursor
0x0000007102BD7704,_ZN20ClassManagerAccessorI23DynamicLightDescManagerE10MANAGER_IDE
0x0000007102BD7708,_ZGVN20ClassManagerAccessorI23DynamicLightDescManagerE10MANAGER_IDE
0x0000007102BD7710,vfxdata
0x0000007102BD7718,EditingVfxThing
0x0000007102BD7720,CurrentCreatureManagerVfxThing
0x0000007102BD7728,_ZN8VfxThing12sVfxManagersE
0x0000007102BD7760,_ZN8VfxThing14s_ProxyMapPermE
0x0000007102BD78E8,_ZN9VfxHandle4NullE
0x0000007102BD7910,_ZN7VfxBeam24s_CurrentBatchDescriptorE
0x0000007102BD7918,_ZN7VfxBeam13s_CurrentPrimE
0x0000007102BD7920,_ZN7VfxBeam8DrawModeE
0x0000007102BD7928,_ZN7VfxBeam7ScratchE
0x0000007102BD7930,_ZN7VfxBeam25FramesSinceScratchRefreshE
0x0000007102BD7938,_ZN22Vfx_Instance_Placeable23s_PlaceableGroupEdClassE
0x0000007102BD7940,vfx_draw_debug
0x0000007102BD7944,_ZN8VfxThing15s_disableRenderE
0x0000007102BD7945,_ZN8VfxThing20sDebugRenderVFXNamesE
0x0000007102BD7946,_ZN8VfxThing19sDebugRenderVFXListE
0x0000007102BD7948,_ZZN9VfxHandleC1ENS_10HandleTypeEE6numIds
0x0000007102BD79F0,VisiGobjCallBack
0x0000007102BD79F8,FindGobjCallBack
0x0000007102BD7A00,MoveGobjCallBack
0x0000007102BD7A08,ResetGobjCallBack
0x0000007102BD7A10,CreateGobjCallBack
0x0000007102BD7A18,DestroyGobjCallBack
0x0000007102BD7A20,mainCutSceneCameraInstance
0x0000007102BD7A28,CurStreamIds
0x0000007102BD7AD0,globalCutSceneDeltaTime
0x0000007102BD7AD4,MaxCutSceneStreamingBufferSize
0x0000007102BD7AD8,NuGCutDebFixUp_SearchAllPages
0x0000007102BD7ADC,gcutscene_display_info
0x0000007102BD7AE0,set_cutscenecammtx
0x0000007102BD7AE1,CutSceneCameraCTRL
0x0000007102BD7AE4,cutscenecamchange
0x0000007102BD7AE8,cutscene_quit_prompt
0x0000007102BD7AEC,cutscene_has_quit
0x0000007102BD7AF0,cutscene_load_instance
0x0000007102BD7AF8,cutscene_lock_player
0x0000007102BD7AFC,termcutstream_hack
0x0000007102BD7B00,CutMemory
0x0000007102BD7B08,NuCutSceneGetHGObj
0x0000007102BD7B10,NuCutSceneCharacterProcess
0x0000007102BD7B18,NuCutSceneCharacterRender
0x0000007102BD7B20,NuCutSceneCharacterRelease
0x0000007102BD7B28,NuCutSceneCharacterEval
0x0000007102BD7B30,NuCutSceneFindCharacters
0x0000007102BD7B38,NuCutSceneDestroyCharacters
0x0000007102BD7B40,NuCutSceneResetCharactersFn
0x0000007102BD7B48,NuCutSceneCharacterCreateData
0x0000007102BD7B50,NuCutSceneCharacterDestroyData
0x0000007102BD7B58,NuCutSceneRigidCollisionCheck
0x0000007102BD7B60,NuCutSceneRigidPostRender
0x0000007102BD7B68,NuCutSceneRigidInstUpdate
0x0000007102BD7B70,NuCutSceneSFXFixUp
0x0000007102BD7B78,NuCutSceneSFXUpdate
0x0000007102BD7B80,NuCutSceneRequestSFX
0x0000007102BD7B88,NuCutSceneVFXFixUp
0x0000007102BD7B90,NuCutScenePTLFixUp
0x0000007102BD7B98,CutSceneLocks
0x0000007102BD7F98,BlendRemapTable
0x0000007102BD7FD8,CutSceneMemoryHandels
0x0000007102BD7FF8,HighestStorageUsed
0x0000007102BD7FFC,CSMemorySetup
0x0000007102BD8000,locatorfns
0x0000007102BD8008,locator_vfx_fns
0x0000007102BD8010,brokenSceneObject
0x0000007102BD8018,DefragCutSceneListSize
0x0000007102BD8020,DefragCutSceneList
0x0000007102BD8028,DefragCutSceneListBase
0x0000007102BD8030,DefragCutSceneBaseMem
0x0000007102BD8038,DefragCutSceneEndMem
0x0000007102BD8040,DefragInstBaseMem
0x0000007102BD8048,DefragInstEndMem
0x0000007102BD8050,DefragCreateInstFn
0x0000007102BD8058,DefragInstDestroyedFn
0x0000007102BD8060,DefragGetInstFn
0x0000007102BD8068,EarlyClipEnabled
0x0000007102BD806C,NumEarlyClips
0x0000007102BD8070,NumEarlyClipTests
0x0000007102BD8078,theCutSceneThingPtr
0x0000007102BD8080,_ZN13CutSceneThing8grabbingE
0x0000007102BD8081,cutscene_name
0x0000007102BD8181,g_OutputDir
0x0000007102BD8284,ForcedCutSceneEndFrame
0x0000007102BD8288,avi_rate
0x0000007102BD828C,grabbing_first_frame
0x0000007102BD82B0,ExternalCamUpdate
0x0000007102BD82B8,_ZN13CutSceneThing18m_StartRecordEventE
0x0000007102BD82E0,_ZN13CutSceneThing17m_StopRecordEventE
0x0000007102BD8308,_ZN13CutSceneThing20m_StartPlaybackEventE
0x0000007102BD8330,_ZN13CutSceneThing19m_StopPlaybackEventE
0x0000007102BD8358,_ZN13CutSceneThing12m_PauseEventE
0x0000007102BD8380,_ZN13CutSceneThing14m_UnPauseEventE
0x0000007102BD83A8,_ZN13CutSceneThing14m_RefreshEventE
0x0000007102BD83D0,_ZN12ClassManager11m_FactoriesE
0x0000007102BD8DD0,_ZN15FrameworkConfig9Streaming16m_newMemoryModelE
0x0000007102BD8DD1,_ZN13FrameworkDemo18m_FreePlayUnlockedE
0x0000007102BD8DD2,_ZN13FrameworkDemo20m_StoryModeCompletedE
0x0000007102BD8DD3,_ZN13FrameworkDemo10m_IsE3DemoE
0x0000007102BD8DD8,_ZN13FrameworkDemo22m_LaunchDemoLevelEventE
0x0000007102BD8E00,g_SimpleJob
0x0000007102BD8E38,theFrameworkPads
0x0000007102BD8E40,_ZN20ClassManagerAccessorI13FrameworkPadsE10MANAGER_IDE
0x0000007102BD8E48,_ZN13FrameworkPads26m_StartPressedRequestEventE
0x0000007102BD8E70,_ZN13FrameworkPads20m_PadAllClearedEventE
0x0000007102BD8E98,_ZN13FrameworkPads17m_PadRemovedEventE
0x0000007102BD8EC0,_ZGVN20ClassManagerAccessorI13FrameworkPadsE10MANAGER_IDE
0x0000007102BD8EC8,theFrameworkSave
0x0000007102BD8ED0,_ZN13FrameworkSave28m_ContinueWithoutSavingEventE
0x0000007102BD8EF8,_ZN13FrameworkSave43m_StorageDeviceChangedMessageDismissedEventE
0x0000007102BD8F20,_ZN13FrameworkSave42m_StorageDeviceChangedMessageFinishedEventE
0x0000007102BD8F48,_ZN13FrameworkSave28m_SaveSystemInitialisedEventE
0x0000007102BD8F70,_ZN13FrameworkSave24m_SerialiseGameDataEventE
0x0000007102BD8F98,_ZN13FrameworkSave23m_GetSaveFileIndexEventE
0x0000007102BD8FC0,_ZN13FrameworkSave24m_SaveLoadPiggyBackEventE
0x0000007102BD8FE8,_ZN13FrameworkSave15m_AutoLoadErrorE
0x0000007102BD9238,_ZN23FrameworkSystemSettings28m_SystemSettingsStageChangedE
0x0000007102BD9260,_ZN23FrameworkSystemSettings20m_LoadedStringsEventE
0x0000007102BD9288,_ZN23FrameworkSystemSettings21mBootLanguageSelectedE
0x0000007102BD9290,_ZN15FrameworkString16mSelectLeftRightE
0x0000007102BD9298,_ZN15FrameworkString11mInvitationE
0x0000007102BD92A0,_ZN15FrameworkString13mInviteToPlayE
0x0000007102BD92A8,_ZN15FrameworkString11mPadRemovedE
0x0000007102BD92B0,_ZN15FrameworkString15mServerListGoodE
0x0000007102BD92B8,_ZN15FrameworkString13mServerListOkE
0x0000007102BD92C0,_ZN15FrameworkString15mServerListPoorE
0x0000007102BD92C8,_ZN15FrameworkString12mLeaderboardE
0x0000007102BD92D0,_ZN15FrameworkString21mLeaderboardBestTimesE
0x0000007102BD92D8,_ZN15FrameworkString17mLeaderboardStudsE
0x0000007102BD92E0,_ZN15FrameworkString16mLeaderboardTimeE
0x0000007102BD92E8,_ZN15FrameworkString7mCancelE
0x0000007102BD92F0,_ZN15FrameworkString3mOkE
0x0000007102BD92F8,_ZN15FrameworkString4mYesE
0x0000007102BD9300,_ZN15FrameworkString3mNoE
0x0000007102BD9308,_ZN15FrameworkString22mInviteDataLossWarningE
0x0000007102BD9310,_ZN15FrameworkString23mLeaderboardFetchFailedE
0x0000007102BD9318,_ZN15FrameworkString24mLeaderboardDisconnectedE
0x0000007102BD9320,_ZN15FrameworkString16mPressStartShortE
0x0000007102BD9328,_ZN15FrameworkString15mPressAnyButtonE
0x0000007102BD9330,_ZN15FrameworkString17mPressStartTitlesE
0x0000007102BD9338,_ZN15FrameworkString20mReturnToTitleScreenE
0x0000007102BD9340,_ZN15FrameworkString10mStartDemoE
0x0000007102BD9348,_ZN15FrameworkString19mDemoUnlockFreeplayE
0x0000007102BD9350,_ZN15FrameworkString20mGenSaveLaterVersionE
0x0000007102BD9358,_ZN15FrameworkString13mShowControlsE
0x0000007102BD9360,_ZN15FrameworkString6mMusicE
0x0000007102BD9368,_ZN15FrameworkString10mSubtitlesE
0x0000007102BD9370,_ZN15FrameworkString12mAudioVolumeE
0x0000007102BD9378,_ZN15FrameworkString12mMarketplaceE
0x0000007102BD9380,_ZN15FrameworkString21mMarketPlaceNoProfileE
0x0000007102BD9388,_ZN15FrameworkString13mDLCNotLoadedE
0x0000007102BD9390,_ZN15FrameworkString14mDLCNewContentE
0x0000007102BD9398,_ZN15FrameworkString3mOnE
0x0000007102BD93A0,_ZN15FrameworkString4mOffE
0x0000007102BD93A8,_ZN15FrameworkString17mLangChangeRebootE
0x0000007102BD93B0,_ZN15FrameworkString5mQuitE
0x0000007102BD93B8,_ZN15FrameworkString20mNetworkPlayerJoinedE
0x0000007102BD93C0,_ZN15FrameworkString18mNetworkPlayerLeftE
0x0000007102BD93C8,_ZN15FrameworkString16mNetworkHostGoneE
0x0000007102BD93D0,_ZN15FrameworkString16mNetworkHostLeftE
0x0000007102BD93D8,_ZN15FrameworkString27mNetworkingLoggedOutProfileE
0x0000007102BD93E0,_ZN15FrameworkString31mNetworkingLoggedOutProfileLiveE
0x0000007102BD93E8,_ZN15FrameworkString28mNetworkingNoGamingPrivilegeE
0x0000007102BD93F0,_ZN15FrameworkString31mNetworkingXboxLiveDisconnectedE
0x0000007102BD93F8,_ZN15FrameworkString16mNetworkSettingsE
0x0000007102BD9400,_ZN15FrameworkString12mNetworkGameE
0x0000007102BD9408,_ZN15FrameworkString21mNetworkNoLeaderboardE
0x0000007102BD9410,_ZN15FrameworkString14mNetworkNoMenuE
0x0000007102BD9418,_ZN15FrameworkString30mNetworkGameConnectedToNetworkE
0x0000007102BD9420,_ZN15FrameworkString26mNetworkConnectedCanInviteE
0x0000007102BD9428,_ZN15FrameworkString24mNetworkConnectedCanJoinE
0x0000007102BD9430,_ZN15FrameworkString16mNetworkGameFullE
0x0000007102BD9438,_ZN15FrameworkString17mNetworkGamerCardE
0x0000007102BD9440,_ZN15FrameworkString20mNetworkInviteFriendE
0x0000007102BD9448,_ZN15FrameworkString19mNetworkInvitePartyE
0x0000007102BD9450,_ZN15FrameworkString18mNetworkInviteOnlyE
0x0000007102BD9458,_ZN15FrameworkString21mNetworkInvitedToPlayE
0x0000007102BD9460,_ZN15FrameworkString18mNetworkKickPlayerE
0x0000007102BD9468,_ZN15FrameworkString15mNetworkNoGamesE
0x0000007102BD9470,_ZN15FrameworkString28mNetworkNoInternetConnectionE
0x0000007102BD9478,_ZN15FrameworkString18mNetworkPlayerKickE
0x0000007102BD9480,_ZN15FrameworkString22mNetworkContentBlockedE
0x0000007102BD9488,_ZN15FrameworkString17mNetworkQuickPlayE
0x0000007102BD9490,_ZN15FrameworkString23mNetworkRemove2ndPlayerE
0x0000007102BD9498,_ZN15FrameworkString22mNetworkSearchForGamesE
0x0000007102BD94A0,_ZN15FrameworkString25mNetworkSearchingForGamesE
0x0000007102BD94A8,_ZN15FrameworkString18mNetworkSearchGameE
0x0000007102BD94B0,_ZN15FrameworkString18mNetworkSearchModeE
0x0000007102BD94B8,_ZN15FrameworkString21mNetworkSearchRefreshE
0x0000007102BD94C0,_ZN15FrameworkString15mNetworkSyncingE
0x0000007102BD94C8,_ZN15FrameworkString19mNetworkViewInvitesE
0x0000007102BD94D0,_ZN15FrameworkString21mNetworkWaitTillReadyE
0x0000007102BD94D8,_ZN15FrameworkString13mNetworkErrorE
0x0000007102BD94E0,_ZN15FrameworkString17mNetworkConnectedE
0x0000007102BD94E8,_ZN15FrameworkString19mNetworkConnectedToE
0x0000007102BD94F0,_ZN15FrameworkString11mNetworkAnyE
0x0000007102BD94F8,_ZN15FrameworkString18mNetworkAnyoneJoinE
0x0000007102BD9500,_ZN15FrameworkString21mNetworkAvailableJoinE
0x0000007102BD9508,_ZN15FrameworkString22mNetworkAvailableGamesE
0x0000007102BD9510,_ZN15FrameworkString18mNetworkConnectingE
0x0000007102BD9518,_ZN15FrameworkString24mNetworkConnectionFailedE
0x0000007102BD9520,_ZN15FrameworkString20mNetworkDisconnectedE
0x0000007102BD9528,_ZN15FrameworkString30mNetworkDisconnectedAndBlockedE
0x0000007102BD9530,_ZN15FrameworkString20mNetworkGameQuittingE
0x0000007102BD9538,_ZN15FrameworkString18mNetworkRestrictedE
0x0000007102BD9540,_ZN15FrameworkString29mNetworkingGameConnectionLostE
0x0000007102BD9548,_ZN15FrameworkString26mNetworkPlayerDisconnectedE
0x0000007102BD9550,_ZN15FrameworkString21mNetworkInviteIgnoredE
0x0000007102BD9558,_ZN15FrameworkString22mNetworkChatRestrictedE
0x0000007102BD9560,theGameFramework
0x0000007102BD9568,_ZN13GameFramework17m_sAbortResourcesE
0x0000007102BD9570,_ZN13GameFramework31m_LoadLevelDataEvent_DEPRECATEDE
0x0000007102BD9598,_ZN13GameFramework22m_UnloadLevelDataEventE
0x0000007102BD95C0,_ZN13GameFramework31m_PostLevelLoadEvent_DEPRECATEDE
0x0000007102BD95E8,_ZN13GameFramework21m_PreLevelUnloadEventE
0x0000007102BD9610,_ZN13GameFramework17m_EnterLevelEventE
0x0000007102BD9638,_ZN13GameFramework16m_ExitLevelEventE
0x0000007102BD9660,PortalScene
0x0000007102BD9668,_ZN23FrameworkSystemSettings10mLoadStageE
0x0000007102BD9670,_ZN13GameFramework32m_ProfileChangedMessageDismissedE
0x0000007102BD96A0,_ZN13GameFramework24m_GameFrameworkLedLoadedE
0x0000007102BD96C8,_ZN20ClassManagerAccessorI29ReflectionCapturePointManagerE10MANAGER_IDE
0x0000007102BD96CC,_ZN20ClassManagerAccessorI21ReflectionZoneManagerE10MANAGER_IDE
0x0000007102BD96D0,OutputMemoryInfo
0x0000007102BD96D4,OutputMemorySortOrder
0x0000007102BD96D8,_ZN13GameFramework18m_BeforeAnimationsE
0x0000007102BD9700,xxx
0x0000007102BD9708,_ZN13GameFramework27m_BGProcLanguageChosenEventE
0x0000007102BD9730,g_NuLanguageAvailableLanguage
0x0000007102BD9750,_ZN13GameFramework22m_RestartFrontendEventE
0x0000007102BD9778,_ZN13GameFramework19m_UserSystemUIEventE
0x0000007102BD97A0,_ZN13GameFramework18m_LevelSelectEventE
0x0000007102BD97C8,_ZN13GameFramework19m_StartNewGameEventE
0x0000007102BD97F0,_ZN13GameFramework24m_ProceedToGameplayEventE
0x0000007102BD9818,_ZN13GameFramework24m_InitialiseNewGameEventE
0x0000007102BD9840,_ZN13GameFramework16m_ResetGameEventE
0x0000007102BD9868,_ZN13GameFramework14m_NewModeEventE
0x0000007102BD9890,_ZN13GameFramework27m_VideoSettingsChangedEventE
0x0000007102BD98B8,_ZN13GameFramework18m_GameSetIdleEventE
0x0000007102BD98E0,_ZN13GameFramework19m_GameSetInUseEventE
0x0000007102BD9908,_ZN13GameFramework29m_PostLoadInitialisationEventE
0x0000007102BD9930,_ZN13GameFramework18m_PostEdFixUpEventE
0x0000007102BD9958,_ZN13GameFramework28m_PreLoadInitialisationEventE
0x0000007102BD9980,_ZN13GameFramework25m_GameReturningToFrontendE
0x0000007102BD99A8,_ZN13GameFramework15m_EarlyLoadDataE
0x0000007102BD99D0,_ZGVN20ClassManagerAccessorI29ReflectionCapturePointManagerE10MANAGER_IDE
0x0000007102BD99D8,_ZGVN20ClassManagerAccessorI21ReflectionZoneManagerE10MANAGER_IDE
0x0000007102BD99E0,_ZN13SplineHelperTI10BeamSplineE15sm_SplineHelperE
0x0000007102BD99E8,_ZN9SingletonI19NuSceneResourceTypeE9mInstanceE
0x0000007102BD99F0,_ZN9SingletonI19NUHGOBJResourceTypeE9mInstanceE
0x0000007102BD99F8,_ZN9SingletonI16AnimResourceTypeE9mInstanceE
0x0000007102BD9A00,_ZN9SingletonI15SFXResourceTypeE9mInstanceE
0x0000007102BD9A08,_ZN9SingletonI19TextureResourceTypeE9mInstanceE
0x0000007102BD9A10,_ZN9SingletonI29FrameworkPlayerProfileManagerE9mInstanceE
0x0000007102BD9A18,_ZN9SingletonI12SceneManagerE9mInstanceE
0x0000007102BD9A20,_ZN9SingletonI22AnimDecompressionCacheE9mInstanceE
0x0000007102BD9A28,_ZN20ClassManagerAccessorI13OverlaySystemE10MANAGER_IDE
0x0000007102BD9A30,_ZGVN20ClassManagerAccessorI13OverlaySystemE10MANAGER_IDE
0x0000007102BD9A38,_ZN14LevelContainer24sm_CurrentLevelContainerE
0x0000007102BD9A40,_ZN21LevelContainerManager11sm_InstanceE
0x0000007102BD9A48,_ZN21LevelContainerManager15thingRenderDataE
0x0000007102BD9A50,_ZN21LevelContainerManager21preRenderHackFunctionE
0x0000007102BD9A58,_ZN21LevelContainerManager17animateWhenPausedE
0x0000007102BD9A5C,_ZN21LevelContainerManager20m_AllocatedPipeIndexE
0x0000007102BD9A60,_ZN21LevelContainerManager16sm_WireframeModeE
0x0000007102BD9A68,_ZN21LevelContainerManager18m_defaultLevelViewE
0x0000007102BD9A70,_ZN21LevelContainerManager15m_defaultCameraE
0x0000007102BD9DE0,_ZN21LevelContainerManager19m_imposterPipeIndexE
0x0000007102BD9DE4,_ZN21LevelContainerManager14m_drcPipeIndexE
0x0000007102BD9DE8,_ZN21LevelContainerManager15m_gamePipeIndexE
0x0000007102BD9DF0,_ZN21LevelContainerManager14m_imposterPipeE
0x0000007102BD9DF8,_ZN21LevelContainerManager9m_drcPipeE
0x0000007102BD9E00,_ZN21LevelContainerManager10m_gamePipeE
0x0000007102BD9E10,uLevelContainerManager_Process_CompletedSimpleJobs
0x0000007102BD9E18,tLevelContainerManager_Process_Critical_Section
0x0000007102BD9E40,g_disableHUDRenderForXMoreCalls
0x0000007102BD9E44,g_StreamingOnlyTest
0x0000007102BD9E48,_ZN21LevelStreamingManager9mInstanceE
0x0000007102BD9E50,_ZN21LevelStreamingManager23m_GameResourceLoadEventE
0x0000007102BD9EB0,_ZN21LevelStreamingManager20m_GameLevelLoadEventE
0x0000007102BD9F10,_ZN21LevelStreamingManager22m_GameLevelUnloadEventE
0x0000007102BD9F70,_ZN21LevelStreamingManager23m_GameLevelUnfixupEventE
0x0000007102BD9FD0,_ZN21LevelStreamingManager21m_GameLevelFixupEventE
0x0000007102BDA030,_ZN21LevelStreamingManager20m_GameLevelInitEventE
0x0000007102BDA080,_ZN21LevelStreamingManager22m_GameLevelUninitEventE
0x0000007102BDA0D0,_ZN21LevelStreamingManager28m_GameDeactivateRequestEventE
0x0000007102BDA0F8,_ZN21LevelStreamingManager19m_RequestMemoryPoolE
0x0000007102BDA100,_ZN21LevelStreamingManager16StreamingRequest17mLoadRequestCountE
0x0000007102BDA104,_ZN20ClassManagerAccessorI21LevelStreamingManagerE10MANAGER_IDE
0x0000007102BDA108,_ZGVN20ClassManagerAccessorI21LevelStreamingManagerE10MANAGER_IDE
0x0000007102BDA110,_ZZNK18StreamingLevelList8LevelEndEvE5itEnd
0x0000007102BDA1B8,_ZGVZNK18StreamingLevelList8LevelEndEvE5itEnd
0x0000007102BDA1C0,_ZN14StreamingLevel28m_LoadPOIContainerMemoryPoolE
0x0000007102BDA278,theStreamingLevelDebugInfo
0x0000007102BDA280,theStreamingLevelConfigHelper
0x0000007102BDA288,theStreamingLevelAreaHelper
0x0000007102BDA290,theStreamingLevelBoxAreaHelper
0x0000007102BDA298,theStreamingLevelSplineAreaHelper
0x0000007102BDA2A0,theStreamingLevelAreaBoundLevelHelper
0x0000007102BDA2A8,_ZN25StreamingLevelAreaManager9mPOICountE
0x0000007102BDA2AC,_ZN25StreamingLevelAreaManager13mPOITransformE
0x0000007102BDA530,_ZN25StreamingLevelAreaManager12mPOIVelocityE
0x0000007102BDA5D0,_ZN25StreamingLevelAreaManager15mPOIDescriptionE
0x0000007102BDA620,_ZN25StreamingLevelAreaManager12mPOITeleportE
0x0000007102BDA621,_ZN25StreamingLevelAreaManager17mAllowPvsLoadVetoE
0x0000007102BDA630,_ZN25StreamingLevelAreaManager20mSmartStreamingStateE
0x0000007102BDA6E8,_ZN22BackgroundLevelManager9mInstanceE
0x0000007102BDA6F0,_ZN20CurrentLevelsManager9mInstanceE
0x0000007102BDA6F8,theResourceDefinitionHelper
0x0000007102BDA700,theResourceDefinitionSetHelper
0x0000007102BDA708,theResourceDefinitionAssetHelper
0x0000007102BDA710,theResourceDefinitionGSCHelper
0x0000007102BDA718,theResourceDefinitionLEDHelper
0x0000007102BDA720,theResourceDefinitionStreamingLevelHelper
0x0000007102BDA728,theResourceDefinitionExternalLevelHelper
0x0000007102BDA730,theCurrentSplashSequence
0x0000007102BDA738,_ZN20SplashScreenSequence20s_SplashImposedStateE
0x0000007102BDA740,_ZN20SplashScreenSequence15m_FinishedEventE
0x0000007102BDA768,_ZN20SplashScreenSequence14m_LoadSequenceE
0x0000007102BDA770,theGameSplashScreens
0x0000007102BDA778,_ZN9SingletonI12SplashScreenE9mInstanceE
0x0000007102BDA780,theFrameworkScreenGrabThing
0x0000007102BDA788,_ZN20ClassManagerAccessorI24FrameworkScreenGrabThingE10MANAGER_IDE
0x0000007102BDA790,_ZN24FrameworkScreenGrabThing11AboutToGrabE
0x0000007102BDA7B8,_ZGVN20ClassManagerAccessorI24FrameworkScreenGrabThingE10MANAGER_IDE
0x0000007102BDA7C0,gdv_FrameworkImposeDrawSafeArea
0x0000007102BDA7C8,theFrameworkImpose
0x0000007102BDA7D0,_ZN20ClassManagerAccessorI15FrameworkImposeE10MANAGER_IDE
0x0000007102BDA7D8,_ZN15FrameworkImpose19m_StateChangedEventE
0x0000007102BDA800,_ZGVN20ClassManagerAccessorI15FrameworkImposeE10MANAGER_IDE
0x0000007102BDA808,_ZN12ImposedState15mLastResultCodeE
0x0000007102BDA810,_ZN25FrameworkImposePadChecker32m_ReconnectMessageDismissedEventE
0x0000007102BDA838,PCOkPressed
0x0000007102BDA839,_ZN25FrameworkImposePadChecker38s_CutsceneSkipPromptRequiresControllerE
0x0000007102BDA840,theAPIMenuFlow
0x0000007102BDA848,_ZN9MenuFlow225m_GameFrameworkLedVersionE
0x0000007102BDA84C,_ZN20ClassManagerAccessorI9MenuFlow2E10MANAGER_IDE
0x0000007102BDA850,_ZN9MenuFlow212m_ResetEventE
0x0000007102BDA878,_ZN9MenuFlow220m_MenuDismissedEventE
0x0000007102BDA8A0,_ZN9MenuFlow216m_MenuEnterEventE
0x0000007102BDA8C8,_ZGVN20ClassManagerAccessorI9MenuFlow2E10MANAGER_IDE
0x0000007102BDA8D0,_ZN9SingletonI19StoryFreeplayScreenE9mInstanceE
0x0000007102BDA8D8,_ZN9SingletonI13FrameworkDemoE9mInstanceE
0x0000007102BDA8E0,_ZN9SingletonI10FadeScreenE9mInstanceE
0x0000007102BDA8E8,_ZN9SingletonI28FrameworkImposeMessageScreenE9mInstanceE
0x0000007102BDA8F0,theFrameworkImposeMessageScreen
0x0000007102BDA9B0,_ZN18GenericPageHandler21m_StaticMessageBufferE
0x0000007102BDABC0,theGenericPageHandler
0x0000007102BDABC8,theAnimatingSaveIconScreen
0x0000007102BDABD0,_ZN10FadeScreen21m_FinishedFadingEventE
0x0000007102BDABF8,theMenuFadePageHandler
0x0000007102BDAC00,theLedGuiSemiFade
0x0000007102BDAC08,theLedGuiFullScreenFadeToBlack
0x0000007102BDAC18,_ZN20LanguageSelectScreen21m_LanguageChosenEventE
0x0000007102BDAC40,_ZN17LevelSelectScreen6m_MenuE
0x0000007102BDAC48,_ZN17LevelSelectScreen12m_LevelCountE
0x0000007102BDAC50,_ZN14MainMenuScreen6m_MenuE
0x0000007102BDAC58,_ZN14MainMenuScreen23m_NewGameOverrideStringE
0x0000007102BDAC60,_ZN14MainMenuScreen17m_DemoTimeoutTimeE
0x0000007102BDAC68,theMainMenuScreen
0x0000007102BDAC70,_ZN14MainMenuScreen24m_UnhandledMenuSelectionE
0x0000007102BDAC98,_ZN14MainMenuScreen26m_FrontendPlayCreditsEventE
0x0000007102BDACC0,_ZN13OptionsScreen12OptionsEventE
0x0000007102BDACE8,_ZN13OptionsScreen23s_FrontendViewedOptionsE
0x0000007102BDACF0,_ZN16PressStartScreen26m_ListeningForStartPressedE
0x0000007102BDACF1,g_HideTitle
0x0000007102BDACF8,thePressStartScreen
0x0000007102BDAD00,theMenuPrompts
0x0000007102BDAD08,theSaveSlotsScreen
0x0000007102BDAD10,_ZN19StoryFreeplayScreen6m_MenuE
0x0000007102BDAD18,_ZN13TrailerScreen6m_MenuE
0x0000007102BDAD20,theTrailerScreen
0x0000007102BDAD28,_ZN13TrailerScreen16ViewTrailerEventE
0x0000007102BDAD50,_ZN18ChooseDeviceScreen21m_FirstTimeSinceStartE
0x0000007102BDAD58,_ZN23ControllerMappingScreen17ShowControlsEventE
0x0000007102BDAD80,theControllerMappingScreen
0x0000007102BDAD88,theDemoSplashScreen
0x0000007102BDAD90,_ZN16DemoSplashScreen7m_StageE
0x0000007102BDAD94,_ZN19QuitToDesktopScreen18m_QuitingToDesktopE
0x0000007102BDAD98,m_HoldOnScreen
0x0000007102BDADA8,theShowControlsPage
0x0000007102BDADB0,_ZN12SignInScreen21m_FirstTimeSinceStartE
0x0000007102BDADB4,_ZN19SubtitlesInfoScreen10s_ExitModeE
0x0000007102BDADB8,_ZN24SubtitlesSelectionScreen14SubtitlesEventE
0x0000007102BDADE0,theFrameworkSplashPage
0x0000007102BDADE8,_ZN12SplashScreen14s_IgnoreImposeE
0x0000007102BDADF0,_ZN12SplashScreen16m_BeginFadingOutE
0x0000007102BDAE18,_ZN12SplashScreen12m_PauseEventE
0x0000007102BDAE40,_ZN8FadeBase12mCurrentFadeE
0x0000007102BDAE48,theFrameworkPlayerProfileManager
0x0000007102BDAE50,_ZN20ClassManagerAccessorI29FrameworkPlayerProfileManagerE10MANAGER_IDE
0x0000007102BDAE58,_ZGVN20ClassManagerAccessorI29FrameworkPlayerProfileManagerE10MANAGER_IDE
0x0000007102BDAE60,theFrameworkThingPtr
0x0000007102BDAE68,_ZN20ClassManagerAccessorI14FrameworkThingE10MANAGER_IDE
0x0000007102BDAE70,_ZGVN20ClassManagerAccessorI14FrameworkThingE10MANAGER_IDE
0x0000007102BDAE78,ParseBufferPtr
0x0000007102BDAE80,ParseBufferEnd
0x0000007102BDAE88,condensed
0x0000007102BDAE90,_ZN9CfgLoader17s_CriticalSectionE
0x0000007102BDAEB0,_ZN24ReadCfgInfoContainerList17ListOfReadCfgInfoE
0x0000007102BDAED8,_ZN7CfgMenu7TopMenuE
0x0000007102BDAF00,_ZN12CommonString22m_CaseSensitiveCompareE
0x0000007102BDAF08,_ZN15NuSceneResource44mPendingDeleteSceneListAccessCriticalSectionE
0x0000007102BDAF28,_ZN15NuSceneResource23mPendingDeleteSceneListE
0x0000007102BDAF60,_ZN15NUHGOBJResource44mPendingDeleteHGOBJListAccessCriticalSectionE
0x0000007102BDAF80,_ZN15NUHGOBJResource23mPendingDeleteHGOBJListE
0x0000007102BDAFB8,_ZN22AnimDecompressionCache21mCacheCriticalSectionE
0x0000007102BDAFD8,_ZN12AnimResource49mPendingDeleteKrawlyAnimListAccessCriticalSectionE
0x0000007102BDAFF8,_ZN12AnimResource29mPendingDeleteKrawlyAnimListsE
0x0000007102BDB0A0,_ZN15TextureResource46mPendingDeleteTextureListAccessCriticalSectionE
0x0000007102BDB0C0,_ZN15TextureResource35mPendingDeleteRenderingTextureListsE
0x0000007102BDB168,_ZN14ResourceLoader14mResourceTypesE
0x0000007102BDB180,_ZN14ResourceLoader32mProcessResourcesCriticalSectionE
0x0000007102BDB1A0,_ZN14ResourceLoader21mCurrProcessingThreadE
0x0000007102BDB1A8,_ZN14ResourceLoader33mProcessListAccessCriticalSectionE
0x0000007102BDB1D0,_ZN15ClipLineManager14vkScreenCentreE
0x0000007102BDB1E0,_ZN15ClipLineManager12STATE_STATICE
0x0000007102BDB1E8,_ZN15ClipLineManager13STATE_SHIFTINE
0x0000007102BDB1F0,_ZN15ClipLineManager14STATE_SHIFTOUTE
0x0000007102BDB200,_ZN15ClipLineManager19STATE_WIPEFROMRIGHTE
0x0000007102BDB220,_ZN15ClipLineManager18STATE_WIPEFROMLEFTE
0x0000007102BDB240,_ZN15ClipLineManager24STATE_WIPEFROMBOTTOMLEFTE
0x0000007102BDB260,_ZN8ClipLine34kVerticalUpLineAbsoluteScreenSpaceE
0x0000007102BDB280,_ZN8ClipLine37kDiagonalSlashLineAbsoluteScreenSpaceE
0x0000007102BDB2A0,_ZZN12NuScalarBase13Get10EMinus05EvE10s_SMALLFLT
0x0000007102BDB2A8,_ZGVZN12NuScalarBase13Get10EMinus05EvE10s_SMALLFLT
0x0000007102BDB2B0,_ZN19cNewSplitScreenInfo9OrbParams18kOrbRimOuterColourE
0x0000007102BDB2B4,_ZN19cNewSplitScreenInfo9OrbParams12kInitialisedE
0x0000007102BDB2B8,g_E3_HACK_LLOTR6065_SplitScreenDontUpdateCamerasForXFrames
0x0000007102BDB2BC,_ZN27DynamicSplitScreenLevelView11_kViewCountE
0x0000007102BDB2C0,_ZN22cNewSplitScreenManager27kDynSplitMiniCutBlendParamsE
0x0000007102BDB2D4,_ZN22cNewSplitScreenManager13kClipLineInitE
0x0000007102BDB2D8,_ZN22cNewSplitScreenManager16kStaticMaterialsE
0x0000007102BDB308,_ZN22cNewSplitScreenManager19m_statesInitialisedE
0x0000007102BDB30C,_ZN22cNewSplitScreenManager16k_iFirstGamePipeE
0x0000007102BDB310,_ZN22cNewSplitScreenManager12k_iGamePipesE
0x0000007102BDB320,_ZN22cNewSplitScreenManager15ms_DRCLevelViewE
0x0000007102BDB328,_ZN22cNewSplitScreenManager10k_iDRCPipeE
0x0000007102BDB330,_ZN22cNewSplitScreenManager21kDisableOrbRenderPipeE
0x0000007102BDB331,_ZN22cNewSplitScreenManager29kDisableModPartyManagerUpdateE
0x0000007102BDB338,_ZN22cNewSplitScreenManager25kSharedNuEffectTexWrapperE
0x0000007102BDB340,_ZN22cNewSplitScreenManager18m_framebufferWidthE
0x0000007102BDB344,_ZN22cNewSplitScreenManager19m_framebufferHeightE
0x0000007102BDB348,_ZN22cNewSplitScreenManager15m_rcp_effectTexE
0x0000007102BDB350,_ZN22cNewSplitScreenManager17kOffsetSplitWidthE
0x0000007102BDB354,_ZN22cNewSplitScreenManager25_kSplitScreenManagerCountE
0x0000007102BDB358,_ZN22cNewSplitScreenManager17STATE_DYNAMICCOOPE
0x0000007102BDB368,_ZN22cNewSplitScreenManager18STATE_SINGLECAMERAE
0x0000007102BDB378,_ZN22cNewSplitScreenManager24STATE_CUTSCENEDUALCAMERAE
0x0000007102BDB388,_ZN22cNewSplitScreenManager33STATE_CUTSCENEDUALCAMERACROSSFADEE
0x0000007102BDB398,_ZN22cNewSplitScreenManager24STATE_FORCEVERTICALSPLITE
0x0000007102BDB3A8,_ZN22cNewSplitScreenManager26STATE_FORCEHORIZONTALSPLITE
0x0000007102BDB3B8,_ZN22cNewSplitScreenManager14STATE_FIXEDORBE
0x0000007102BDB460,_ZN22cNewSplitScreenManager11kvScreenPtsE
0x0000007102BDB4A0,_ZN22cNewSplitScreenManager14kvScreenLnVecsE
0x0000007102BDB4E0,_ZN22cNewSplitScreenManager23kvSafeAreaScreenLinePtsE
0x0000007102BDB560,_ZN22cNewSplitScreenManager24kvSafeAreaScreenLineVecsE
0x0000007102BDB5A0,_ZN22cNewSplitScreenManager26kDebugPrimaryCameraAllowedE
0x0000007102BDB5A4,_ZN22cNewSplitScreenManager25kDebugPrimaryCameraToggleE
0x0000007102BDB5B0,_ZN22cNewSplitScreenManager22m_kDebugSplitCameraPOIE
0x0000007102BDB5C0,_ZN22cNewSplitScreenManager16vScreenPtsOffsetE
0x0000007102BDB600,_ZN22cNewSplitScreenManager25m_kNumLevelViewsLastFrameE
0x0000007102BDB608,_ZN9LevelView19kScreenFadeMaterialE
0x0000007102BDB610,_ZN9LevelView17kStillScreenMtl2DE
0x0000007102BDB618,_ZN9LevelView19kStaticsInitialisedE
0x0000007102BDB620,_ZN13LevelViewFade15sm_wipeMaterialE
0x0000007102BDB630,_ZN17SegmentCalculator9TriPointsE
0x0000007102BDB6C0,_ZN17SegmentCalculator9TriCentreE
0x0000007102BDB6F0,_ZN17SegmentCalculator7PolyPtsE
0x0000007102BDB740,_ZN17SegmentCalculator7TriAreaE
0x0000007102BDB74C,_ZN17SegmentCalculator10NumPolyPtsE
0x0000007102BDB750,_ZN16SplitScreenState18_kStateFlagCounterE
0x0000007102BDB754,_ZN14StateSingletonI27SplitScreenDynamicCoopStateE18_kStateInitialisedE
0x0000007102BDB755,_ZN14StateSingletonI28SplitScreenSingleCameraStateE18_kStateInitialisedE
0x0000007102BDB756,_ZN14StateSingletonI29SplitScreenOrbFixedPanelStateE18_kStateInitialisedE
0x0000007102BDB757,_ZN14StateSingletonI34SplitScreenCutsceneDualCameraStateE18_kStateInitialisedE
0x0000007102BDB758,_ZN14StateSingletonI43SplitScreenCutsceneDualCameraCrossFadeStateE18_kStateInitialisedE
0x0000007102BDB759,_ZN14StateSingletonI34SplitScreenForceVerticalSplitStateE18_kStateInitialisedE
0x0000007102BDB75A,_ZN14StateSingletonI36SplitScreenForceHorizontalSplitStateE18_kStateInitialisedE
0x0000007102BDB75C,g_orbAngle
0x0000007102BDB760,_ZN13ScriptLibrary12m_NumActionsE
0x0000007102BDB768,_ZN13ScriptLibrary9m_ActionsE
0x0000007102BDF5E8,_ZN13ScriptLibrary11m_NumEventsE
0x0000007102BDF5F0,_ZN13ScriptLibrary8m_EventsE
0x0000007102BDF910,_ZN13ScriptLibrary17m_RegisterActionsE
0x0000007102BDF938,SkipParsing
0x0000007102BDF940,xFile
0x0000007102BDF948,xParser
0x0000007102BDF958,_ZN13ScriptVarType4MapsE
0x0000007102BE3258,_ZN13ScriptVarType9ModifiersE
0x0000007102BE33C0,_ZN12ScriptMemory6m_PoolE
0x0000007102BE33C8,yyleng
0x0000007102BE33D0,yyin
0x0000007102BE33D8,yyout
0x0000007102BE33E0,yy_flex_debug
0x0000007102BE33E8,yytext
0x0000007102BE3428,yychar
0x0000007102BE3430,yylval
0x0000007102BE3438,yynerrs
0x0000007102BE34B8,_ZN28MechAbilityReferencePriority7INVALIDE
0x0000007102BE34D0,_ZN17MechAbilityHandle7INVALIDE
0x0000007102BE34D8,_ZN28MechAbilityInstanceStrongPtr7INVALIDE
0x0000007102BE3550,_ZN13MechAbilities24s_registerAbilitiesEventE
0x0000007102BE3578,_ZN13MechAbilities20s_findAbilitiesEventE
0x0000007102BE35A0,_ZN13MechAbilities36EVENTTYPE_OBJECT_DESTROYINGABILITIESE
0x0000007102BE35B0,g_addAbilityDefaultSubAbilityDepthHack
0x0000007102BE35B8,_ZN13MechAbilities15m_menuAbilitiesE
0x0000007102BE35D0,_ZN13MechAbilities15m_menuCharacterE
0x0000007102BE35E8,_ZN29MechAbilityNamesEdListControl15IGNORE_CANUSEONE
0x0000007102BE35EC,_ZZN19MechObjectEventData11GetTypeHashEvE10s_typeHash
0x0000007102BE35F0,_ZGVZN19MechObjectEventData11GetTypeHashEvE10s_typeHash
0x0000007102BE3738,_ZN13MechCharacter8s_typeIDE
0x0000007102BE373C,_ZN13MechCharacter29s_disableActionOverrideEventsE
0x0000007102BE3740,_ZN13MechCharacter16s_AddOnOwnerTypeE
0x0000007102BE3744,_ZN13MechCharacter19s_playerLakIncreaseE
0x0000007102BE3758,_ZN13MechCharacter14smEventArrivedE
0x0000007102BE3780,_ZN13MechCharacter22smWaypointEventArrivedE
0x0000007102BE37A8,_ZN13MechCharacter18smEventEnteredAreaE
0x0000007102BE37D0,_ZN13MechCharacter21smEventEnteredVehicleE
0x0000007102BE37F8,_ZN13MechCharacter20smEventExitedVehicleE
0x0000007102BE3820,_ZN13MechCharacter25smEventCharacterCollisionE
0x0000007102BE3848,_ZN13MechCharacter14smEventTackledE
0x0000007102BE3870,_ZN13MechCharacter19smEventRexWasThrownE
0x0000007102BE3898,_ZN13MechCharacter27smEventRexRecoveredFromStunE
0x0000007102BE38C0,_ZN13MechCharacter19smPlayer2DroppedOutE
0x0000007102BE38E8,_ZN12SystemMixinsI19MechOpponentManagerE11m_singletonE
0x0000007102BE38F0,_ZN9SingletonI19MechCharacterHelperE9mInstanceE
0x0000007102BE38F8,_ZN12SystemMixinsI14MechCharactersE11m_singletonE
0x0000007102BE3900,_ZN12SystemMixinsI9MechHooksE11m_singletonE
0x0000007102BE3958,_ZN27MechCharacterBaseHealthInfo25s_drawBossHitPointsSilverE
0x0000007102BE39B0,_ZN25MechCharacterDynoListener30s_overlapBeginWaterEntityEventE
0x0000007102BE3A00,_ZN19MechCharacterHelper7mParamsE
0x0000007102BE3A70,_ZN9SingletonI25MechCharacterParamsHelperE9mInstanceE
0x0000007102BE3AF8,_ZN14MechCharacters12EventCreatedE
0x0000007102BE3B20,_ZN14MechCharacters16s_dropInOutEventE
0x0000007102BE3B48,_ZN14MechCharacters14EventActivatedE
0x0000007102BE3B70,_ZN14MechCharacters25EventChangedPlayerControlE
0x0000007102BE3B98,_ZN14MechCharacters28EventCharacterChangedCharDefE
0x0000007102BE3BC0,_ZN14MechCharacters27EventChangedPartyMembershipE
0x0000007102BE3BE8,_ZN14MechCharacters18MECHABILITY_PLAYERE
0x0000007102BE3BF0,_ZN14MechCharacters14MECHABILITY_AIE
0x0000007102BE3BF8,_ZN14MechCharacters7s_listsE
0x0000007102BE3EC8,_ZN14MechCharacters14s_uniqueTypeIDE
0x0000007102BE3ECC,_ZN14MechCharacters19s_mechPlayerPacketsE
0x0000007102BE3ECE,_ZN14MechCharacters24s_mechMovementSuppressedE
0x0000007102BE3ED0,_ZN14MechCharacters24s_identifyMechCharactersE
0x0000007102BE3ED1,_ZN14MechCharacters20s_renderDebugEnabledE
0x0000007102BE3ED2,_ZN14MechCharacters17s_disableMechNPCsE
0x0000007102BE3ED3,g_debug_SolidRender
0x0000007102BE3ED4,_ZN20ClassManagerAccessorI14MechCharactersE10MANAGER_IDE
0x0000007102BE3ED8,_ZGVN20ClassManagerAccessorI14MechCharactersE10MANAGER_IDE
0x0000007102BE3F10,_ZN11MechContext18s_standardSeekRateE
0x0000007102BE3FB8,_ZN20ClassManagerAccessorI17MechContextSystemE10MANAGER_IDE
0x0000007102BE3FC0,_ZGVN20ClassManagerAccessorI17MechContextSystemE10MANAGER_IDE
0x0000007102BE3FF0,_ZN14MechRidingData18s_beganRidingEventE
0x0000007102BE4018,_ZN14MechRidingData21s_finishedRidingEventE
0x0000007102BE4108,_ZN11JumpContext11s_lungeSlamE
0x0000007102BE410C,_ZN11JumpContext15s_wallJumpSpeedE
0x0000007102BE4160,_ZN15LandSlamContext13s_getDebrisfnE
0x0000007102BE41B8,_ZN15SwimmingContext19Event_FallenInWaterE
0x0000007102BE41E0,_ZN15SwimmingContext15s_jumpOutHeightE
0x0000007102BE42FC,_ZN12GlideContext14s_glideBankingE
0x0000007102BE4410,_ZN22LegoContextHandlerBaseI16AnimBlendContextE19m_contextInstanceIdE
0x0000007102BE44B4,_ZN20ClassManagerAccessorI14SplineManagerTI19MechGrindRailSplineEE10MANAGER_IDE
0x0000007102BE44B8,_ZGVN20ClassManagerAccessorI14SplineManagerTI19MechGrindRailSplineEE10MANAGER_IDE
0x0000007102BE4538,_ZN12MechKrawlies20s_largestContextUsedE
0x0000007102BE453C,_ZN12MechKrawlies19s_krawlieDisplayLODE
0x0000007102BE4540,_ZN12MechKrawlies13s_angVecArrayE
0x0000007102BE5540,_ZN12MechKrawlies15smEventDismountE
0x0000007102BE5568,_ZN20ClassManagerAccessorI12MechKrawliesE10MANAGER_IDE
0x0000007102BE5570,_ZGVN20ClassManagerAccessorI12MechKrawliesE10MANAGER_IDE
0x0000007102BE55C8,_ZN12SystemMixinsI17MechKrawlieAddonsE11m_singletonE
0x0000007102BE5648,_ZN29MechKrawlieSimpleHookOnCreate8s_hashIdE
0x0000007102BE564C,_ZN30MechKrawlieSimpleHookOnDestroy8s_hashIdE
0x0000007102BE5650,_ZN35MechKrawlieSimpleHookOverrideTypeId8s_hashIdE
0x0000007102BE5654,_ZN33MechKrawlieSimpleHookOverrideAnim8s_hashIdE
0x0000007102BE5658,_ZN38MechKrawlieSimpleHookOverrideTargetPos8s_hashIdE
0x0000007102BE565C,_ZN37MechKrawlieSimpleHookContextCompleted8s_hashIdE
0x0000007102BE5660,_ZN37MechKrawlieSimpleHookCollidedWithEdge8s_hashIdE
0x0000007102BE5664,_ZN30MechKrawlieSimpleHookCollision8s_hashIdE
0x0000007102BE5668,_ZN32MechKrawlieSimpleHookPlayerClose8s_hashIdE
0x0000007102BE566C,_ZN26MechKrawlieSimpleHookHitBy8s_hashIdE
0x0000007102BE5670,_ZN35MechKrawlieSimpleHookHitAnimTrigger8s_hashIdE
0x0000007102BE5674,_ZN28MechKrawlieSimpleHookFlatten8s_hashIdE
0x0000007102BE5678,_ZN43MechKrawlieSimpleHookStationaryVehicleClose8s_hashIdE
0x0000007102BE567C,_ZN37MechKrawlieSimpleHookGetDesiredTarget8s_hashIdE
0x0000007102BE5680,_ZN43MechKrawlieSimpleHookTransformIntoCharacter8s_hashIdE
0x0000007102BE5684,_ZN39MechKrawlieSimpleHookMovingVehicleClose8s_hashIdE
0x0000007102BE5688,_ZN40MechKrawlieSimpleHookBigScaryObjectClose8s_hashIdE
0x0000007102BE568C,_ZN38MechKrawlieSimpleHookSectorNodeRemoved8s_hashIdE
0x0000007102BE5704,_ZN26MechKrawlieTypeDefinitions11KrawlieType9s_nextUIDE
0x0000007102BE5708,_ZN26MechKrawlieTypeDefinitions29s_currentlyParsingKrawlieTypeE
0x0000007102BE5710,_ZN26MechKrawlieTypeDefinitions30s_currentlyParsingKrawlieGroupE
0x0000007102BE5718,krawlieTypeDef_ColorLookupTable
0x0000007102BE5958,_ZN20ClassManagerAccessorI26MechKrawlieTypeDefinitionsE10MANAGER_IDE
0x0000007102BE5960,_ZGVN20ClassManagerAccessorI26MechKrawlieTypeDefinitionsE10MANAGER_IDE
0x0000007102BE5990,_ZN15MechKrawliePack20s_krawliePackMemUsedE
0x0000007102BE59E4,_ZN23MechKrawliePlayAreaInit9s_memUsedE
0x0000007102BE59E8,_ZN19MechKrawliePlayArea24s_krawliePlayAreaMemUsedE
0x0000007102BE5A3C,_ZN30MechKrawlieSplatterGridHeights16s_memUsedHeightsE
0x0000007102BE5A40,_ZN30MechKrawlieSplatterGridHeights10s_minGridXE
0x0000007102BE5A44,_ZN30MechKrawlieSplatterGridHeights10s_maxGridXE
0x0000007102BE5A48,_ZN30MechKrawlieSplatterGridHeights10s_minGridZE
0x0000007102BE5A4C,_ZN30MechKrawlieSplatterGridHeights15s_splineDebugIdE
0x0000007102BE5A50,_ZN30MechKrawlieSplatterGridHeights20s_splinePointDebugIdE
0x0000007102BE5A60,_ZN30MechKrawlieSplatterGridHeights25s_rotManipulatorTransformE
0x0000007102BE5AA0,theSplatterGridHeightsHelperPtr
0x0000007102BE5AA8,_ZZN16EdHeightArrayRefIhE8GetArrayEPvE5Dummy
0x0000007102BE5AB8,_ZGVZN16EdHeightArrayRefIhE8GetArrayEPvE5Dummy
0x0000007102BE5AC0,_ZZN10EdArrayRefIhE8GetArrayEPvE5Dummy
0x0000007102BE5AD0,_ZGVZN10EdArrayRefIhE8GetArrayEPvE5Dummy
0x0000007102BE5AD8,_ZGVZN10EdArrayRefIcE8GetArrayEPvE5Dummy
0x0000007102BE5AE0,_ZZN10EdArrayRefI5VuVecE8GetArrayEPvE5Dummy
0x0000007102BE5B00,_ZGVZN10EdArrayRefI5VuVecE8GetArrayEPvE5Dummy
0x0000007102BE5B08,_ZZN10EdArrayRefIfE8GetArrayEPvE5Dummy
0x0000007102BE5B18,_ZGVZN10EdArrayRefIfE8GetArrayEPvE5Dummy
0x0000007102BE5B20,_ZZN10EdArrayRefItE8GetArrayEPvE5Dummy
0x0000007102BE5B30,_ZGVZN10EdArrayRefItE8GetArrayEPvE5Dummy
0x0000007102BE5D30,_ZN15MechKrawlieZone9s_memUsedE
0x0000007102BE5D38,_ZN21MechKrawlieZoneHelper16m_clipPlaneTypesE
0x0000007102BE5DC0,_ZN20ClassManagerAccessorI17MechKrawlieAddonsE10MANAGER_IDE
0x0000007102BE5DC8,_ZGVN20ClassManagerAccessorI17MechKrawlieAddonsE10MANAGER_IDE
0x0000007102BE5EE8,_ZN22MechKrawlieContextNone11s_contextIDE
0x0000007102BE5F3C,_ZN37MechKrawlieContextMiniFigAiNodeWander11s_contextIDE
0x0000007102BE5F68,_ZN37MechKrawlieContextMiniFigRandomWander11s_contextIDE
0x0000007102BE5F70,_ZN37MechKrawlieContextMiniFigRandomWander20s_constructionParamsE
0x0000007102BE5FA0,_ZN47MechKrawlieContextMiniFigRandomWanderTurnAround11s_contextIDE
0x0000007102BE5FA4,_ZN47MechKrawlieContextMiniFigRandomWanderTurnAround20s_constructionParamsE
0x0000007102BE5FD4,_ZN26MechKrawliePlayAnimContext11s_contextIDE
0x0000007102BE5FD8,_ZN26MechKrawliePlayAnimContext20s_constructionParamsE
0x0000007102BE600C,_ZN30MechKrawlieMiniFigContextDeath16s_parameterFlagsE
0x0000007102BE6010,_ZN30MechKrawlieMiniFigContextDeath11s_contextIDE
0x0000007102BE603C,_ZN32MechKrawlieMiniFigContextTakeHit11s_contextIDE
0x0000007102BE6040,_ZN32MechKrawlieMiniFigContextTakeHit18s_paramInitialAnimE
0x0000007102BE6050,_ZN32MechKrawlieMiniFigContextTakeHit20s_paramInitialHitDirE
0x0000007102BE6060,_ZN32MechKrawlieMiniFigContextTakeHit21s_paramKnockbackSpeedE
0x0000007102BE608C,_ZN34MechKrawlieMiniFigContextThrowItem17s_paramaterAnimIdE
0x0000007102BE6090,_ZN34MechKrawlieMiniFigContextThrowItem22s_paramaterThrowTargetE
0x0000007102BE609C,_ZN34MechKrawlieMiniFigContextThrowItem11s_contextIDE
0x0000007102BE60C8,_ZN29MechKrawlieMiniFigContextJump11s_contextIDE
0x0000007102BE60CC,_ZN29MechKrawlieMiniFigContextJump20s_constructionParamsE
0x0000007102BE60F8,_ZN32MechKrawlieMiniFigContextFlatten11s_contextIDE
0x0000007102BE60FC,_ZN32MechKrawlieMiniFigContextFlatten20s_constructionParamsE
0x0000007102BE6128,_ZN35MechKrawlieMiniFigContextGotoTarget11s_contextIDE
0x0000007102BE6130,_ZN35MechKrawlieMiniFigContextGotoTarget11s_targetPosE
0x0000007102BE6140,_ZN35MechKrawlieMiniFigContextGotoTarget14s_initialSpeedE
0x0000007102BE6144,_ZN35MechKrawlieMiniFigContextGotoTarget12s_finalSpeedE
0x0000007102BE6148,_ZN35MechKrawlieMiniFigContextGotoTarget18s_accelerationTimeE
0x0000007102BE614C,_ZN35MechKrawlieMiniFigContextGotoTarget11s_animationE
0x0000007102BE6150,_ZN35MechKrawlieMiniFigContextGotoTarget9s_moveInYE
0x0000007102BE6151,_ZN35MechKrawlieMiniFigContextGotoTarget14s_useAvoidanceE
0x0000007102BE617C,_ZN28MechKrawlieControllerAnimals8s_hashIdE
0x0000007102BE61A8,_ZN26MechKrawlieControllerBirds8s_hashIdE
0x0000007102BE61D4,_ZN25MechKrawlieControllerFish8s_hashIdE
0x0000007102BE6200,_ZN27MechKrawlieGangerController8s_hashIdE
0x0000007102BE6204,_ZN31MechKrawlieSimpleHookGangerInit8s_hashIdE
0x0000007102BE6208,_ZN37MechKrawlieSimpleHookGangerLinkRemove8s_hashIdE
0x0000007102BE6210,_ZN24MechKrawlieContextGanger9s_mechObjE
0x0000007102BE6218,_ZN24MechKrawlieContextGanger11s_contextIDE
0x0000007102BE6244,_ZN27MechKrawlieRidingController8s_hashIdE
0x0000007102BE6248,_ZN24MechKrawlieRidingContext11s_contextIDE
0x0000007102BE6274,_ZN28MechRidingDataVehicleKrawlie8s_hashIdE
0x0000007102BE62A0,_ZN31MechKrawlieStationaryController8s_hashIdE
0x0000007102BE62CC,_ZN27MechKrawlieWanderController8s_hashIdE
0x0000007102BE62F8,_ZN26MechKrawlieAlphaBlendAddon9s_hashKeyE
0x0000007102BE6324,_ZN24MechKrawlieAttachToAddon9s_hashKeyE
0x0000007102BE6350,_ZN25MechKrawlieAvoidanceAddon9s_hashKeyE
0x0000007102BE637C,_ZN28MechKrawlieKrawlieRiderAddon9s_hashKeyE
0x0000007102BE63A8,_ZN31MechKrawlieParticleEmitterAddon9s_hashKeyE
0x0000007102BE63D4,_ZN19MechKrawlieSFXAddon9s_hashKeyE
0x0000007102BE6400,_ZN19MechKrawlieVFXAddon9s_hashKeyE
0x0000007102BE6454,_ZN12MechVehicles25s_shouldUseSteerAssistantE
0x0000007102BE6458,_ZN12MechVehicles23s_debugKeyPressedFramesE
0x0000007102BE6460,_ZN12MechVehicles25EventPartyVehicleRestoredE
0x0000007102BE6488,_ZN12MechVehicles15s_inputTriggersE
0x0000007102BE64B0,_ZN20ClassManagerAccessorI12MechVehiclesE10MANAGER_IDE
0x0000007102BE64B8,_ZGVN20ClassManagerAccessorI12MechVehiclesE10MANAGER_IDE
0x0000007102BE64C0,_ZZN25MechObjectKilledEventData11GetTypeHashEvE10s_typeHash
0x0000007102BE64C8,_ZGVZN25MechObjectKilledEventData11GetTypeHashEvE10s_typeHash
0x0000007102BE64D0,_ZN12SystemMixinsI20MechObjectInterfacesE11m_singletonE
0x0000007102BE6500,_ZN21MechRidingDataVehicle11s_debugDrawE
0x0000007102BE6504,_ZN21MechRidingDataVehicle8s_hashIdE
0x0000007102BE6558,_ZN11MechVehicle16s_addOnOwnerTypeE
0x0000007102BE6560,_ZN11MechVehicle18smEventDamageTakenE
0x0000007102BE6588,_ZN11MechVehicle14smEventHitPropE
0x0000007102BE65B0,_ZN11MechVehicle19smEventWaterRespawnE
0x0000007102BE65D8,_ZN11MechVehicle14smEventJumpingE
0x0000007102BE6600,_ZN11MechVehicle31m_mechVehicleRequestKilledEventE
0x0000007102BE6628,_ZN11MechVehicle24m_mechVehicleKilledEventE
0x0000007102BE6650,_ZN11MechVehicle27m_mechVehicleRespawnedEventE
0x0000007102BE6678,_ZN11MechVehicle35EVENTTYPE_OVERRIDE_VEHICLE_DELETIONE
0x0000007102BE6688,_ZN11MechVehicle25s_fMechVehicleFadeOutTimeE
0x0000007102BE66DC,g_SteeringAssistData
0x0000007102BE6700,_ZN22SteeringAssistantAddOn8s_hashIdE
0x0000007102BE672C,_ZN20ClassManagerAccessorI15MechInputSystemE10MANAGER_IDE
0x0000007102BE6730,_ZGVN20ClassManagerAccessorI15MechInputSystemE10MANAGER_IDE
0x0000007102BE6788,_ZN11MechSystems14s_baseInstanceE
0x0000007102BE6790,_ZN20ClassManagerAccessorI14SplineManagerTI12PickupSplineEE10MANAGER_IDE
0x0000007102BE6798,_ZGVN20ClassManagerAccessorI14SplineManagerTI12PickupSplineEE10MANAGER_IDE
0x0000007102BE67A0,_ZN13SplineHelperTI16CameraRailSplineE15sm_SplineHelperE
0x0000007102BE67A8,_ZN13SplineHelperTI16CameraSockSplineE15sm_SplineHelperE
0x0000007102BE67B0,_ZN13SplineHelperTI12PickupSplineE15sm_SplineHelperE
0x0000007102BE67B8,_ZN13SplineHelperTI19MechGrindRailSplineE15sm_SplineHelperE
0x0000007102BE6818,theCameraRailSplineKnotHelperPtr
0x0000007102BE6820,_ZN23CameraRailSplineManager24m_bTakeoverScreenDefaultE
0x0000007102BE6821,_ZZNK14SplineManagerTI16CameraRailSplineE14GetManagerNameEvE22initialisedManagerName
0x0000007102BE6828,_ZZNK14SplineManagerTI16CameraRailSplineE14GetManagerNameEvE11managerName
0x0000007102BE6878,_ZGVZNK14SplineManagerTI16CameraRailSplineE14GetManagerNameEvE11managerName
0x0000007102BE68A8,theCameraSockSplineKnotHelperPtr
0x0000007102BE68B0,_ZN16CameraSockSpline10s_EvalHeadE
0x0000007102BE68B8,_ZN16CameraSockSpline10s_EvalTailE
0x0000007102BE68C0,_ZZNK14SplineManagerTI16CameraSockSplineE14GetManagerNameEvE22initialisedManagerName
0x0000007102BE68C8,_ZZNK14SplineManagerTI16CameraSockSplineE14GetManagerNameEvE11managerName
0x0000007102BE6918,_ZGVZNK14SplineManagerTI16CameraSockSplineE14GetManagerNameEvE11managerName
0x0000007102BE6948,_ZN16MechCameraHelper21s_theMechCameraHelperE
0x0000007102BE6950,_ZN17MechCameraManager17s_targetCamWeightE
0x0000007102BE6954,_ZN17MechCameraManager22s_targetCamWeightFinalE
0x0000007102BE69A8,_ZN20ClassManagerAccessorI16MechGadgetSystemE10MANAGER_IDE
0x0000007102BE69B0,_ZGVN20ClassManagerAccessorI16MechGadgetSystemE10MANAGER_IDE
0x0000007102BE6A40,theMechGadgetComponentCoinHelper
0x0000007102BE6A70,theMechGadgetComponentProximityTemplateHelper
0x0000007102BE6AF0,theMechGadgetComponentControllerTemplateHelper
0x0000007102BE6AF8,theMechGadgetComponentControllerInstanceHelper
0x0000007102BE6B40,theMechGadgetComponentTargetInstanceHelper
0x0000007102BE6B70,theMechGadgetComponentSFXTemplateHelper
0x0000007102BE6BA0,theMechGadgetComponentCameraInstanceHelper
0x0000007102BE6C50,_ZN33MechGadgetControllerBBashInstance9m_ButtonsE
0x0000007102BE6E20,_ZN26MechGadgetFloorTargetAddOn6TypeIDE
0x0000007102BE6E4C,_ZN28MechGadgetTakeHereArrowAddOn6TypeIDE
0x0000007102BE6E78,_ZN22MechGadgetBaseInstance24m_phantomInterfaceOffsetE
0x0000007102BE6E80,_ZN22MechGadgetBaseInstance21m_flowInterfaceOffsetE
0x0000007102BE6E88,_ZN22MechGadgetBaseInstance27m_targettingInterfaceOffsetE
0x0000007102BE6E90,theMechGadgetBaseTemplateHelper
0x0000007102BE6E98,theMechGadgetBaseInstanceHelper
0x0000007102BE6EA0,_ZN22MechGadgetBaseInstance16s_AddOnOwnerTypeE
0x0000007102BE6EF4,_ZN35MechGadgetSimplePropChangeModeAddon6TypeIDE
0x0000007102BE6EF8,theMechGadgetSimplePropHelper
0x0000007102BE6F00,theMechGadgetSimplePropInstanceHelper
0x0000007102BE6F08,testOutput
0x0000007102BE6F40,theMechGadgetRemoteHelper
0x0000007102BE6F48,theMechGadgetRemoteInstanceHelper
0x0000007102BE6F50,_ZN22LegoContextHandlerBaseI29MechContextRemoteWinchHandlerE19m_contextInstanceIdE
0x0000007102BE6F7C,_ZN27MechGadgetTrafficLightAddon6TypeIDE
0x0000007102BE6F80,theMechGadgetTrafficLightHelper
0x0000007102BE6F88,theMechGadgetTrafficLightInstanceHelper
0x0000007102BE7080,_ZN22MechGadgetBeenHitAddOn6TypeIDE
0x0000007102BE70D4,_ZN20TrailerModelIdsCache5m_MapE
0x0000007102BE7228,_ZN13cAISectorNode22s_SectorDestroyedEventE
0x0000007102BE7250,_ZN13cAISectorNode21s_SectorUnloadedEventE
0x0000007102BE7278,_ZN13cAISectorNode19s_SectorLoadedEventE
0x0000007102BE74B4,_ZZN18AStarNodeIndexList3AddEsE7bWarned
0x0000007102BE74E0,_ZN20ClassManagerAccessorI19cAIAttractorManagerE10MANAGER_IDE
0x0000007102BE74E8,_ZGVN20ClassManagerAccessorI19cAIAttractorManagerE10MANAGER_IDE
0x0000007102BE7540,ENABLE_OLD_SEATS_SYSTEM_TAGGING
0x0000007102BE7544,_ZN20ClassManagerAccessorI22MechPopulationAISystemE10MANAGER_IDE
0x0000007102BE7548,_ZGVN20ClassManagerAccessorI22MechPopulationAISystemE10MANAGER_IDE
0x0000007102BE75C8,ARRIVAL_RAD_SQR
0x0000007102BE766C,_ZN11cFleeOnFoot19SFX_AI_FLEE_SPEEDUPE
0x0000007102BE766E,_ZN11cFleeOnFoot19PFX_AI_FLEE_SPEEDUPE
0x0000007102BE7760,eAICharacterTypeGenericDEF
0x0000007102BE7764,eAICharacterSubTypeGenericDEF
0x0000007102BE7768,eAIVehicleTypeGenericDEF
0x0000007102BE776C,eAIVehicleSubTypeGenericDEF
0x0000007102BE7770,g_aiCharacterTypeModelCount
0x0000007102BE7778,gAICharacterTypeModel
0x0000007102BE7780,gAIVehicleTypeModel
0x0000007102BE7788,g_aiVehicleTypeModelCount
0x0000007102BE7804,_ZN24StreamedCharacterManager17s_StreamSlotMasksE
0x0000007102BE7824,_ZN24StreamedCharacterManager18s_RequestSlotMasksE
0x0000007102BE7848,_ZN24StreamedCharacterManager12EventEnabledE
0x0000007102BE7870,_ZN20ClassManagerAccessorI24StreamedCharacterManagerE10MANAGER_IDE
0x0000007102BE7878,_ZGVN20ClassManagerAccessorI24StreamedCharacterManagerE10MANAGER_IDE
0x0000007102BE78C8,_ZN18cPopulationManager28s_bEnableCharacterPopulationE
0x0000007102BE78CC,_ZN18cPopulationManager27s_fTrafficModelPoolPushTimeE
0x0000007102BE78D0,s_fPopulationVehicleSpawnRoadSpacing
0x0000007102BE78D4,s_fPopulationVehicleSpawnBoatSpacing
0x0000007102BE78D8,s_fPopulationVehicleSpawnPointRoadSpacing
0x0000007102BE78DC,s_fPopulationVehicleSpawnPointBoatSpacing
0x0000007102BE78E0,_ZN20ClassManagerAccessorI18cPopulationManagerE10MANAGER_IDE
0x0000007102BE78E4,_ZN20ClassManagerAccessorI18PopulationManagersE10MANAGER_IDE
0x0000007102BE78E8,_ZGVN20ClassManagerAccessorI18PopulationManagersE10MANAGER_IDE
0x0000007102BE78F0,_ZGVN20ClassManagerAccessorI18cPopulationManagerE10MANAGER_IDE
0x0000007102BE7AA0,gEdAICharacters
0x0000007102BE7AD0,gEdAIVehicles
0x0000007102BE7BF0,_ZN8GLHelper10s_pCamerasE
0x0000007102BE7C00,_ZN8GLHelper13s_CameraCountE
0x0000007102BE7CD0,_ZN14GridlockSystem18s_InvalidMapHandleE
0x0000007102BE7CE0,_ZN14GridlockSystem19EventMapListCreatedE
0x0000007102BE7D08,_ZN14GridlockSystem21EventMapListDestroyedE
0x0000007102BE7D30,_ZN14GridlockSystem14EventMapLoadedE
0x0000007102BE7D58,_ZN14GridlockSystem17EventMapDestroyedE
0x0000007102BE7D80,_ZN20ClassManagerAccessorI15GridlockManagerE10MANAGER_IDE
0x0000007102BE7D84,_ZN20ClassManagerAccessorI14GridlockSystemE10MANAGER_IDE
0x0000007102BE7D88,_ZGVN20ClassManagerAccessorI14GridlockSystemE10MANAGER_IDE
0x0000007102BE7D90,_ZGVN20ClassManagerAccessorI15GridlockManagerE10MANAGER_IDE
0x0000007102BE7EE8,_ZN20ActorAvoidConstraint19s_fProbeDistanceMinE
0x0000007102BE7EEC,_ZN20ActorAvoidConstraint19s_fProbeDistanceMaxE
0x0000007102BE7EF0,_ZN20ActorAvoidConstraint23s_fKrawlieProbeDistanceE
0x0000007102BE7FA0,_ZN19ActorStopConstraint24s_fSeparationDistanceMinE
0x0000007102BE7FA4,_ZN19ActorStopConstraint24s_fSeparationDistanceMaxE
0x0000007102BE7FD0,_ZN19CorneringDecomposer25s_fCorneringApexMinOffsetE
0x0000007102BE7FD4,_ZN19CorneringDecomposer20s_fMinCorneringSpeedE
0x0000007102BE7FD8,_ZN19CorneringDecomposer20s_fCorneringFrictionE
0x0000007102BE7FDC,_ZN19CorneringDecomposer23s_fCorneringBlendInRateE
0x0000007102BE8070,_ZN15VehicleActuator10s_fGravityE
0x0000007102BE8074,_ZN15VehicleActuator22s_fGroundSlopeDistanceE
0x0000007102BE8078,_ZN15VehicleActuator22s_fGroundCheckDistanceE
0x0000007102BE807C,_ZN15VehicleActuator32s_fHighGroundRecalculateDistanceE
0x0000007102BE8080,_ZN15VehicleActuator31s_fLowGroundRecalculateDistanceE
0x0000007102BE8084,_ZN15VehicleActuator21s_fLowLODGroundOffsetE
0x0000007102BE8088,_ZN15VehicleActuator12s_fPitchRateE
0x0000007102BE80F8,_ZN9ChaseTask14s_fAttackRangeE
0x0000007102BE80FC,_ZN9ChaseTask19s_fAttackLockOnTimeE
0x0000007102BE8100,_ZN9ChaseTask13s_fAttackTimeE
0x0000007102BE8104,_ZN9ChaseTask20s_fAttackLockOnRangeE
0x0000007102BE8108,_ZN9ChaseTask20s_fAttackRetreatTimeE
0x0000007102BE810C,_ZN9ChaseTask15s_StuntRoadHashE
0x0000007102BE8110,_ZN9ChaseTask18s_ShortcutRoadHashE
0x0000007102BE8158,_ZN11DriveToTask18s_fArrivalDistanceE
0x0000007102BE815C,_ZN11DriveToTask15s_StuntRoadHashE
0x0000007102BE8160,_ZN11DriveToTask18s_ShortcutRoadHashE
0x0000007102BE8190,_ZN8FleeTask21s_FleeLanePathFunctorE
0x0000007102BE81B0,_ZN8FleeTask15s_StuntRoadHashE
0x0000007102BE81B4,_ZN8FleeTask18s_ShortcutRoadHashE
0x0000007102BE81B8,_ZN8FleeTask20s_RestrictedRoadHashE
0x0000007102BE81E8,_ZN10FleeToTask23s_FleeToLanePathFunctorE
0x0000007102BE8208,_ZN10FleeToTask18s_fArrivalDistanceE
0x0000007102BE8234,_ZN8StopTask16s_fSpeedDropRateE
0x0000007102BE8638,_ZN17MechTrafficSystem24s_fRoadSpacingMultiplierE
0x0000007102BE863C,_ZN17MechTrafficSystem30s_fRoadParkedSpacingMultiplierE
0x0000007102BE8640,_ZN18MechTrafficManager29s_TrafficZoneOverrideNameHashE
0x0000007102BE8648,_ZN17MechTrafficParser16s_pTrafficSystemE
0x0000007102BE8650,_ZN20ClassManagerAccessorI17MechTrafficSystemE10MANAGER_IDE
0x0000007102BE8658,_ZGVN20ClassManagerAccessorI17MechTrafficSystemE10MANAGER_IDE
0x0000007102BE8660,_ZN12SystemMixinsI17MechTrafficSystemE11m_singletonE
0x0000007102BE86A0,_ZN16MechTrafficAddOn13s_AddOnHashIdE
0x0000007102BE880C,_ZN25CharacterAction_SetHealth13sm_SetMaxHashE
0x0000007102BE8810,_ZN25CharacterAction_SetHealth15sm_SetToMaxHashE
0x0000007102BE8814,_ZN25CharacterAction_SetHealth10sm_SetHashE
0x0000007102BE8818,_ZN25CharacterAction_SetHealth11sm_PlusHashE
0x0000007102BE881C,_ZN25CharacterAction_SetHealth12sm_MinusHashE
0x0000007102BE8848,_ZN25CharacterNoCollisionAddOn8s_hashIDE
0x0000007102BE898C,_ZN20ClassManagerAccessorI9MechIconsE10MANAGER_IDE
0x0000007102BE8990,_ZGVN20ClassManagerAccessorI9MechIconsE10MANAGER_IDE
0x0000007102BE8A18,_ZN5AddOn10EventAddedE
0x0000007102BE8A40,_ZN5AddOn12EventRemovedE
0x0000007102BE8A68,_ZN10MechAddOns9s_edClassE
0x0000007102BE8A70,_ZN13AddOnsManager16s_AddOnOwnerTypeE
0x0000007102BE8A74,_ZN9AddOnList15s_TraverseDepthE
0x0000007102BE8A78,_ZN9AddOnList15s_ResetTraverseE
0x0000007102BE8A7C,_ZN14HeavyAddOnList15s_TraverseDepthE
0x0000007102BE8A80,_ZN14HeavyAddOnList16s_withinTraverseE
0x0000007102BE8A88,_ZN9AddOnList13s_onhookStackE
0x0000007102BE8AA8,_ZN9AddOnList18s_onHookStackCountE
0x0000007102BE8AB0,_ZN14HeavyAddOnList27s_nodeUnLinkCriticalSectionE
0x0000007102BE8AD0,_ZN14HeavyAddOnList27s_nodeChangeCriticalSectionE
0x0000007102BE8AF0,_ZN14HeavyAddOnList30s_deletionQueueCriticalSectionE
0x0000007102BE8B10,_ZN14HeavyAddOnList23s_changeInDeletionQueueE
0x0000007102BE8B14,_ZN14HeavyAddOnList28s_withinProcessDeletionQueueE
0x0000007102BE8B18,_ZN14HeavyAddOnList27s_resetProcessDeletionQueueE
0x0000007102BE8B20,_ZN14HeavyAddOnList15s_deletionQueueE
0x0000007102BE8B38,_ZN14HeavyAddOnList15s_ResetTraverseE
0x0000007102BE8B3C,_ZN14HeavyAddOnList10s_globalIdE
0x0000007102BE8B40,_ZN5AddOn16s_AddOnOwnerTypeE
0x0000007102BE8B44,_ZN20ClassManagerAccessorI10MechAddOnsE10MANAGER_IDE
0x0000007102BE8B48,_ZGVN20ClassManagerAccessorI10MechAddOnsE10MANAGER_IDE
0x0000007102BE8B78,_ZN16BeingRiddenAddon8s_typeIdE
0x0000007102BE8B80,_ZN16BeingRiddenAddon17s_RiderAddedEventE
0x0000007102BE8BA8,_ZN16BeingRiddenAddon19s_RiderRemovedEventE
0x0000007102BE8BF8,_ZN20BodyFaceHeadingAddOn8s_hashIdE
0x0000007102BE8C24,_ZN17CameraAttachAddOn8s_hashIdE
0x0000007102BE8C50,_ZN16CameraTowerAddOn8s_hashIdE
0x0000007102BE8C7C,_ZN16CameraTweakAddOn8s_hashIdE
0x0000007102BE8CA8,_ZN20CameraPlayerPosAddOn8s_hashIdE
0x0000007102BE8CFC,_ZN9FadeAddOn8s_hashIdE
0x0000007102BE8D28,_ZN16FallMonitorAddOn8s_hashIdE
0x0000007102BE8D54,_ZN17InvulnerableAddon6HashIdE
0x0000007102BE8D80,_ZN23CharacterMoveSpeedAddon8m_HashIdE
0x0000007102BE8DB0,_ZN20RequestTeleportAddon17s_eventTeleportedE
0x0000007102BE8DD8,_ZN20RequestTeleportAddon8s_hashIDE
0x0000007102BE8E54,_ZN23VfxAttachToLocatorAddOn8s_hashIdE
0x0000007102BE8EB8,FixedVehicleOffsetXTweak
0x0000007102BE8EBC,RaiseDist
0x0000007102BE8EC0,StartTiltX
0x0000007102BE8EC4,WaitOffsetX
0x0000007102BE8EC8,CoOpOffsetX
0x0000007102BE8ECC,CoOpOffsetY
0x0000007102BE8ED0,CoOpOffsetZ
0x0000007102BE8ED4,MaxPadCameraRoll
0x0000007102BE8ED8,FixedHeight
0x0000007102BE8EDC,PadCameraOffsetUp
0x0000007102BE8EE0,PadCameraOffsetDown
0x0000007102BE8EE4,PadCameraOffsetSide
0x0000007102BE8EE8,OverridePosX
0x0000007102BE8EEC,OverridePosY
0x0000007102BE8EF0,OverridePosZ
0x0000007102BE8EF4,_ZN20CamRailMovementAddOn8s_hashIdE
0x0000007102BE8EF8,_ZN20CamRailMovementAddOn11mStartTiltXE
0x0000007102BE8EFC,_ZN20CamRailMovementAddOn21mStartTiltXCoOpTargetE
0x0000007102BE8F00,_ZN20CamRailMovementAddOn17mPadCameraOffsetXE
0x0000007102BE8F04,_ZN20CamRailMovementAddOn17mPadCameraOffsetYE
0x0000007102BE8F08,_ZN20CamRailMovementAddOn9mCamSpeedE
0x0000007102BE8F0C,_ZN20CamRailMovementAddOn15mCamSpeedTargetE
0x0000007102BE8F10,_ZN20CamRailMovementAddOn18mPadCameraOffsetUpE
0x0000007102BE8F14,_ZN20CamRailMovementAddOn20mPadCameraOffsetDownE
0x0000007102BE8F18,_ZN20CamRailMovementAddOn20mPadCameraOffsetSideE
0x0000007102BE8F1C,_ZN20CamRailMovementAddOn18mScriptCameraSpeedE
0x0000007102BE8F48,gdv_DebugCamRailAddOnSimpleMovementAIHangBackDist
0x0000007102BE8F4C,gdv_DebugCamRailAddOnSimpleMovementAutoCamEuler
0x0000007102BE8F58,gdv_DebugCamRailAddOnSimpleMovementAutoCamOffset
0x0000007102BE8F64,_ZN26SimpleCamRailMovementAddOn8s_hashIdE
0x0000007102BE8F90,_ZN27GizmoCoopPuzzleButtonPrompt8s_hashIdE
0x0000007102BE8FBC,_ZN29GizmoProgressMeterAddonHelper8s_hashIdE
0x0000007102BE8FE8,dvg_HealthBgCol
0x0000007102BE8FF8,dvg_HealthFgCol
0x0000007102BE9008,_ZN14HealthBarAddOn23s_healthBarAddOnHashKeyE
0x0000007102BE900C,_ZN19HealthBarLevelAddOn28s_healthBarLevelAddOnHashKeyE
0x0000007102BE9010,_ZN19HealthBarLevelAddOn10s_barBgMtlE
0x0000007102BE9018,_ZN19HealthBarLevelAddOn10s_barFgMtlE
0x0000007102BE9048,_ZN32FloatDieCharacterAttachmentAddOn8s_hashIdE
0x0000007102BE9074,_ZN28MechOverrideRenderStageAddon8s_hashIDE
0x0000007102BE90A0,_ZN15SlideAngleAddOn6s_typeE
0x0000007102BE90CC,_ZN20ClassManagerAccessorI15MechFlowManagerE10MANAGER_IDE
0x0000007102BE90D0,_ZGVN20ClassManagerAccessorI15MechFlowManagerE10MANAGER_IDE
0x0000007102BE9138,_ZN12SystemMixinsI31MechFlowInterfaceProgressSystemE11m_singletonE
0x0000007102BE9168,_ZN20ClassManagerAccessorI31MechFlowInterfaceProgressSystemE10MANAGER_IDE
0x0000007102BE9170,_ZGVN20ClassManagerAccessorI31MechFlowInterfaceProgressSystemE10MANAGER_IDE
0x0000007102BE91D0,_ZN11MechTagging23s_disableRidableTaggingE
0x0000007102BE91D4,_ZN17MechTaggingToData9s_nextUIDE
0x0000007102BE91D8,_ZN20MechTaggingRetroData20s_wibbleIndexCounterE
0x0000007102BE91DC,_ZN20ClassManagerAccessorI11MechTaggingE10MANAGER_IDE
0x0000007102BE91E0,_ZGVN20ClassManagerAccessorI11MechTaggingE10MANAGER_IDE
0x0000007102BE9210,_ZN20ClassManagerAccessorI12MechTogglingE10MANAGER_IDE
0x0000007102BE9218,_ZGVN20ClassManagerAccessorI12MechTogglingE10MANAGER_IDE
0x0000007102BE9270,_ZN19MechOpponentManager13s_debugRenderE
0x0000007102BE9271,_ZN19MechOpponentManager21s_detailedDebugRenderE
0x0000007102BE9272,_ZN19MechOpponentManager22s_baddyDebugRenderOnlyE
0x0000007102BE9273,_ZN19MechOpponentManager40s_debugL3R3RandomOpponentLockOnAndAttackE
0x0000007102BE9274,_ZN20ClassManagerAccessorI19MechOpponentManagerE10MANAGER_IDE
0x0000007102BE9278,_ZGVN20ClassManagerAccessorI19MechOpponentManagerE10MANAGER_IDE
0x0000007102BE92D0,_ZN13MechDropInOut15s_systemEnabledE
0x0000007102BE92D4,_ZN20ClassManagerAccessorI13MechDropInOutE10MANAGER_IDE
0x0000007102BE92D8,_ZGVN20ClassManagerAccessorI13MechDropInOutE10MANAGER_IDE
0x0000007102BE9338,thePickupSplineKnotHelperPtr
0x0000007102BE9340,_ZZNK14SplineManagerTI12PickupSplineE14GetManagerNameEvE22initialisedManagerName
0x0000007102BE9348,_ZZNK14SplineManagerTI12PickupSplineE14GetManagerNameEvE11managerName
0x0000007102BE9398,_ZGVZNK14SplineManagerTI12PickupSplineE14GetManagerNameEvE11managerName
0x0000007102BE93C8,theMechGrindRailSplineKnotHelperPtr
0x0000007102BE93D0,_ZZNK14SplineManagerTI19MechGrindRailSplineE14GetManagerNameEvE22initialisedManagerName
0x0000007102BE93D8,_ZZNK14SplineManagerTI19MechGrindRailSplineE14GetManagerNameEvE11managerName
0x0000007102BE9428,_ZGVZNK14SplineManagerTI19MechGrindRailSplineE14GetManagerNameEvE11managerName
0x0000007102BE9668,s_fMechAIAvoidanceVehicleRadius
0x0000007102BE966C,s_fMechAIAvoidanceCharacterRadius
0x0000007102BE9670,_ZN21MechAIAvoidanceHelper24s_fMinVehicleFrontLengthE
0x0000007102BE9674,_ZN21MechAIAvoidanceHelper26s_fMinCharacterFrontLengthE
0x0000007102BE9678,_ZN20ClassManagerAccessorI21MechAIAvoidanceSystemE10MANAGER_IDE
0x0000007102BE9680,_ZGVN20ClassManagerAccessorI21MechAIAvoidanceSystemE10MANAGER_IDE
0x0000007102BE9728,_ZN18MechShapeBoxHelper8m_helperE
0x0000007102BE975C,theNaffMechGameInterface
0x0000007102BE9760,_ZN20ClassManagerAccessorI21GizmoTightRopeManagerE10MANAGER_IDE
0x0000007102BE9768,_ZGVN20ClassManagerAccessorI21GizmoTightRopeManagerE10MANAGER_IDE
0x0000007102BE97F8,_ZN19MechObjectInterface23EVENTTYPE_OBJECTCREATEDE
0x0000007102BE9808,_ZN19MechObjectInterface21EVENTTYPE_OBJECTALIVEE
0x0000007102BE9818,_ZN19MechObjectInterface22EVENTTYPE_OBJECTKILLEDE
0x0000007102BE9828,_ZN19MechObjectInterface30EVENTTYPE_OBJECTABOUTTODESTROYE
0x0000007102BE9838,_ZN19MechObjectInterface25EVENTTYPE_OBJECTDESTROYEDE
0x0000007102BE9848,_ZN19MechObjectInterface27EVENTTYPE_OBJECTTAKENDAMAGEE
0x0000007102BE9858,_ZN19MechObjectInterface17EVENTTYPE_HITPROPE
0x0000007102BE9868,_ZN19MechObjectInterface22EVENTTYPE_WATERRESPAWNE
0x0000007102BE9878,_ZN19MechObjectInterface17EVENTTYPE_JUMPINGE
0x0000007102BE9888,_ZN20MechObjectInterfaces33s_isInKillConnectedObjectsRequestE
0x0000007102BE988C,_ZN20ClassManagerAccessorI20MechObjectInterfacesE10MANAGER_IDE
0x0000007102BE9890,_ZGVN20ClassManagerAccessorI20MechObjectInterfacesE10MANAGER_IDE
0x0000007102BE98C0,_ZN27MechStreamingLevelInterface40ABILITY_GENERIC_STREAMINGLEVEL_MAINLEVELE
0x0000007102BE98C8,_ZN27MechStreamingLevelInterface39ABILITY_GENERIC_STREAMINGLEVEL_SUBLEVELE
0x0000007102BE98D0,_ZN27MechStreamingLevelInterface44ABILITY_GENERIC_STREAMINGLEVEL_LOADINGSCREENE
0x0000007102BE9900,_ZN12HookListener17s_HookListChangedE
0x0000007102BE9908,_ZN9MechHooks17s_CriticalSectionE
0x0000007102BE9C84,_ZN6LegoAI18smGameObjectFilterE
0x0000007102BE9C88,_ZN6LegoAI15smVehicleFilterE
0x0000007102BE9C8C,_ZN6LegoAI15smRagdollFilterE
0x0000007102BE9C90,_ZN6LegoAI13smGizmoFilterE
0x0000007102BE9C98,_ZN6LegoAI18mEventBeginScatterE
0x0000007102BE9CC0,_ZN6LegoAI16mEventEndScatterE
0x0000007102BE9CE8,_ZN6LegoAI17mScatterUniqueTagE
0x0000007102BE9CEC,LEGO_AIPATHCNX_JUMP
0x0000007102BE9CF0,LEGO_AIPATHCNX_WALLSHUFFLE
0x0000007102BE9CF8,LEGO_snaptospecialmove
0x0000007102BE9D00,LEGO_AIPATHCNX_TAKEOVER
0x0000007102BE9D08,LEGO_prepareforspecialmove
0x0000007102BE9D10,LEGO_midspecialmovefns
0x0000007102BE9D18,LEGO_num_midspecialmovefns
0x0000007102BE9D1C,LEGO_AIPATHCNX_CLIMB
0x0000007102BE9D20,LEGO_AIPATHCNX_MAGNETCLIMB
0x0000007102BE9D24,LEGO_AIPATHCNX_BLOCKAGE
0x0000007102BE9D28,LEGO_AIPATHCNX_LEDGEMOVE
0x0000007102BE9D2C,LEGO_AIPATHCNX_HANG
0x0000007102BE9D30,LEGO_AIPATHCNX_DBLJUMP
0x0000007102BE9D34,LEGO_AIPATHCNX_SUPERJUMP
0x0000007102BE9D38,LEGO_AIPATHCNX_GLIDEJUMP
0x0000007102BE9D3C,LEGO_AIPATHCNX_CONTEXTLINK
0x0000007102BE9D40,LEGO_AIPATHCNX_R2D2GLIDE
0x0000007102BE9D44,LEGO_AIPATHCNX_FORGOODIES
0x0000007102BE9D48,LEGO_AIPATHCNX_FORBADDIES
0x0000007102BE9D4C,LEGO_AIPATHCNX_BIGJUMP
0x0000007102BE9D50,LEGO_AIPATHCNX_REQUIRESPERMISSION
0x0000007102BE9D54,LEGO_AIPATHCNX_NO_DESTINATION_CHECK
0x0000007102BE9D58,LEGO_AIPATHCNX_IGNORE_TERRAIN
0x0000007102BE9D5C,LEGO_AIPATHCNX_JUMP_NOW
0x0000007102BE9D60,LEGO_AIPATHCNX_DONT_JUMP_NOW
0x0000007102BE9D64,LEGO_AIPATHCNX_DONTTOGGLE
0x0000007102BE9D68,LEGO_AIPATHCNX_FULLTERRAIN
0x0000007102BE9D6C,LEGO_AIPATHCNX_GRAPPLE
0x0000007102BE9D70,LEGO_AIPATHCNX_SWIM
0x0000007102BE9D74,LEGO_AIPATHCNX_HOVERTUBE
0x0000007102BE9D78,LEGO_AIPATHCNX_BATGLIDE
0x0000007102BE9D7C,LEGO_AIPATHCNX_USEHATCH
0x0000007102BE9D80,LEGO_AIPATHCNX_WHIPSWING
0x0000007102BE9D84,LEGO_AIPATHCNX_DOOR
0x0000007102BE9D88,LEGO_AIPATHCNX_NO_TELEPORTING
0x0000007102BE9D8C,LEGO_AIPATHCNX_TIGHTROPE
0x0000007102BE9D90,LEGO_AIPATHCNX_ZIPUP
0x0000007102BE9D94,LEGO_AIPATHCNX_POLECLIMB
0x0000007102BE9D98,LEGO_AIPATHCNX_JUSTWALK
0x0000007102BE9D9C,LEGO_AIPATHCNX_HIGHJUMP
0x0000007102BE9DA0,LEGO_AIPATHCNX_HOT
0x0000007102BE9DA4,LEGO_AIPATHCNX_COMBATROLL
0x0000007102BE9DA8,LEGO_AIPATHCNX_WALLCLIMB
0x0000007102BE9DAC,LEGO_AIPATHCNX_TWIRLLEDGE
0x0000007102BE9DB0,LEGO_GetJumpRangeFn
0x0000007102BE9DB8,_ZN20ClassManagerAccessorI6LegoAIE10MANAGER_IDE
0x0000007102BE9DC0,_ZGVN20ClassManagerAccessorI6LegoAIE10MANAGER_IDE
0x0000007102BE9DF0,_ZN15LegoAreaManager25m_PostLoadGlobalDataEventE
0x0000007102BE9E18,_ZN15LegoAreaManager19m_GameAreaLoadEventE
0x0000007102BE9E40,_ZN15LegoAreaManager21m_GameAreaUnloadEventE
0x0000007102BE9E68,_ZN20ClassManagerAccessorI15LegoAreaManagerE10MANAGER_IDE
0x0000007102BE9E70,_ZGVN20ClassManagerAccessorI15LegoAreaManagerE10MANAGER_IDE
0x0000007102BE9EB0,_ZN11LegoBlowUps9FX_SHINY1E
0x0000007102BE9EB2,_ZN11LegoBlowUps9FX_SHINY2E
0x0000007102BE9EB4,_ZN11LegoBlowUps13FX_AUTOTARGETE
0x0000007102BE9EB6,_ZN11LegoBlowUps17FX_GOLDLEGO_SPARKE
0x0000007102BE9EB8,_ZN11LegoBlowUps23FX_SILVERGLOWLEGO_SPARKE
0x0000007102BE9EBA,_ZN11LegoBlowUps26bHiddenLayerCullingEnabledE
0x0000007102BE9EBC,_ZN11LegoBlowUps15Hit_Blowup_TypeE
0x0000007102BE9EC0,BLOWUP_CYLIDRICAL_RADIUS
0x0000007102BE9EC4,_ZN13BlowUpManager25TORPEDO_TARGETS_DESTROYEDE
0x0000007102BE9EC8,BlowupLOSInfo
0x0000007102BE9ED0,GameBlowUpBlownUpFn
0x0000007102BE9ED8,GizmoBlowUpOpponent_Range2
0x0000007102BE9EDC,GizmoBlowUpOpponent_Behind
0x0000007102BE9EE0,edblowupdebristimer
0x0000007102BE9EE4,GIZBLOWUPSHOWDEBRIS
0x0000007102BE9EE8,GizBlowup_GameLoadFn
0x0000007102BE9EF0,_ZN11LegoBlowUps14s_maxGlowScaleE
0x0000007102BE9EF4,_ZN11LegoBlowUps14s_minGlowScaleE
0x0000007102BE9EF8,_ZN11LegoBlowUps15s_GlowTimeScaleE
0x0000007102BE9EFC,ShowShinyHint
0x0000007102BE9F00,BlowUpOpponent_StoreList
0x0000007102BE9F08,BlowUpOpponent_StoreCount
0x0000007102BE9F10,BlowUpOpponent_StoreMax
0x0000007102BE9F14,_ZN11LegoBlowUps18s_WantPhysicsPartsE
0x0000007102BE9F18,_ZN20ClassManagerAccessorI11LegoBlowUpsE10MANAGER_IDE
0x0000007102BE9F20,_ZGVN20ClassManagerAccessorI11LegoBlowUpsE10MANAGER_IDE
0x0000007102BE9FF0,_ZN9LegoBolts19m_alwaysStoreTargetE
0x0000007102BE9FF1,_ZN9LegoBolts18m_alwaysSeekTargetE
0x0000007102BE9FF4,_ZN9LegoBolts28m_DefaultSeekTargetSeekDelayE
0x0000007102BE9FF8,_ZN9LegoBolts22m_defaultBoltTypeIndexE
0x0000007102BE9FFC,addbolt_nosfx
0x0000007102BEA000,addbolt_noobjmom
0x0000007102BEA004,addbolt_newsfx
0x0000007102BEA008,addbolt_newpos
0x0000007102BEA020,boltRayResult
0x0000007102BEA120,boltRayResultRagDoll
0x0000007102BEA220,_ZN15BoltTypesParser8boltTypeE
0x0000007102BEA228,_ZN16LegoBoltsManager12EventCreatedE
0x0000007102BEA250,_ZN16LegoBoltsManager12EventPreInitE
0x0000007102BEA278,_ZN16LegoBoltsManager16EventInitialisedE
0x0000007102BEA2A0,_ZN16LegoBoltsManager14EventDestroyedE
0x0000007102BEA2C8,_ZN16LegoBoltsManager13EventHitGizmoE
0x0000007102BEA2F0,_ZN20ClassManagerAccessorI9LegoBoltsE10MANAGER_IDE
0x0000007102BEA2F8,_ZGVN20ClassManagerAccessorI9LegoBoltsE10MANAGER_IDE
0x0000007102BEA3B0,_ZN15CharDefGameData26s_CharDefGameDataLoadEventE
0x0000007102BEA3D8,LEGOABILITY_SUPER_STRENGTH
0x0000007102BEA3E0,LEGOABILITY_DIG
0x0000007102BEA3E8,LEGOABILITY_FAST_DIG
0x0000007102BEA3F0,LEGOABILITY_HIGH_JUMP
0x0000007102BEA3F8,LEGOABILITY_DOUBLE_JUMP_NO_SLAM
0x0000007102BEA400,LEGOABILITY_WALL_CLIMBING
0x0000007102BEA408,LEGOABILITY_TWIRL
0x0000007102BEA410,LEGOABILITY_REGENERATION
0x0000007102BEA418,LEGOABILITY_WALKONTIGHTROPE
0x0000007102BEA420,_ZN20ClassManagerAccessorI14LegoCharactersE10MANAGER_IDE
0x0000007102BEA428,_ZGVN20ClassManagerAccessorI14LegoCharactersE10MANAGER_IDE
0x0000007102BEA4D8,_ZN20ClassManagerAccessorI17LegoComplexGizmosE10MANAGER_IDE
0x0000007102BEA4E0,_ZGVN20ClassManagerAccessorI17LegoComplexGizmosE10MANAGER_IDE
0x0000007102BEA4E8,_ZN12SystemMixinsI14MechFlowSystemE11m_singletonE
0x0000007102BEA540,_ZN13LegoCreatures21m_allowDoomedRecoveryE
0x0000007102BEA544,_ZN20ClassManagerAccessorI13LegoCreaturesE10MANAGER_IDE
0x0000007102BEA548,_ZGVN20ClassManagerAccessorI13LegoCreaturesE10MANAGER_IDE
0x0000007102BEA578,_ZN20ClassManagerAccessorI18LegoCutSceneGizmosE10MANAGER_IDE
0x0000007102BEA580,_ZGVN20ClassManagerAccessorI18LegoCutSceneGizmosE10MANAGER_IDE
0x0000007102BEA5B0,_ZN20ClassManagerAccessorI18LegoCutscenePlayerE10MANAGER_IDE
0x0000007102BEA5B8,_ZGVN20ClassManagerAccessorI18LegoCutscenePlayerE10MANAGER_IDE
0x0000007102BEA608,g_InterfaceToFMV
0x0000007102BEA610,_ZN13LegoCutscenes17s_cutsceneStartedE
0x0000007102BEA638,_ZN13LegoCutscenes18s_cutsceneFinishedE
0x0000007102BEA660,Game_CutSave
0x0000007102BEA668,_ZN20CutscenePlaylistItem13sm_MemoryPoolE
0x0000007102BEA670,_ZN21CutsceneSequenceTimer13sm_MemoryPoolE
0x0000007102BEA678,_ZN18CutsceneFileParser18m_pCurrentSeedInfoE
0x0000007102BEA680,_ZN18CutsceneFileParser24m_bForceCanBeGizCutsceneE
0x0000007102BEA688,_ZN18CutsceneFileParser22m_hCutscenesTxtPakFileE
0x0000007102BEA690,_ZN13LegoCutscenes17s_fmvCutsceneInfoE
0x0000007102BEA698,_ZN13LegoCutscenes17s_fmvPlaylistItemE
0x0000007102BEA6A0,_ZN13LegoCutscenes26s_fmvCutsceneAudioInstanceE
0x0000007102BEA6A8,_ZN13LegoCutscenes27s_fmvCutsceneAudioCallbacksE
0x0000007102BEA6B0,_ZN13LegoCutscenes25s_pSubtitleResourceHandleE
0x0000007102BEA6B8,_ZN20CutsceneInstanceBase16s_AddOnOwnerTypeE
0x0000007102BEA6BC,_ZN20ClassManagerAccessorI13LegoCutscenesE10MANAGER_IDE
0x0000007102BEA6C0,_ZGVN20ClassManagerAccessorI13LegoCutscenesE10MANAGER_IDE
0x0000007102BEA738,_ZN11LegoDigging7FX_DIG1E
0x0000007102BEA73A,_ZN11LegoDigging7FX_DIG2E
0x0000007102BEA73C,_ZN11LegoDigging6FX_REDE
0x0000007102BEA73E,_ZN11LegoDigging9FX_YELLOWE
0x0000007102BEA740,_ZN11LegoDigging9FX_ORANGEE
0x0000007102BEA742,_ZN11LegoDigging8FX_GREENE
0x0000007102BEA744,_ZN11LegoDigging7FX_BLUEE
0x0000007102BEA746,_ZN11LegoDigging9FX_PURPLEE
0x0000007102BEA748,_ZN11LegoDigging7FX_CYANE
0x0000007102BEA74A,_ZN11LegoDigging7FX_FIX1E
0x0000007102BEA74C,_ZN11LegoDigging7FX_FIX2E
0x0000007102BEA74E,_ZN11LegoDigging10FX_DIGGINGE
0x0000007102BEA750,_ZN11LegoDigging11FX_DIGGING2E
0x0000007102BEA752,_ZN11LegoDigging20m_usingSingleFixAnimE
0x0000007102BEA754,btnBashSpeedModifier
0x0000007102BEA758,_ZN20ClassManagerAccessorI11LegoDiggingE10MANAGER_IDE
0x0000007102BEA760,_ZGVN20ClassManagerAccessorI11LegoDiggingE10MANAGER_IDE
0x0000007102BEA7F8,_ZN9LegoDoors19m_defaultUseDoorWebE
0x0000007102BEA7FC,_ZN9LegoDoors23m_startDoorNameOverrideE
0x0000007102BEA800,_ZN9LegoDoors26EventPlayerGoneThroughDoorE
0x0000007102BEA828,_ZN9LegoDoors27EventPlayerGoingThroughDoorE
0x0000007102BEA850,_ZN9LegoDoors32EventPlayerGoThroughTeleportDoorE
0x0000007102BEA878,_ZN16GizmoDoorManager12ms_iPartyIDsE
0x0000007102BEA8A0,_ZN16GizmoDoorManager18ms_iPartyPlayerIDsE
0x0000007102BEA8B8,GizmoDoor_CanGoThroughFn
0x0000007102BEA8C0,_ZN16GizmoDoorManager14ms_uPartyCountE
0x0000007102BEA8C8,EventGoThroughDoor
0x0000007102BEA8F0,_ZN16GizmoDoorManager12m_kEnterModeE
0x0000007102BEA8F4,doorMatCorners
0x0000007102BEA924,_ZN20ClassManagerAccessorI9LegoDoorsE10MANAGER_IDE
0x0000007102BEA928,_ZGVN20ClassManagerAccessorI9LegoDoorsE10MANAGER_IDE
0x0000007102BEA95C,_ZN14LegoExplosions18m_allowOwnerDamageE
0x0000007102BEA960,_ZN14LegoExplosions19m_zapBeamDescriptorE
0x0000007102BEA968,Explosion
0x0000007102BEABA8,i_explosion
0x0000007102BEABAC,_ZN20ClassManagerAccessorI14LegoExplosionsE10MANAGER_IDE
0x0000007102BEABB0,_ZGVN20ClassManagerAccessorI14LegoExplosionsE10MANAGER_IDE
0x0000007102BEABE0,_ZN6LegoFX11DEBRIS_NONEE
0x0000007102BEABE8,LEGOFX_COINBLUE
0x0000007102BEABEA,LEGOFX_TRAIL_BLUE
0x0000007102BEABEC,LEGOFX_TRAIL_PURPLE
0x0000007102BEABEE,LEGOFX_MINIKIT
0x0000007102BEABF0,LEGOFX_MINIKIT01
0x0000007102BEABF2,LEGOFX_MINIKIT02
0x0000007102BEABF4,LEGOFX_MINIKIT03
0x0000007102BEABF6,LEGOFX_HEART
0x0000007102BEABF8,LEGOFX_HEART_BIG
0x0000007102BEABFA,LEGOFX_MAGNO1
0x0000007102BEABFC,LEGOFX_MAGNO2
0x0000007102BEABFE,LEGOFX_DETONATOR_DETONATE1
0x0000007102BEAC00,LEGOFX_DETONATOR_DETONATE2
0x0000007102BEAC02,LEGOFX_DETONATOR_DETONATE3
0x0000007102BEAC04,LEGOFX_DETONATOR_IMPACT
0x0000007102BEAC06,LEGOFX_ZAP
0x0000007102BEAC08,LEGOFX_ZAP_FAIL
0x0000007102BEAC0A,LEGOFX_ZAP_FAIL_RED
0x0000007102BEAC0C,LEGOFX_ELECTROCUTE
0x0000007102BEAC0E,LEGOFX_ELECTROCUTE_END
0x0000007102BEAC10,LEGOFX_SPLASH_BIG
0x0000007102BEAC12,LEGOFX_SPLASH
0x0000007102BEAC14,LEGOFX_SPLASH_SHALLOW
0x0000007102BEAC16,LEGOFX_SPLASH_DEEP
0x0000007102BEAC18,LEGOFX_SPLASH_MUD
0x0000007102BEAC1A,LEGOFX_FROZEN
0x0000007102BEAC1C,LEGOFX_ICECUBE
0x0000007102BEAC1E,LEGOFX_RAIL_SPARK
0x0000007102BEAC20,LEGOFX_BLACKSLEEP_DIZZY
0x0000007102BEAC22,LEGOFX_BLACKSLEEP3
0x0000007102BEAC24,LEGOFX_PERFUME_CHARACTIVE_1
0x0000007102BEAC26,LEGOFX_PERFUME_CHARACTIVE_2
0x0000007102BEAC28,LEGOFX_TOGGLE
0x0000007102BEAC2A,LEGOFX_TELEPORT_POOF
0x0000007102BEAC2C,LEGOFX_FLASH_WHIP
0x0000007102BEAC2E,LEGOFX_FLASH_PISTOL
0x0000007102BEAC30,LEGOFX_EXPLODE_1
0x0000007102BEAC32,LEGOFX_EXPLODE_2
0x0000007102BEAC34,LEGOFX_EXPLODE_3
0x0000007102BEAC36,LEGOFX_EXPLODE_4
0x0000007102BEAC38,LEGOFX_EXPLODE_5
0x0000007102BEAC3A,LEGOFX_EXPLODE_6
0x0000007102BEAC3C,LEGOFX_GIZHINT_RED
0x0000007102BEAC3E,LEGOFX_GIZHINT_GREEN
0x0000007102BEAC40,LEGOFX_GIZHINT_BLUE
0x0000007102BEAC42,LEGOFX_GIZHINT_PURPLE
0x0000007102BEAC44,LEGOFX_GIZHINT_YELLOW
0x0000007102BEAC46,LEGOFX_GIZHINT_ORANGE
0x0000007102BEAC48,LEGOFX_GIZHINT_CYAN
0x0000007102BEAC4A,LEGOFX_SABRE_RED
0x0000007102BEAC4C,LEGOFX_SABRE_GREEN
0x0000007102BEAC4E,LEGOFX_SABRE_BLUE
0x0000007102BEAC50,LEGOFX_SABRE_PURPLE
0x0000007102BEAC52,LEGOFX_SABRE_YELLOW
0x0000007102BEAC54,LEGOFX_SABRE_RED_COMBO
0x0000007102BEAC56,LEGOFX_SABRE_GREEN_COMBO
0x0000007102BEAC58,LEGOFX_SABRE_BLUE_COMBO
0x0000007102BEAC5A,LEGOFX_SABRE_PURPLE_COMBO
0x0000007102BEAC5C,LEGOFX_SABRE_YELLOW_COMBO
0x0000007102BEAC5E,LEGOFX_SABRE_RED_SPARK
0x0000007102BEAC60,LEGOFX_SABRE_GREEN_SPARK
0x0000007102BEAC62,LEGOFX_SABRE_BLUE_SPARK
0x0000007102BEAC64,LEGOFX_SABRE_PURPLE_SPARK
0x0000007102BEAC66,LEGOFX_SABRE_YELLOW_SPARK
0x0000007102BEAC68,LEGOFX_SABRE_SCAR_SPARK
0x0000007102BEAC6A,LEGOFX_SABRE_BLUE_CRACKLES
0x0000007102BEAC6C,LEGOFX_FOOT_SPLASH
0x0000007102BEAC6E,LEGOFX_SUPERSTRENGTH
0x0000007102BEAC70,LEGOFX_CABLE_SPARK
0x0000007102BEAC72,LEGOFX_TRANSFORM1
0x0000007102BEAC74,LEGOFX_TRANSFORM2
0x0000007102BEAC76,LEGOFX_DEATH1
0x0000007102BEAC78,LEGOFX_DEATH2
0x0000007102BEAC7A,LEGOFX_EXPLODE_ORANGE1A
0x0000007102BEAC7C,LEGOFX_EXPLODE_ORANGE1B
0x0000007102BEAC7E,LEGOFX_EXPLODE_ORANGE1C
0x0000007102BEAC80,LEGOFX_EXPLODE_ORANGE1D
0x0000007102BEAC82,LEGOFX_EXPLODE_ORANGE1AV
0x0000007102BEAC84,LEGOFX_EXPLODE_ORANGE1BV
0x0000007102BEAC86,LEGOFX_EXPLODE_ORANGE1CV
0x0000007102BEAC88,LEGOFX_EXPLODE_ORANGE2A
0x0000007102BEAC8A,LEGOFX_EXPLODE_ORANGE2B
0x0000007102BEAC8C,LEGOFX_EXPLODE_ORANGE2C
0x0000007102BEAC8E,LEGOFX_EXPLODE_ORANGE3A
0x0000007102BEAC90,LEGOFX_EXPLODE_ORANGE3C
0x0000007102BEAC92,LEGOFX_EXPLODE_ORANGE4A
0x0000007102BEAC94,LEGOFX_R2D2THRUSTER
0x0000007102BEAC96,LEGOFX_TERSPARK
0x0000007102BEAC98,LEGOFX_TAG_BLUE
0x0000007102BEAC9A,LEGOFX_TAG_GREEN
0x0000007102BEAC9C,LEGOFX_LAVADIE
0x0000007102BEAC9E,LEGOFX_RAIN
0x0000007102BEACA0,LEGOFX_CHARGHOST
0x0000007102BEACA2,LEGOFX_TRACTORBEAM1
0x0000007102BEACA4,LEGOFX_TRACTORBEAM2
0x0000007102BEACA6,LEGOFX_PUNCH1
0x0000007102BEACA8,LEGOFX_PUNCH2
0x0000007102BEACAA,LEGOFX_TORCH1
0x0000007102BEACAC,LEGOFX_TORCH2
0x0000007102BEACAE,LEGOFX_TORCH3
0x0000007102BEACB0,LEGOFX_VEHICLE_DUST
0x0000007102BEACB2,LEGOFX_VEHICLE_MUD
0x0000007102BEACB4,LEGOFX_VEHICLE_WATER
0x0000007102BEACB6,LEGOFX_CHAR_DUST
0x0000007102BEACB8,LEGOFX_CHAR_MUD
0x0000007102BEACBA,LEGOFX_CHAR_WATER
0x0000007102BEACBC,LEGOFX_GLASS_VEHICLE_SMALL
0x0000007102BEACBE,LEGOFX_GLASS_VEHICLE_MEDIUM
0x0000007102BEACC0,LEGOFX_GLASS_VEHICLE_LARGE
0x0000007102BEACC2,LEGOFX_MOB_SMOKE
0x0000007102BEACC4,LEGOFX_MOB_SPARK
0x0000007102BEACC6,LEGOFX_FUSE1
0x0000007102BEACC8,LEGOFX_FUSE1B
0x0000007102BEACCA,LEGOFX_BULLETHIT
0x0000007102BEACCC,LEGOFX_SHOCKWAVE
0x0000007102BEACCE,LEGOFX_GOOP
0x0000007102BEACD0,LEGOFX_GOOPSTEP
0x0000007102BEACD2,LEGOFX_MAGIC_IMPACT
0x0000007102BEACD4,LEGOFX_TARGETSPARK1
0x0000007102BEACD6,LEGOFX_TARGETSPARK2
0x0000007102BEACD8,LEGOFX_TARGETSPARK3
0x0000007102BEACDA,LEGOFX_PICKUP_SPARK
0x0000007102BEACDC,LEGOFX_DOORMARKER_SMOKE
0x0000007102BEACDE,LEGOFX_GHOST_COIN
0x0000007102BEACE0,LEGOFX_JUMP_SLAM
0x0000007102BEACE2,LEGOFX_JUMP_SLAM_ADDITIONAL
0x0000007102BEACE4,LEGOFX_ROPEBUILD
0x0000007102BEACE6,LEGOFX_ROPEHIGHLIGHT
0x0000007102BEACE8,LEGOFX_ROPESPARK
0x0000007102BEACEA,LEGOFX_COLD_BREATH
0x0000007102BEACEC,LEGOFX_TWIRLPOLE
0x0000007102BEACF0,can_save_gen_ptl
0x0000007102BEACF4,_ZN20ClassManagerAccessorI6LegoFXE10MANAGER_IDE
0x0000007102BEACF8,_ZGVN20ClassManagerAccessorI6LegoFXE10MANAGER_IDE
0x0000007102BEAD38,_ZN12LegoFighting21m_fightSequenceLengthE
0x0000007102BEAD39,_ZN12LegoFighting18m_punchAlwaysStunsE
0x0000007102BEAD3A,_ZN12LegoFighting18m_drawPunchFlashesE
0x0000007102BEAD3B,_ZN12LegoFighting20m_DrawAnimLocStreaksE
0x0000007102BEAD3C,_ZN12LegoFighting19m_forcePunchTakeHitE
0x0000007102BEAD3D,_ZN12LegoFighting20m_pairedTakeHitAnimsE
0x0000007102BEAD3E,_ZN12LegoFighting31m_fightMinSpeedOnlyWhenSpeedSetE
0x0000007102BEAD40,_ZN12LegoFighting15m_fightMinSpeedE
0x0000007102BEAD44,WeaponPowerUpTime
0x0000007102BEAD48,_ZN12LegoFighting29s_comboPunchHitCharRangeCheckE
0x0000007102BEAD49,_ZN12LegoFighting31s_comboPunchHitGadgetRangeCheckE
0x0000007102BEAD4A,_ZN12LegoFighting31s_comboPunchHitBlowupRangeCheckE
0x0000007102BEAD4C,Fight_HeroComboCount
0x0000007102BEAD50,Fight_VillainComboCount
0x0000007102BEAD54,_ZN20ClassManagerAccessorI12LegoFightingE10MANAGER_IDE
0x0000007102BEAD58,_ZGVN20ClassManagerAccessorI12LegoFightingE10MANAGER_IDE
0x0000007102BEAD60,_ZN22LegoContextHandlerBaseI19ComboContextHandlerE19m_contextInstanceIdE
0x0000007102BEAD8C,Float_JumpOutHeight
0x0000007102BEAD90,Float_AllowSwimDive
0x0000007102BEAD94,Float_DeadlyDeepWater
0x0000007102BEAD98,Float_DeadlyDeepWater_UseTimeout
0x0000007102BEAD9C,objDivingLadderContextHackTicker
0x0000007102BEADA0,Float_ShowDiveHint
0x0000007102BEADA4,_ZN20ClassManagerAccessorI12LegoFloatingE10MANAGER_IDE
0x0000007102BEADA8,_ZGVN20ClassManagerAccessorI12LegoFloatingE10MANAGER_IDE
0x0000007102BEAE08,theLegoGame
0x0000007102BEAE10,_ZN12LegoGameBase15m_GameInitEventE
0x0000007102BEAE38,_ZN12LegoGameBase21EventGameObjectsReadyE
0x0000007102BEAE60,_ZN12LegoGameBase23s_PostStateNewModeEventE
0x0000007102BEAE88,_ZN12LegoGameBase14s_areaCompleteE
0x0000007102BEAEB0,_ZN12LegoGameBase18ConfigUpdatedEventE
0x0000007102BEAED8,_ZN12LegoGameBase26EventOnAllocateRenderPipesE
0x0000007102BEAF00,_ZN12LegoGameBase25g_useNewShadowHackDefaultE
0x0000007102BEAF01,_ZN12LegoGameBase37mCanToggleTakenOverVehiclesInFreeplayE
0x0000007102BEAF02,_ZN12LegoGameBase30mCanTagCharactersInVehicleAreaE
0x0000007102BEAF03,_ZN12LegoGameBase28m_CutsceneHasJustBeenSkippedE
0x0000007102BEAF04,gscn_showsplines
0x0000007102BEAF08,editor_active
0x0000007102BEAF0C,peak_poly_count
0x0000007102BEAF10,poly_count
0x0000007102BEAF14,cheatprogress
0x0000007102BEAF18,NOAICREATURES
0x0000007102BEAF1C,DRAWHITPOINTS
0x0000007102BEAF20,DRAWBLOCKING
0x0000007102BEAF24,DRAWBRAWL
0x0000007102BEAF28,SHOWINVINCIBLE
0x0000007102BEAF2C,DRAWAIVEHICLERESPAWNZONES
0x0000007102BEAF30,PAUSEDEBRISINEDITOR
0x0000007102BEAF34,NOTERRAINSTOP
0x0000007102BEAF38,DRAWBGLOAD
0x0000007102BEAF3C,HAZE
0x0000007102BEAF40,PANELOFF
0x0000007102BEAF44,NUFILEDEBUG
0x0000007102BEAF48,LIVE_FRAMETIME
0x0000007102BEAF4C,APITXTOFF
0x0000007102BEAF50,HIGHRESGRAB
0x0000007102BEAF54,numgameloops_since_newmode
0x0000007102BEAF58,numgameloops_since_newlevel
0x0000007102BEAF5C,HubMainRenderTimeHack
0x0000007102BEAF60,WII_SPECIFIC_PARTICLES
0x0000007102BEAF64,DoubleScore
0x0000007102BEAF68,RealDoubleScore
0x0000007102BEAF6C,GUIDEDEBUG
0x0000007102BEAF70,Display_SceneManager_Debug
0x0000007102BEAF74,_ZN20ClassManagerAccessorI21cAreaSplitSettingsMgrE10MANAGER_IDE
0x0000007102BEAF78,_ZGVN20ClassManagerAccessorI21cAreaSplitSettingsMgrE10MANAGER_IDE
0x0000007102BEAF80,_ZN9SingletonI20SubtitleResourceTypeE9mInstanceE
0x0000007102BEAFB0,g_startDoorSetFromCommandLine
0x0000007102BEAFB8,GameCoinTotal
0x0000007102BEB010,s_disableCamOffset
0x0000007102BEB011,UseRunTilt
0x0000007102BEB014,_ZN10GameObject8s_typeIDE
0x0000007102BEB018,Obj
0x0000007102BEB020,HIGHGAMEOBJECT
0x0000007102BEB024,HIGHGAMEOBJECTREFACTORED
0x0000007102BEB028,_ZN15LegoGameObjects20m_deathAnimsRequiredE
0x0000007102BEB030,_ZN15LegoGameObjects10EventAddedE
0x0000007102BEB058,_ZN15LegoGameObjects20EventAboutToBeKilledE
0x0000007102BEB080,_ZN15LegoGameObjects11EventKilledE
0x0000007102BEB0A8,_ZN15LegoGameObjects17EventLostAsTargetE
0x0000007102BEB0D0,_ZN15LegoGameObjects14EventRelocatedE
0x0000007102BEB0F8,_ZN15LegoGameObjects20EventTakeOverChangedE
0x0000007102BEB120,_ZN15LegoGameObjects16EventJoinedPartyE
0x0000007102BEB148,_ZN15LegoGameObjects16EventTakenDamageE
0x0000007102BEB170,_ZN15LegoGameObjects11EventTaggedE
0x0000007102BEB198,_ZN15LegoGameObjects12EventTaggingE
0x0000007102BEB1C0,_ZN15LegoGameObjects18EventPlayerControlE
0x0000007102BEB1E8,_ZN15LegoGameObjects13EventTogglingE
0x0000007102BEB210,_ZN15LegoGameObjects17EventPostTogglingE
0x0000007102BEB238,_ZN15LegoGameObjects14EventDestroyedE
0x0000007102BEB260,_ZN15LegoGameObjects14EventObjHitObjE
0x0000007102BEB288,_ZN15LegoGameObjects19EventShouldBeKilledE
0x0000007102BEB2B0,_ZN15LegoGameObjects18EventObjStartBlockE
0x0000007102BEB2D8,_ZN15LegoGameObjects17EventFirstProcessE
0x0000007102BEB300,_ZN15LegoGameObjects31EventCollidedWithOtherCharacterE
0x0000007102BEB328,_ZN10GameObject10s_globalIdE
0x0000007102BEB330,GameObjectDimensionsExtraFn
0x0000007102BEB338,LastSafePosExtraFn
0x0000007102BEB340,grapahaha
0x0000007102BEB344,targetgameobject_fromwhip
0x0000007102BEB348,_ZN15LegoGameObjects15BURN_INSTA_KILLE
0x0000007102BEB34C,_ZN20ClassManagerAccessorI15LegoGameObjectsE10MANAGER_IDE
0x0000007102BEB350,_ZGVN20ClassManagerAccessorI15LegoGameObjectsE10MANAGER_IDE
0x0000007102BEB380,GAMEPAD_CHOOSERLEFT
0x0000007102BEB384,GAMEPAD_CHOOSERRIGHT
0x0000007102BEB388,g_Game_NuPad
0x0000007102BEB390,g_pActivePad
0x0000007102BEB398,g_GamePad
0x0000007102BEB3A0,readpads_always
0x0000007102BEB3A4,PadOldAngle
0x0000007102BEB3A8,PadOldAngle2
0x0000007102BEB3AC,PadOldSpeed
0x0000007102BEB3B4,PadOldSpeed2
0x0000007102BEB3BC,PadChangeWait
0x0000007102BEB3C8,GamePads_IgnoreInputFn
0x0000007102BEB3D0,g_SelectAlwaysShowsPauseMenu
0x0000007102BEB3D4,g_PrintPadValue
0x0000007102BEB3D8,InputAngle_AlwaysUseRotDiffMul
0x0000007102BEB3E0,CutSceneViewerActiveFn
0x0000007102BEB414,DRAWSHOVEOBJECTS
0x0000007102BEB418,openlevels
0x0000007102BEB41C,allminikits
0x0000007102BEB420,collectallcharacters
0x0000007102BEB424,allshopextras
0x0000007102BEB428,initsuperstory
0x0000007102BEB430,CurrentYearUnlockedFn
0x0000007102BEB438,RenderSabresAfterPostEffects
0x0000007102BEB43C,_ZN20ClassManagerAccessorI13LegoGameThingE10MANAGER_IDE
0x0000007102BEB440,LastLastLData
0x0000007102BEB448,PrintDisplayListsInfoToTextCriticalSection
0x0000007102BEB450,_ZGVN20ClassManagerAccessorI13LegoGameThingE10MANAGER_IDE
0x0000007102BEB4A8,_ZN10LegoGizmos26bHiddenLayerCullingEnabledE
0x0000007102BEB4AC,_ZN10LegoGizmos24HiddenLayerCullsPerFrameE
0x0000007102BEB4B0,_ZN10LegoGizmos24HiddenLayerCullingOffsetE
0x0000007102BEB4B8,_ZN10LegoGizmos24m_phantomInterfaceOffsetE
0x0000007102BEB4C0,_ZN10LegoGizmos21m_flowInterfaceOffsetE
0x0000007102BEB4C8,_ZN10LegoGizmos28m_DisableLegoSetOptimisationE
0x0000007102BEB4D0,_ZN10LegoGizmos17EventLostAsTargetE
0x0000007102BEB4F8,_ZN10LegoGizmos14EventDestroyedE
0x0000007102BEB520,_ZN20ClassManagerAccessorI10LegoGizmosE10MANAGER_IDE
0x0000007102BEB528,_ZGVN20ClassManagerAccessorI10LegoGizmosE10MANAGER_IDE
0x0000007102BEB608,_ZN15LegoGizmoHelper7cParamsE
0x0000007102BEB610,GizmoFileEvaluateBlockSize
0x0000007102BEB614,GizmoDataBlockSize
0x0000007102BEB618,_ZN5Gizmo16s_AddOnOwnerTypeE
0x0000007102BEB61C,_ZN16LegoGizmoManager12objectCallIdE
0x0000007102BEB620,num_appends
0x0000007102BEB674,_ZN20ClassManagerAccessorI15LegoGizmoGroupsE10MANAGER_IDE
0x0000007102BEB678,_ZGVN20ClassManagerAccessorI15LegoGizmoGroupsE10MANAGER_IDE
0x0000007102BEB6A8,_ZN17LegoGlowTargeting31m_items_display_b_button_promptE
0x0000007102BEB6A9,_ZN17LegoGlowTargeting24m_ForceLineOfSightChecksE
0x0000007102BEB6AA,UpsideDownPickupArrow
0x0000007102BEB6AC,_ZN20ClassManagerAccessorI17LegoGlowTargetingE10MANAGER_IDE
0x0000007102BEB6B0,_ZGVN20ClassManagerAccessorI17LegoGlowTargetingE10MANAGER_IDE
0x0000007102BEB6E4,_ZN20ClassManagerAccessorI19GizmoGrappleManagerE10MANAGER_IDE
0x0000007102BEB6E8,Grapple_UseWhipGlowForVerticals
0x0000007102BEB6E9,Grapple_RopeSwingsAvailable
0x0000007102BEB6EA,Grapple_SwingUseIdleWhenNoInput
0x0000007102BEB6EB,Grapple_SwingierRopeSwingAttach
0x0000007102BEB6EC,Grapples_DropWait
0x0000007102BEB6F0,Grapple_InitialXZMomSeekTime
0x0000007102BEB6F4,Grapple_ShowWhipHookOnlyFloorTargets
0x0000007102BEB6F5,grapple_findnearest_whiponly_includeverticals
0x0000007102BEB6F8,_ZN20ClassManagerAccessorI12LegoGrapplesE10MANAGER_IDE
0x0000007102BEB700,_ZGVN20ClassManagerAccessorI12LegoGrapplesE10MANAGER_IDE
0x0000007102BEB708,_ZGVN20ClassManagerAccessorI19GizmoGrappleManagerE10MANAGER_IDE
0x0000007102BEB738,GizHintGDeb
0x0000007102BEB748,_ZN20ClassManagerAccessorI14LegoHintGizmosE10MANAGER_IDE
0x0000007102BEB750,_ZGVN20ClassManagerAccessorI14LegoHintGizmosE10MANAGER_IDE
0x0000007102BEB780,_ZN9LegoHints15s_wallJumpCountE
0x0000007102BEB788,_ZN9LegoHints16EventPostProcessE
0x0000007102BEB7B0,_ZN9LegoHints13EventHintHideE
0x0000007102BEB7D8,_ZN9LegoHints13EventHintShowE
0x0000007102BEB800,_ZN20ClassManagerAccessorI9LegoHintsE10MANAGER_IDE
0x0000007102BEB808,_ZGVN20ClassManagerAccessorI9LegoHintsE10MANAGER_IDE
0x0000007102BEB858,_ZN9LegoItems16m_itemScenePathsE
0x0000007102BEB868,_ZN9LegoItems16s_isStreamingMapE
0x0000007102BEB869,GizItems_ShowThrowTargetHint
0x0000007102BEB86A,GizItems_ShowTargetThrowHint
0x0000007102BEB86B,LegoItem_Carry_CanAutoPlug
0x0000007102BEB86C,_ZN9LegoItems19m_SingleItemCyclingE
0x0000007102BEB86D,_ZN9LegoItems28m_ShoulderItemCyclingEnabledE
0x0000007102BEB86E,_ZN9LegoItems18m_ManualItemGetOutE
0x0000007102BEB86F,_ZN9LegoItems26m_AutoPlayerPutAwayEnabledE
0x0000007102BEB870,_ZN9LegoItems25m_AutoPartyPutAwayEnabledE
0x0000007102BEB871,_ZN9LegoItems22m_AutoAiPutAwayEnabledE
0x0000007102BEB872,_ZN9LegoItems18m_SabreOutOnAttackE
0x0000007102BEB873,_ZN9LegoItems12m_instaThrowE
0x0000007102BEB874,_ZN9LegoItems32m_OnPickupIfAlreadyGotThenGetOutE
0x0000007102BEB875,_ZN9LegoItems24m_UseAnimSpeedsForPickupE
0x0000007102BEB878,_ZN9LegoItems20m_ThrowTargetingModeE
0x0000007102BEB87C,_ZN9LegoItems29m_DrawTargetGlowWhenTargetingE
0x0000007102BEB87D,_ZN9LegoItems31m_AlwaysDoSuperCarryLineOfSightE
0x0000007102BEB87E,_ZN9LegoItems34m_SuperCarryCanStopOnBounceTerrainE
0x0000007102BEB87F,_ZN9LegoItems22m_playerPickUpDisabledE
0x0000007102BEB880,_ZN9LegoItems21EventItemStateChangedE
0x0000007102BEB8A8,_ZN9LegoItems29EventItemRemovedFromInventoryE
0x0000007102BEB8D0,_ZN9LegoItems16EventItemStoppedE
0x0000007102BEB8F8,_ZN9LegoItems16EventRespawnItemE
0x0000007102BEB920,_ZN9LegoItems25EventAddedItemToInventoryE
0x0000007102BEB948,_ZN9LegoItems17EventPickedUpItemE
0x0000007102BEB970,_ZN9LegoItems21EventItemPutIntoLevelE
0x0000007102BEB998,_ZN9LegoItems17EventTakenOutItemE
0x0000007102BEB9C0,_ZN9LegoItems16EventPutItemAwayE
0x0000007102BEB9E8,_ZN9LegoItems22EventStartedToPlugItemE
0x0000007102BEBA10,_ZN9LegoItems24EventStartedToUnclipItemE
0x0000007102BEBA38,_ZN9LegoItems16EventPluggedItemE
0x0000007102BEBA60,_ZN9LegoItems23EventOnItemHitCharacterE
0x0000007102BEBA88,_ZN20ClassManagerAccessorI14GizItemManagerE10MANAGER_IDE
0x0000007102BEBA90,_ZN9LegoItems17ActionStringTableE
0x0000007102BEBA98,_ZN9LegoItems11ActionCountE
0x0000007102BEBAA0,_ZN9LegoItems16ActionRemapTableE
0x0000007102BEBAA8,_ZN9LegoItems14SfxStringTableE
0x0000007102BEBAB0,_ZN9LegoItems8SfxCountE
0x0000007102BEBAB4,gizitems_pop_corks
0x0000007102BEBAB8,gizitems_cork_timer
0x0000007102BEBAC0,GizItemType_RedBrick
0x0000007102BEBAC8,LegoItem_LocatorNames
0x0000007102BEBAD0,LegoItem_NumLocatorNames
0x0000007102BEBAD4,gizitem_showtakeherearrow_detector
0x0000007102BEBAD8,_ZN20ClassManagerAccessorI9LegoItemsE10MANAGER_IDE
0x0000007102BEBAE0,_ZGVN20ClassManagerAccessorI9LegoItemsE10MANAGER_IDE
0x0000007102BEBAE8,_ZGVN20ClassManagerAccessorI14GizItemManagerE10MANAGER_IDE
0x0000007102BEBB68,_ZN13LegoInventory20s_DefaultThrowConfigE
0x0000007102BEBB8C,_ZN22LegoContextHandlerBaseI22LegoItemContextHandlerE19m_contextInstanceIdE
0x0000007102BEBBB8,theLegoItemTracker
0x0000007102BEBC00,LegoItem_CanHideInsideFn
0x0000007102BEBC60,LegoItem_CanSuperCarryFn
0x0000007102BEBC68,LegoItem_SuperCarry_AlwaysThrow
0x0000007102BEBC69,LegoItem_SuperCarry_UseActionButton
0x0000007102BEBC6A,LegoItem_SuperCarry_KeepObjectLevel
0x0000007102BEBC6B,LegoItem_SuperCarry_AllowThrow
0x0000007102BEBC6C,LegoItem_SuperCarry_AllowBash
0x0000007102BEBC6D,LegoItem_SuperCarry_AllowJump
0x0000007102BEBC6E,LegoItem_SuperCarry_Highlighting
0x0000007102BEBC6F,LegoItem_SuperCarry_NewAnims
0x0000007102BEBC70,LegoItem_SuperCarry_AllowUnClip
0x0000007102BEBC71,LegoItem_SuperCarry_AnyoneWithAnims
0x0000007102BEBC72,LegoItem_SuperCarry_CanAutoPlug
0x0000007102BEBC73,LegoItem_SuperCarry_PutDownEarly
0x0000007102BEBC74,LegoItem_SuperCarry_PutDownSeek
0x0000007102BEBC76,LEGOFX_BUILDIT1
0x0000007102BEBC78,LEGOFX_BUILDIT2
0x0000007102BEBC7A,LEGOFX_BUILDIT3
0x0000007102BEBC7C,LEGOFX_BUILDIT4
0x0000007102BEBC7E,LEGOFX_BUILDIT5
0x0000007102BEBC80,LEGOFX_BUILDIT6
0x0000007102BEBC82,LEGOFX_BUILDIT7
0x0000007102BEBC84,LegoItem_SuperCarry_FaceBosses
0x0000007102BEBC88,_ZN15SuperCarryAddon8s_typeIdE
0x0000007102BEBCDC,GizItemOpponent_Range2
0x0000007102BEBCE0,GizItemOpponent_Behind
0x0000007102BEBD10,g_pGameSetBrawlerClassCallback
0x0000007102BEBD18,g_pGameBrawlerQueryCallback
0x0000007102BEBD54,_ZN20ClassManagerAccessorI11LegoLaddersE10MANAGER_IDE
0x0000007102BEBD58,_ZGVN20ClassManagerAccessorI11LegoLaddersE10MANAGER_IDE
0x0000007102BEBFB0,_ZN20ClassManagerAccessorI17GizmoLedgeManagerE10MANAGER_IDE
0x0000007102BEBFB8,LedgePiece
0x0000007102BEBFC0,_ZGVN20ClassManagerAccessorI17GizmoLedgeManagerE10MANAGER_IDE
0x0000007102BEBFC8,_ZN20ClassManagerAccessorI10LegoLedgesE10MANAGER_IDE
0x0000007102BEBFD0,_ZGVN20ClassManagerAccessorI10LegoLedgesE10MANAGER_IDE
0x0000007102BEC028,_ZN22LegoContextHandlerBaseI16TwirlJumpContextE19m_contextInstanceIdE
0x0000007102BEC0A4,_ZN14LegoLightBeams13FX_LIGHTBEAM1E
0x0000007102BEC0A6,_ZN14LegoLightBeams13FX_LIGHTBEAM2E
0x0000007102BEC0A8,_ZN20ClassManagerAccessorI21GizmoLightBeamManagerE10MANAGER_IDE
0x0000007102BEC0AC,_ZN20ClassManagerAccessorI14LegoLightBeamsE10MANAGER_IDE
0x0000007102BEC0B0,_ZGVN20ClassManagerAccessorI14LegoLightBeamsE10MANAGER_IDE
0x0000007102BEC0B8,_ZGVN20ClassManagerAccessorI21GizmoLightBeamManagerE10MANAGER_IDE
0x0000007102BEC110,msg_player2_active
0x0000007102BEC118,msg_complexGizmoCompleted
0x0000007102BEC120,_ZN20ClassManagerAccessorI12LegoMessagesE10MANAGER_IDE
0x0000007102BEC128,_ZGVN20ClassManagerAccessorI12LegoMessagesE10MANAGER_IDE
0x0000007102BEC181,_ZN24LEGOMessageFlowInterface15s_canUseGetNameE
0x0000007102BEC188,theLEGOMessageFlowInterfaceHelper
0x0000007102BEC1E0,g_bGizMinicutsDisabled
0x0000007102BEC1E4,_ZN20ClassManagerAccessorI12LegoMiniCutsE10MANAGER_IDE
0x0000007102BEC1E8,_ZGVN20ClassManagerAccessorI12LegoMiniCutsE10MANAGER_IDE
0x0000007102BEC218,_ZN9LegoMoves13m_usingSprintE
0x0000007102BEC21C,_ZN9LegoMoves21m_numMiddleAnimCyclesE
0x0000007102BEC220,_ZN9LegoMoves12m_SprintWaitE
0x0000007102BEC224,_ZN9LegoMoves11m_NewSprintE
0x0000007102BEC228,_ZN20ClassManagerAccessorI9LegoMovesE10MANAGER_IDE
0x0000007102BEC230,_ZGVN20ClassManagerAccessorI9LegoMovesE10MANAGER_IDE
0x0000007102BEC288,_ZN13LegoObstacles26bHiddenLayerCullingEnabledE
0x0000007102BEC290,gizobstacletriggers
0x0000007102BEC410,GizObstacle_SetDefaultSFXFn
0x0000007102BEC418,ObstOpponent_StoreList
0x0000007102BEC420,ObstOpponent_StoreCount
0x0000007102BEC428,ObstOpponent_StoreMax
0x0000007102BEC42C,GizmoObstOpponent_Behind
0x0000007102BEC430,GizmoObstOpponent_Range2
0x0000007102BEC434,_ZN20ClassManagerAccessorI13LegoObstaclesE10MANAGER_IDE
0x0000007102BEC438,_ZGVN20ClassManagerAccessorI13LegoObstaclesE10MANAGER_IDE
0x0000007102BEC468,_ZN13GizmoPainting13m_bNowDrawingE
0x0000007102BEC470,_ZN13GizmoPainting18m_pDefaultMaterialE
0x0000007102BEC478,g_goSlow
0x0000007102BEC47C,_ZN20ClassManagerAccessorI13LegoPaintingsE10MANAGER_IDE
0x0000007102BEC480,_ZGVN20ClassManagerAccessorI13LegoPaintingsE10MANAGER_IDE
0x0000007102BEC550,EventPickupBrick
0x0000007102BEC578,_ZN11LegoPickups24m_DebugMiniKitDetectorOnE
0x0000007102BEC579,_ZN11LegoPickups31m_DebugDrawMiniKitDetectorNamesE
0x0000007102BEC57A,_ZN11LegoPickups26bHiddenLayerCullingEnabledE
0x0000007102BEC57B,_ZN11LegoPickups18m_StopHubDetectorsE
0x0000007102BEC57C,_ZN11LegoPickups6s_bankE
0x0000007102BEC5C4,_ZN11LegoPickups13s_coinsInBankE
0x0000007102BEC5C8,AddCoinDelay
0x0000007102BEC5D0,PickupSys
0x0000007102BEC5D8,gizPickupVFXTable
0x0000007102BEC5E0,COINS_LEVELEND
0x0000007102BEC5E8,PickUpDrawExtraFn
0x0000007102BEC5F0,HubGoldBricksUseLevelNames
0x0000007102BEC5F4,pickup_activate_nofeedback
0x0000007102BEC5F8,GizmoPickup_ResetHack
0x0000007102BEC600,FancyDetectorSpecial
0x0000007102BEC610,FancyDetectorP1Special
0x0000007102BEC620,FancyDetectorP2Special
0x0000007102BEC630,CoinPacket
0x0000007102BEC810,CanCoinsGoToMainTotalFn
0x0000007102BEC818,bricktotal_score
0x0000007102BEC81C,bricktotal_superbuildtarget
0x0000007102BEC820,bricktotal_x
0x0000007102BEC828,bricktint
0x0000007102BEC830,cointotal_x
0x0000007102BEC838,coinimpactwait
0x0000007102BEC840,BonusCoinTarget_Override
0x0000007102BEC848,LOSECOINS_DMG_NORMAL
0x0000007102BEC84C,LOSECOINS_DMG_BONUS
0x0000007102BEC850,LOSECOINS_MINOR_DMG_NORMAL
0x0000007102BEC854,LOSECOINS_MINOR_DMG_BONUS
0x0000007102BEC858,msg_type
0x0000007102BEC860,msg_pos
0x0000007102BEC868,_ZN20ClassManagerAccessorI11LegoPickupsE10MANAGER_IDE
0x0000007102BEC870,_ZGVN20ClassManagerAccessorI11LegoPickupsE10MANAGER_IDE
0x0000007102BEC8A0,_ZN9LegoPlugs22s_onlyOneDetectorArrowE
0x0000007102BEC8A8,Plug_PlugIDNameFn
0x0000007102BEC8B0,ForceClipPlugsPluggedToNotShowTakeHereArrow
0x0000007102BEC8B1,_ZN9LegoPlugs24s_BlockShowDetectorArrowE
0x0000007102BEC8B8,EventOnPlugPlugged
0x0000007102BEC8E0,g_plugtest
0x0000007102BEC8E8,g_plugtestlast
0x0000007102BEC8F0,_ZN20ClassManagerAccessorI9LegoPlugsE10MANAGER_IDE
0x0000007102BEC8F8,_ZGVN20ClassManagerAccessorI9LegoPlugsE10MANAGER_IDE
0x0000007102BEC9A0,_ZN20ClassManagerAccessorI16GizmoPoleManagerE10MANAGER_IDE
0x0000007102BEC9B0,topPos
0x0000007102BEC9C0,_ZN20ClassManagerAccessorI9LegoPolesE10MANAGER_IDE
0x0000007102BEC9C8,_ZGVN20ClassManagerAccessorI9LegoPolesE10MANAGER_IDE
0x0000007102BEC9D0,_ZGVN20ClassManagerAccessorI16GizmoPoleManagerE10MANAGER_IDE
0x0000007102BECA00,_ZN20ClassManagerAccessorI11LegoPortalsE10MANAGER_IDE
0x0000007102BECA08,_ZGVN20ClassManagerAccessorI11LegoPortalsE10MANAGER_IDE
0x0000007102BECA38,_ZN20ClassManagerAccessorI15LegoPushBlocks2E10MANAGER_IDE
0x0000007102BECA40,_ZGVN20ClassManagerAccessorI15LegoPushBlocks2E10MANAGER_IDE
0x0000007102BECAA0,_ZN11LegoPuzzles18sSfxTypeBkCaseGlowE
0x0000007102BECAA2,_ZN11LegoPuzzles20sSfxTypeBkCaseSelectE
0x0000007102BECAA4,_ZN11LegoPuzzles22sSfxTypeBkCaseNegativeE
0x0000007102BECAA6,_ZN11LegoPuzzles22sSfxTypeBkCaseCompleteE
0x0000007102BECAA8,_ZN11LegoPuzzles20sSfxTypeBkCaseCursorE
0x0000007102BECAAC,_ZN20ClassManagerAccessorI18GizmoPuzzleManagerE10MANAGER_IDE
0x0000007102BECAB0,_ZN20ClassManagerAccessorI11LegoPuzzlesE10MANAGER_IDE
0x0000007102BECAB8,_ZGVN20ClassManagerAccessorI11LegoPuzzlesE10MANAGER_IDE
0x0000007102BECAC0,_ZGVN20ClassManagerAccessorI18GizmoPuzzleManagerE10MANAGER_IDE
0x0000007102BECAF0,_ZN20ClassManagerAccessorI16LegoRandomGizmosE10MANAGER_IDE
0x0000007102BECAF8,_ZGVN20ClassManagerAccessorI16LegoRandomGizmosE10MANAGER_IDE
0x0000007102BECB38,_ZN7LegoSFX16EventFootStepSFXE
0x0000007102BECB60,GameAudio_ActionMusicFn
0x0000007102BECB68,chattersfxwait
0x0000007102BECB6C,_ZN20ClassManagerAccessorI7LegoSFXE10MANAGER_IDE
0x0000007102BECB70,_ZGVN20ClassManagerAccessorI7LegoSFXE10MANAGER_IDE
0x0000007102BECB78,_ZN20ClassManagerAccessorI14LegoLoadScreenE10MANAGER_IDE
0x0000007102BECB80,_ZGVN20ClassManagerAccessorI14LegoLoadScreenE10MANAGER_IDE
0x0000007102BECBB0,SFX_DEFAULT_BLOWUP
0x0000007102BECBB2,SFX_DEFAULT_EXPLOSION_SMALL
0x0000007102BECBB4,SFX_DEFAULT_EXPLOSION_LARGE
0x0000007102BECBB6,SFX_DEFAULT_FIREARM_FIRE
0x0000007102BECBB8,SFX_DEFAULT_FIREARM_HIT
0x0000007102BECBBA,SFX_DEFAULT_PROJECTILE_FIRE
0x0000007102BECBBC,SFX_DEFAULT_PROJECTILE_HIT
0x0000007102BECBBE,SFX_DEFAULT_MELEE_SWING
0x0000007102BECBC0,SFX_DEFAULT_MELEE_HIT
0x0000007102BECBC2,SFX_DEFAULT_BUTTON_PRESS
0x0000007102BECBC4,SFX_DEFAULT_SWITCH_PULL
0x0000007102BECBC6,SFX_JUMP_NORMAL
0x0000007102BECBC8,SFX_JUMP_ASTROMECH
0x0000007102BECBCA,SFX_JUMP_MAGIC_NORMAL
0x0000007102BECBCC,SFX_JUMP_MAGIC_DOUBLE
0x0000007102BECBCE,SFX_JUMP_MAGIC_LUNGE
0x0000007102BECBD0,SFX_JUMP_MAGIC_SLAM
0x0000007102BECBD2,SFX_JUMP_MAGIC_FLIP
0x0000007102BECBD4,SFX_LAND_NORMAL
0x0000007102BECBD6,SFX_LAND_NORMAL_METAL
0x0000007102BECBD8,SFX_LAND_DROID
0x0000007102BECBDA,SFX_LAND_DROID_METAL
0x0000007102BECBDC,SFX_LAND_LUNGE
0x0000007102BECBDE,SFX_LAND_SLAM
0x0000007102BECBE0,SFX_LAND_BIGJUMP
0x0000007102BECBE2,SFX_LAND_COMBATROLL
0x0000007102BECBE4,SFX_FOOTSTEP_NORMAL
0x0000007102BECBE6,SFX_FOOTSTEP_NORMAL_METAL
0x0000007102BECBE8,SFX_FOOTSTEP_DROID
0x0000007102BECBEA,SFX_FOOTSTEP_DROID_METAL
0x0000007102BECBEC,SFX_FOOTSTEP_WATER
0x0000007102BECBEE,SFX_FOOTSTEP_BEAST_SMALL
0x0000007102BECBF0,SFX_FOOTSTEP_BEAST_MEDIUM
0x0000007102BECBF2,SFX_FOOTSTEP_BEAST_BIG
0x0000007102BECBF4,SFX_FOOTSTEP_BEAST_HUGE
0x0000007102BECBF6,SFX_FOOTSTEP_MAGNETIC_NORMAL
0x0000007102BECBF8,SFX_FOOTSTEP_MAGNETIC_SURFACE
0x0000007102BECBFA,SFX_FOOTSTEP_MUD
0x0000007102BECBFC,SFX_FOOTSTEP_CLIMB
0x0000007102BECBFE,SFX_FOOTSTEP_SWIM
0x0000007102BECC00,SFX_FOOTSTEP_TIGHTROPE_WALK
0x0000007102BECC02,SFX_FOOTSTEP_TIGHTROPE_HANG
0x0000007102BECC04,SFX_GRUNT_BEAST
0x0000007102BECC06,SFX_GRUNT_GIRL
0x0000007102BECC08,SFX_GRUNT_BOY
0x0000007102BECC0A,SFX_GREET_GIRL
0x0000007102BECC0C,SFX_GREET_BOY
0x0000007102BECC0E,SFX_HURT_BEAST
0x0000007102BECC10,SFX_HURT_GIRL
0x0000007102BECC12,SFX_HURT_BOY
0x0000007102BECC14,SFX_DIE_VEHICLE
0x0000007102BECC16,SFX_SPACESHIP_TAKEOFF
0x0000007102BECC18,SFX_SPACESHIP_LAND
0x0000007102BECC1A,SFX_DIE_VEHICLE_FLYING
0x0000007102BECC1C,SFX_DIE_VEHICLE_FLOATING
0x0000007102BECC1E,SFX_DIE_MINIKIT
0x0000007102BECC20,SFX_DIE_DROID
0x0000007102BECC22,SFX_DIE_BEAST
0x0000007102BECC24,SFX_DIE_GIRL
0x0000007102BECC26,SFX_DIE_BOY
0x0000007102BECC28,SFX_TICK
0x0000007102BECC2A,SFX_TOCK
0x0000007102BECC2C,SFX_HINT_ACTIVATE
0x0000007102BECC2E,SFX_DROPIN
0x0000007102BECC30,SFX_DROPOUT
0x0000007102BECC32,SFX_TAG
0x0000007102BECC34,SFX_TAG_HOLD
0x0000007102BECC36,SFX_TAG_FAIL
0x0000007102BECC38,SFX_SWAP
0x0000007102BECC3A,SFX_TOGGLE_LEFT
0x0000007102BECC3C,SFX_TOGGLE_RIGHT
0x0000007102BECC3E,SFX_MINIKIT_APPEAR
0x0000007102BECC40,SFX_MINIKIT_NEARBY
0x0000007102BECC42,SFX_MINIKIT_PICKUP
0x0000007102BECC44,SFX_MINIKIT_HITPANEL
0x0000007102BECC46,SFX_MINIKIT_EXPLODE
0x0000007102BECC48,SFX_HAPPYTOKEN_PICKUP
0x0000007102BECC4A,SFX_HEART
0x0000007102BECC4C,SFX_BOLT_HIT
0x0000007102BECC4E,SFX_BOLT_RICOCHET
0x0000007102BECC50,SFX_BOLT_DEFLECT
0x0000007102BECC52,SFX_AWARD_100PERCENT
0x0000007102BECC54,SFX_AWARD_JINGLE
0x0000007102BECC56,SFX_STATUS_LEVELCOMPLETE
0x0000007102BECC58,SFX_STATUS_REDBRICK
0x0000007102BECC5A,SFX_STATUS_TEXTWHOOSH
0x0000007102BECC5C,SFX_STATUS_TEXTWHOOSH_SLOW
0x0000007102BECC5E,SFX_STATUS_GOLDBICKAWARD
0x0000007102BECC60,SFX_STATUS_GOLDBICKSCORE
0x0000007102BECC62,SFX_STATUS_MINIKIT_SCALEUP
0x0000007102BECC64,SFX_STATUS_MINIKIT_SLAM
0x0000007102BECC66,SFX_STATUS_MINIKIT_FAIL
0x0000007102BECC68,SFX_STATUS_MINIKIT_COMPLETE
0x0000007102BECC6A,SFX_STATUS_COINS_INCREMENT
0x0000007102BECC6C,SFX_STATUS_COINS_COUNT_UP
0x0000007102BECC6E,SFX_CREDITS_PERCENT_JINGLE
0x0000007102BECC70,SFX_STATUS_FREEPLAY_UNLOCKED
0x0000007102BECC72,SFX_STATUS_AWARD_FAIL
0x0000007102BECC74,SFX_STATUS_CROWDCHEER
0x0000007102BECC76,SFX_STATUS_REDBRICK_SCORE
0x0000007102BECC78,SFX_STATUS_BIGWHOOSH
0x0000007102BECC7A,SFX_SCREENWIPE
0x0000007102BECC7C,SFX_MAGNET
0x0000007102BECC7E,SFX_PAUSE
0x0000007102BECC80,SFX_UNPAUSE
0x0000007102BECC82,SFX_MENU_MOVE
0x0000007102BECC84,SFX_MENU_SELECT
0x0000007102BECC86,SFX_MENU_BACK
0x0000007102BECC88,SFX_MENU_NOENTRY
0x0000007102BECC8A,SFX_CUTSCENE_SKIP
0x0000007102BECC8C,SFX_BLOWUP_DESTROY
0x0000007102BECC8E,SFX_BLOWUP_DAMAGE
0x0000007102BECC90,SFX_DOUBLESCORE
0x0000007102BECC92,SFX_SPINNER_MOVE
0x0000007102BECC94,SFX_SPINNER_STUCK
0x0000007102BECC96,SFX_BUILDIT_CLUNK
0x0000007102BECC98,SFX_BUILDIT_PIECE
0x0000007102BECC9A,SFX_BUILDIT_HOP
0x0000007102BECC9C,SFX_LEGO_CLICK
0x0000007102BECC9E,SFX_LEGO_CLATTER
0x0000007102BECCA0,SFX_LEGO_RATTLE_LOOP
0x0000007102BECCA2,SFX_FALLAPART
0x0000007102BECCA4,SFX_LEGO_HOP
0x0000007102BECCA6,SFX_LEGO_IMPACT
0x0000007102BECCA8,SFX_LEGO_SLIDE
0x0000007102BECCAA,SFX_LEGO_ROLLING
0x0000007102BECCAC,SFX_THROW
0x0000007102BECCAE,SFX_PICKUP
0x0000007102BECCB0,SFX_BLOCK
0x0000007102BECCB2,SFX_SWORD_PUTAWAY
0x0000007102BECCB4,SFX_SWORD_GETOUT
0x0000007102BECCB6,SFX_SWORD_SWING
0x0000007102BECCB8,SFX_SWORD_HIT
0x0000007102BECCBA,SFX_SWORD_SPARK
0x0000007102BECCBC,SFX_SWORD_COMBO1
0x0000007102BECCBE,SFX_SWORD_COMBO2
0x0000007102BECCC0,SFX_SABRE_SCAR
0x0000007102BECCC2,SFX_GUN_PUTAWAY
0x0000007102BECCC4,SFX_GUN_GETOUT
0x0000007102BECCC6,SFX_SHOOT
0x0000007102BECCC8,SFX_SHOOT_TARGETING_LOOP
0x0000007102BECCCA,SFX_GUNSHOT
0x0000007102BECCCC,SFX_RICOCHET
0x0000007102BECCCE,SFX_GRAPPLE_ATTACH
0x0000007102BECCD0,SFX_GRAPPLE_UP
0x0000007102BECCD2,SFX_GRAPPLE_DOWN
0x0000007102BECCD4,SFX_GRAPPLE_SWING
0x0000007102BECCD6,SFX_GRAPPLE_DETACH
0x0000007102BECCD8,SFX_GRAPPLE_SLIDE
0x0000007102BECCDA,SFX_GRAPPLE_ROPECHAIN_SWING
0x0000007102BECCDC,SFX_WHIP_ATTACH
0x0000007102BECCDE,SFX_WHIP_UP
0x0000007102BECCE0,SFX_WHIP_DOWN
0x0000007102BECCE2,SFX_WHIP_SWING
0x0000007102BECCE4,SFX_WHIP_DETACH
0x0000007102BECCE6,SFX_WHIP_SLIDE
0x0000007102BECCE8,SFX_MUD_SINK
0x0000007102BECCEA,SFX_PUSHBLOCK_START
0x0000007102BECCEC,SFX_PUSHBLOCK_MOVING
0x0000007102BECCEE,SFX_SUPERCOUNTER
0x0000007102BECCF0,SFX_EXPLODE
0x0000007102BECCF2,SFX_PUNCH_SWIPE
0x0000007102BECCF4,SFX_PUNCH_HIT
0x0000007102BECCF6,SFX_CUSTOMISER_MENUSPIN
0x0000007102BECCF8,SFX_SPLASH_DEEP_IN
0x0000007102BECCFA,SFX_SPLASH_DEEP_OUT
0x0000007102BECCFC,SFX_SPLASH_SHALLOW_IN
0x0000007102BECCFE,SFX_SPLASH_SHALLOW_OUT
0x0000007102BECD00,SFX_SPLASH_MUD_DEEP_IN
0x0000007102BECD02,SFX_SPLASH_MUD_DEEP_OUT
0x0000007102BECD04,SFX_SPLASH_MUD_SHALLOW_IN
0x0000007102BECD06,SFX_SPLASH_MUD_SHALLOW_OUT
0x0000007102BECD08,SFX_WHIP_SWISH
0x0000007102BECD0A,SFX_WHIP_HIT
0x0000007102BECD0C,SFX_WHIP_MISS
0x0000007102BECD0E,SFX_WHIP_SNAKE
0x0000007102BECD10,SFX_WHIP_GRAPPLE_SNAP
0x0000007102BECD12,SFX_WHIP_GRAPPLE_TWANG
0x0000007102BECD14,SFX_POWERUP_PICKUP_LOOP
0x0000007102BECD16,SFX_POWERUP_PICKUP_BOUNCE
0x0000007102BECD18,SFX_POWERUP_ON
0x0000007102BECD1A,SFX_POWERUP_ACTIVE
0x0000007102BECD1C,SFX_POWERUP_OFF
0x0000007102BECD1E,SFX_POWERUP_TIMEOUT_LOOP
0x0000007102BECD20,SFX_ZIPUP_ATTACH
0x0000007102BECD22,SFX_ZIPUP_WIND
0x0000007102BECD24,SFX_ZIPUP_SWING
0x0000007102BECD26,SFX_ZIPUP_DETACH
0x0000007102BECD28,SFX_DETONATOR_DROP
0x0000007102BECD2A,SFX_DETONATOR_BEEP
0x0000007102BECD2C,SFX_DETONATOR_EXPLODE
0x0000007102BECD2E,SFX_DETONATOR_THROW
0x0000007102BECD30,SFX_PENGUIN_BOMB
0x0000007102BECD32,SFX_PENGUIN_BOMB_DETONATE
0x0000007102BECD34,SFX_GRABBER_IDLE
0x0000007102BECD36,SFX_GRABBER_MOVE
0x0000007102BECD38,SFX_GRABBER_DOWN
0x0000007102BECD3A,SFX_GRABBER_GRAB
0x0000007102BECD3C,SFX_GRABBER_DROP
0x0000007102BECD3E,SFX_GRABBER_UP
0x0000007102BECD40,SFX_GRABBER_MAGNET_ATTACH
0x0000007102BECD42,SFX_GRABBER_MAGNET_DROP
0x0000007102BECD44,SFX_TRAMPOLINE_LOW
0x0000007102BECD46,SFX_TRAMPOLINE_HIGH
0x0000007102BECD48,SFX_LEVER_UP
0x0000007102BECD4A,SFX_LEVER_DOWN
0x0000007102BECD4C,SFX_SUPERCARRY_IMPACT
0x0000007102BECD4E,SFX_SLIDE
0x0000007102BECD50,SFX_TELEPORT_HATCHOPEN
0x0000007102BECD52,SFX_TELEPORT_HATCHCLOSE
0x0000007102BECD54,SFX_TELEPORT_SLURPOPEN
0x0000007102BECD56,SFX_TELEPORT_SLURPCLOSE
0x0000007102BECD58,SFX_DIG_SPADEIN
0x0000007102BECD5A,SFX_DIG_SPADEOUT
0x0000007102BECD5C,SFX_FIX
0x0000007102BECD5E,SFX_SONAR
0x0000007102BECD60,SFX_BLOWUP_SONAR
0x0000007102BECD62,SFX_SONAR_RATTLE
0x0000007102BECD64,SFX_SONAR_SMASH
0x0000007102BECD66,SFX_FIRE_DAMAGE
0x0000007102BECD68,SFX_LADY_SCREAM
0x0000007102BECD6A,SFX_RIDEENGINE_IDLE
0x0000007102BECD6C,SFX_RIDEENGINE_DRIVE
0x0000007102BECD6E,SFX_WHEELIE
0x0000007102BECD70,SFX_VEHICLE_MANOEUVRE
0x0000007102BECD72,SFX_VEHICLE_IMPACT
0x0000007102BECD74,SFX_VEHICLE_DIVE
0x0000007102BECD76,SFX_SKID
0x0000007102BECD78,SFX_SKID_GRASS
0x0000007102BECD7A,SFX_SKID_DIRT
0x0000007102BECD7C,SFX_TARGET_WARNING
0x0000007102BECD7E,SFX_VEHICLE_NITRO_LP
0x0000007102BECD80,SFX_VEHICLE_NITRO_START
0x0000007102BECD82,SFX_VEHICLE_NITRO_END
0x0000007102BECD84,SFX_VEHICLE_WATER_IN
0x0000007102BECD86,SFX_VEHICLE_WATER_OUT
0x0000007102BECD88,SFX_VEHICLE_WATER_LP
0x0000007102BECD8A,SFX_VEHICLE_DESTROYARMOUR
0x0000007102BECD8C,SFX_VEHICLE_JUMP
0x0000007102BECD8E,SFX_VEHICLE_POWERUPCOLLECT
0x0000007102BECD90,SFX_VEHICLE_POWERUPFAIL
0x0000007102BECD92,SFX_VEHICLE_LOOPDELOOP
0x0000007102BECD94,SFX_VEHICLE_CHANGEFLIGHTLAYERUP
0x0000007102BECD96,SFX_VEHICLE_CHANGEFLIGHTLAYERDOWN
0x0000007102BECD98,SFX_VEHICLE_DYSONLOCKED
0x0000007102BECD9A,SFX_VEHICLE_DYSONCHARGING
0x0000007102BECD9C,SFX_VEHICLE_DYSONBOOST
0x0000007102BECD9E,SFX_SPACESHIP_HANDBRAKETURN
0x0000007102BECDA0,SFX_SPACEMISSION_START
0x0000007102BECDA2,SFX_SPACEMISSION_FAILABORT
0x0000007102BECDA4,SFX_SPACEMISSION_COMPLETE
0x0000007102BECDA6,SFX_SPACEMISSION_BUBBLEHIT
0x0000007102BECDA8,SFX_SPACEMISSION_BUBBLEUNLOCK
0x0000007102BECDAA,SFX_TORPEDO_FIRE
0x0000007102BECDAC,SFX_BEEPBEEP
0x0000007102BECDAE,SFX_GIZPUZZLESIMON
0x0000007102BECDB0,SFX_GIZPUZZLERIGHT
0x0000007102BECDB2,SFX_GIZPUZZLEWRONG
0x0000007102BECDB4,SFX_GIZPUZZLECOMPLETE
0x0000007102BECDB6,SFX_GIZPUZZLECURSOR
0x0000007102BECDB8,SFX_BLACKSLEEP_ENTER
0x0000007102BECDBA,SFX_BLACKSLEEP_LEAVE
0x0000007102BECDBC,SFX_SECURITY_ACCESS_KNOCK
0x0000007102BECDBE,SFX_ICECUBE_LOOP
0x0000007102BECDC0,SFX_ICECUBE_SMASH
0x0000007102BECDC2,SFX_ICECUBE_JIBBER
0x0000007102BECDC4,SFX_ICECUBE_JUMP
0x0000007102BECDC6,SFX_ICECUBE_IMPACTCLUNK
0x0000007102BECDC8,SFX_UNDERWATER
0x0000007102BECDCA,SFX_TECHNO_OPERATE
0x0000007102BECDCC,SFX_TECHNO_COG_OPERATE
0x0000007102BECDCE,SFX_MINDCONTROL_START
0x0000007102BECDD0,SFX_MINDCONTROL_LOOP
0x0000007102BECDD2,SFX_LEVELSELECT_ROLLOVER
0x0000007102BECDD4,SFX_LEVELSELECT_ROLLOFF
0x0000007102BECDD6,SFX_LEVELSELECT_RADARBEEP
0x0000007102BECDD8,SFX_GRABTHROW
0x0000007102BECDDA,SFX_GLIDE
0x0000007102BECDDC,SFX_GLIDE_START_BROLLY
0x0000007102BECDDE,SFX_GLIDE_END_BROLLY
0x0000007102BECDE0,SFX_MIXER_TARGET_START
0x0000007102BECDE2,SFX_MIXER_TARGET_LOOP
0x0000007102BECDE4,SFX_MIXER_TARGET_END
0x0000007102BECDE6,SFX_MIXER_TARGET_COLLECT
0x0000007102BECDE8,SFX_MIXER_DEPOSIT_PLOP
0x0000007102BECDEA,SFX_MIXER_DEPOSIT_LOOP
0x0000007102BECDEC,SFX_MIXER_MIX_LOOP
0x0000007102BECDEE,SFX_TVSTATIC_2S
0x0000007102BECDF0,SFX_TVSTATIC_3S
0x0000007102BECDF2,SFX_COIN_BOUNCE_SILVER
0x0000007102BECDF4,SFX_COIN_BOUNCE_GOLD
0x0000007102BECDF6,SFX_COIN_BOUNCE_BLUE
0x0000007102BECDF8,SFX_COIN_COUNTER_L
0x0000007102BECDFA,SFX_COIN_COUNTER_R
0x0000007102BECDFC,SFX_COIN_COUNTER_BLUE
0x0000007102BECDFE,SFX_COINS_RELEASE
0x0000007102BECE00,SFX_ELECTROCUTE
0x0000007102BECE02,SFX_ELECTROCUTE_END
0x0000007102BECE04,SFX_ZAP
0x0000007102BECE06,SFX_MAGIC_LOOP
0x0000007102BECE08,SFX_MAGIC_REVERSE
0x0000007102BECE0A,SFX_MAGIC_PUSH
0x0000007102BECE0C,SFX_MAGIC_THROW
0x0000007102BECE0E,SFX_MAGIC_CHOKE
0x0000007102BECE10,SFX_MAGIC_MINDTRICK
0x0000007102BECE12,SFX_MAGIC_LIGHTNING_LOOP
0x0000007102BECE14,SFX_MAGIC_LEGO_LOOP
0x0000007102BECE16,SFX_LEVIOSA_LOOP
0x0000007102BECE18,SFX_LEVIOSA_END
0x0000007102BECE1A,SFX_WAND_MAGIC1
0x0000007102BECE1C,SFX_WAND_MAGIC2
0x0000007102BECE1E,SFX_WAND_MAGIC3
0x0000007102BECE20,SFX_WAND_MAGIC4
0x0000007102BECE22,SFX_WAND_MAGIC5
0x0000007102BECE24,SFX_WAND_MAGIC6
0x0000007102BECE26,SFX_WAND_MAGIC7
0x0000007102BECE28,SFX_WAND_MAGIC8
0x0000007102BECE2A,SFX_WAND_WAVE1
0x0000007102BECE2C,SFX_WAND_WAVE2
0x0000007102BECE2E,SFX_WAND_WAVE3
0x0000007102BECE30,SFX_WAND_WAVE4
0x0000007102BECE32,SFX_PET_RELEASE
0x0000007102BECE34,SFX_AGUAMENTI_SUCCESS
0x0000007102BECE36,SFX_LIGHTBEAM_EMIT
0x0000007102BECE38,SFX_LIGHTBEAM_DEFLECT
0x0000007102BECE3A,SFX_LIGHTBEAM_DAMAGE
0x0000007102BECE3C,SFX_LIGHTUP_ACTIVATE1
0x0000007102BECE3E,SFX_LIGHTUP_ACTIVATE2
0x0000007102BECE40,SFX_LIFT_START
0x0000007102BECE42,SFX_LIFT_MOVE
0x0000007102BECE44,SFX_LIFT_STOP
0x0000007102BECE46,SFX_ARCADE_AIKILLED
0x0000007102BECE48,SFX_TIGHTROPE_ACTIVATE
0x0000007102BECE4A,SFX_HATMACHINE
0x0000007102BECE4C,SFX_BUILDER_ADDBASEPLATE
0x0000007102BECE4E,SFX_BUILDER_ADDLEGO
0x0000007102BECE50,SFX_BUILDER_FAIL
0x0000007102BECE52,SFX_STACKEM_CLICKTOGETHER
0x0000007102BECE54,SFX_CLOCKTICK
0x0000007102BECE56,SFX_CLOCKTICK_FAST
0x0000007102BECE58,SFX_RACE_START
0x0000007102BECE5A,SFX_RACE_WIN
0x0000007102BECE5C,SFX_RACE_FAIL
0x0000007102BECE5E,SFX_RACE_CHECKPOINT
0x0000007102BECE60,SFX_PLUG
0x0000007102BECE62,SFX_BUY
0x0000007102BECE64,SFX_PARACHUTE_DEPLOY
0x0000007102BECE66,SFX_PARACHUTE_EJECT
0x0000007102BECE68,SFX_PARACHUTE_EJECT_FAIL
0x0000007102BECE6A,SFX_PARACHUTE_LOOP
0x0000007102BECE6C,SFX_COLLECT_APPEAR
0x0000007102BECE6E,SFX_COLLECT_SLIDE
0x0000007102BECE70,SFX_COLLECT_CLICK
0x0000007102BECE72,SFX_SHOP_BUYCHEAT
0x0000007102BECE74,SFX_ICON_FLASH_ON
0x0000007102BECE76,SFX_APPLAUSE
0x0000007102BECE78,SFX_BROOM_IMPACT
0x0000007102BECE7A,SFX_PICKUP_HEART
0x0000007102BECE7C,SFX_PHYSICS_LAUNCH_LAND
0x0000007102BECE7E,SFX_PHYSICS_LAUNCH_EXPLODE
0x0000007102BECE80,SFX_PHOTONTORPEDOPICKUP
0x0000007102BECE82,SFX_CHARACTER_SURFACESPARK_HIT
0x0000007102BECE84,SFX_CHARACTER_SURFACESPARK_TOUCHING
0x0000007102BECE86,SFX_CHARACTER_SURFACESPARK_LEAVE
0x0000007102BECE88,SFX_ITEM_STICKTOSHINY
0x0000007102BECE8A,SFX_CANNON_ROTATE
0x0000007102BECE8C,SFX_SHIELD_ON
0x0000007102BECE8E,SFX_OBJECT_FROZEN
0x0000007102BECE90,SFX_CANNON_VIEW
0x0000007102BECE92,SFX_CANNON_PITCH
0x0000007102BECE94,SFX_CANNON_YAW
0x0000007102BECE96,SFX_COMPASS_WANT
0x0000007102BECE98,SFX_COMPASS_POINT_REACHED
0x0000007102BECE9A,SFX_COMPASS_X_MARKS
0x0000007102BECE9C,SFX_CHOOSER_MOVE
0x0000007102BECE9E,SFX_CHOOSER_SELECT
0x0000007102BECEA0,SFX_FLATTEN
0x0000007102BECEA2,SFX_CHARACTER_CHANGE_WAIT
0x0000007102BECEA4,SFX_WEATHER_RAIN
0x0000007102BECEA6,SFX_GLIDE_START_SUIT
0x0000007102BECEA8,SFX_GLIDE_END_SUIT
0x0000007102BECEAA,SFX_LEGO_CLICKS
0x0000007102BECF50,_ZN12LegoShooting14DONTFACETARGETE
0x0000007102BECF58,_ZN12LegoShooting22m_cursorTargetingDebugE
0x0000007102BECF59,_ZN12LegoShooting25m_constantPlayerTargetingE
0x0000007102BECF5A,_ZN12LegoShooting30m_ignoreShootTargetGameObjectsE
0x0000007102BECF5B,_ZN12LegoShooting26m_ignoreShootTargetBlowupsE
0x0000007102BECF5C,_ZN12LegoShooting28m_ignoreShootTargetObstaclesE
0x0000007102BECF5D,_ZN12LegoShooting13m_NoJumpShootE
0x0000007102BECF5E,_ZN12LegoShooting19m_AlwaysStopToShootE
0x0000007102BECF5F,_ZN12LegoShooting20m_FireCodeForceDelayE
0x0000007102BECF60,DrawChargedShootingVFXFn
0x0000007102BECF68,_ZN20ClassManagerAccessorI12LegoShootingE10MANAGER_IDE
0x0000007102BECF70,_ZGVN20ClassManagerAccessorI12LegoShootingE10MANAGER_IDE
0x0000007102BECF78,_ZN22LegoContextHandlerBaseI37ShootTargetingTightRopeContextHandlerE19m_contextInstanceIdE
0x0000007102BECF7C,_ZN22LegoContextHandlerBaseI28ShootTightropeContextHandlerE19m_contextInstanceIdE
0x0000007102BECFA8,_ZN20ClassManagerAccessorI17LegoSpecialGizmosE10MANAGER_IDE
0x0000007102BECFB0,_ZGVN20ClassManagerAccessorI17LegoSpecialGizmosE10MANAGER_IDE
0x0000007102BED000,_ZN12LegoSpellIts17m_targetAndForgetE
0x0000007102BED001,_ZN12LegoSpellIts20m_triggerByTargetingE
0x0000007102BED002,_ZN12LegoSpellIts22m_disableGlowTargetingE
0x0000007102BED003,_ZN12LegoSpellIts26bHiddenLayerCullingEnabledE
0x0000007102BED004,_ZN12LegoSpellIts8FX_CLICKE
0x0000007102BED006,_ZN12LegoSpellIts11FX_HOPSPARKE
0x0000007102BED008,_ZN12LegoSpellIts9FX_RIPPLEE
0x0000007102BED00A,_ZN12LegoSpellIts8FX_FLASHE
0x0000007102BED00C,_ZN12LegoSpellIts9FX_SPARKSE
0x0000007102BED00E,_ZN12LegoSpellIts7FX_DUSTE
0x0000007102BED010,_ZN12LegoSpellIts8FX_TRAILE
0x0000007102BED012,_ZN12LegoSpellIts24SFX_SPELLIT_TORNADO_LOOPE
0x0000007102BED014,_ZN12LegoSpellIts25SFX_SPELLIT_TORNADO_STARTE
0x0000007102BED016,_ZN12LegoSpellIts23SFX_SPELLIT_TORNADO_ENDE
0x0000007102BED018,_ZN12LegoSpellIts18SFX_SPELLIT_WHOOSHE
0x0000007102BED01A,_ZN12LegoSpellIts20SFX_SPELLIT_FINISHEDE
0x0000007102BED01C,DRAWSPELLITDEBUG
0x0000007102BED020,_ZN20ClassManagerAccessorI12LegoSpellItsE10MANAGER_IDE
0x0000007102BED028,_ZGVN20ClassManagerAccessorI12LegoSpellItsE10MANAGER_IDE
0x0000007102BED058,SUBTITLE_X
0x0000007102BED098,GIZSWITCH_FLAG_DONTANIMATE
0x0000007102BED09C,_ZN12LegoSwitches26bHiddenLayerCullingEnabledE
0x0000007102BED0A0,_ZN20ClassManagerAccessorI12LegoSwitchesE10MANAGER_IDE
0x0000007102BED0A8,_ZGVN20ClassManagerAccessorI12LegoSwitchesE10MANAGER_IDE
0x0000007102BED100,_ZN11LegoSystems10m_instanceE
0x0000007102BED128,_ZN10LegoHandleIP13MechLevelFlags15MechLevelFlagIdE4NONEE
0x0000007102BED130,_ZGVN10LegoHandleIP13MechLevelFlags15MechLevelFlagIdE4NONEE
0x0000007102BED138,_ZN20ClassManagerAccessorI14MechLevelFlagsE10MANAGER_IDE
0x0000007102BED140,_ZGVN20ClassManagerAccessorI14MechLevelFlagsE10MANAGER_IDE
0x0000007102BED148,_ZN20ClassManagerAccessorI19MechGadgetObstaclesE10MANAGER_IDE
0x0000007102BED150,_ZGVN20ClassManagerAccessorI19MechGadgetObstaclesE10MANAGER_IDE
0x0000007102BED158,_ZN20ClassManagerAccessorI22MechGadgetTriggerAreasE10MANAGER_IDE
0x0000007102BED160,_ZGVN20ClassManagerAccessorI22MechGadgetTriggerAreasE10MANAGER_IDE
0x0000007102BED168,_ZN12SystemMixinsI14MechLevelFlagsE11m_singletonE
0x0000007102BED170,_ZN12SystemMixinsI10MechShapesE11m_singletonE
0x0000007102BED178,_ZN12SystemMixinsI19MechGadgetObstaclesE11m_singletonE
0x0000007102BED180,_ZN12SystemMixinsI22MechGadgetTriggerAreasE11m_singletonE
0x0000007102BED188,_ZN12SystemMixinsI22MechDecalSpecialSystemE11m_singletonE
0x0000007102BED190,_ZN12SystemMixinsI13LegoCreaturesE11m_singletonE
0x0000007102BED198,_ZN12SystemMixinsI13LegoElectricsE11m_singletonE
0x0000007102BED1A0,_ZN12SystemMixinsI10NaviSystemE11m_singletonE
0x0000007102BED1A8,_ZN12SystemMixinsI24SplitControlVolumeSystemE11m_singletonE
0x0000007102BED1B0,_ZN12SystemMixinsI16CameraZoneSystemE11m_singletonE
0x0000007102BED218,_ZN13LegoTargeting17m_MultipleTargetsE
0x0000007102BED219,_ZN13LegoTargeting18m_MonitorTargetLOSE
0x0000007102BED21A,_ZN13LegoTargeting17m_MagnetiseCursorE
0x0000007102BED21B,_ZN13LegoTargeting24m_ReverseRotationPlayer2E
0x0000007102BED21C,_ZN13LegoTargeting24m_ForceLineOfSightChecksE
0x0000007102BED220,s_targetDataAutoCleanList
0x0000007102BEF220,s_numTargetDataAutoClean
0x0000007102BEF224,_ZN20ClassManagerAccessorI13LegoTargetingE10MANAGER_IDE
0x0000007102BEF228,_ZGVN20ClassManagerAccessorI13LegoTargetingE10MANAGER_IDE
0x0000007102BEF260,Game_ObjTab
0x0000007102BEF268,_ZN20ClassManagerAccessorI11LegoTechnosE10MANAGER_IDE
0x0000007102BEF270,_ZGVN20ClassManagerAccessorI11LegoTechnosE10MANAGER_IDE
0x0000007102BEF368,_ZN20ClassManagerAccessorI13LegoTeleportsE10MANAGER_IDE
0x0000007102BEF370,_ZGVN20ClassManagerAccessorI13LegoTeleportsE10MANAGER_IDE
0x0000007102BEF378,_ZN22LegoContextHandlerBaseI22TeleportContextHandlerE19m_contextInstanceIdE
0x0000007102BEF3CC,_ZN13LegoTightRope20sSfxTypeTightropeAppE
0x0000007102BEF3CE,g_canTightRopeFromFlyHover
0x0000007102BEF3CF,all_tightropes_slide
0x0000007102BEF3D0,_ZN20ClassManagerAccessorI13LegoTightRopeE10MANAGER_IDE
0x0000007102BEF3D8,_ZGVN20ClassManagerAccessorI13LegoTightRopeE10MANAGER_IDE
0x0000007102BEF408,_ZN20ClassManagerAccessorI10LegoTimersE10MANAGER_IDE
0x0000007102BEF410,_ZGVN20ClassManagerAccessorI10LegoTimersE10MANAGER_IDE
0x0000007102BEF488,v000
0x0000007102BEF4A0,vu000
0x0000007102BEF4B0,Options_Widescreen
0x0000007102BEF4B1,TempOptions_Widescreen
0x0000007102BEF4B8,DebugScoreMultiplier
0x0000007102BEF4C0,DRAW_TILE_NAME_DEBUG
0x0000007102BEF4C4,TESTSTATION
0x0000007102BEF4C8,come_from_an_editor
0x0000007102BEF4CC,i_temp_xrot
0x0000007102BEF4D0,temp_xrot
0x0000007102BEF4D2,temp_yrot
0x0000007102BEF4D4,temp_zrot
0x0000007102BEF4D8,MatrixReflection_CanOverrideFn
0x0000007102BEF4E0,drawpanel3dobject_pretranslate_z
0x0000007102BEF4E8,DisguiseAdjustFn
0x0000007102BEF4F0,SolidMtl
0x0000007102BEF4F8,SolidMtl3D
0x0000007102BEF500,DrawRopeCurved_SwapWidths
0x0000007102BEF508,ropemtl
0x0000007102BEF538,glider
0x0000007102BEF53C,_ZN20ClassManagerAccessorI9LegoTubesE10MANAGER_IDE
0x0000007102BEF540,_ZGVN20ClassManagerAccessorI9LegoTubesE10MANAGER_IDE
0x0000007102BEF594,TurretTypeCounts
0x0000007102BEF59C,_ZN20ClassManagerAccessorI11LegoTurretsE10MANAGER_IDE
0x0000007102BEF5A0,_ZGVN20ClassManagerAccessorI11LegoTurretsE10MANAGER_IDE
0x0000007102BEF690,_ZN9LegoWhips21m_aimTargetingEnabledE
0x0000007102BEF694,Whip_TargetWithAction
0x0000007102BEF698,Whip_AllowBreakOut_Moving
0x0000007102BEF69C,Whip_AllowBreakOut_Moves
0x0000007102BEF6A0,Whip_TetherOnTieUp
0x0000007102BEF6A4,Whip_ActionSpin
0x0000007102BEF6A8,WHIP_GIZOBST_WHIPONLY
0x0000007102BEF6AC,WHIP_GIZOBST_GRAPPLE_STRUGGLE
0x0000007102BEF6B0,WHIP_GIZOBST_GRAPPLE_PULLBACK
0x0000007102BEF6B4,whipper_gizmotype_id
0x0000007102BEF6B8,Whip_GrabHighlighting
0x0000007102BEF6C0,Whip_GrabHighlightingType
0x0000007102BEF6C4,Whip_AlwaysDoGrapplePhase1
0x0000007102BEF6C8,WhipGrabHint_ExtraCheckFn
0x0000007102BEF6D0,_ZN20ClassManagerAccessorI9LegoWhipsE10MANAGER_IDE
0x0000007102BEF6D8,_ZGVN20ClassManagerAccessorI9LegoWhipsE10MANAGER_IDE
0x0000007102BEF6E0,_ZN22LegoContextHandlerBaseI18WhipContextHandlerE19m_contextInstanceIdE
0x0000007102BEF770,DebugPos
0x0000007102BEF780,_ZN18BigBossManagerBase26DrawGroundCrackAttackDebugE
0x0000007102BEF781,_ZN18BigBossManagerBase18s_BlockLevelHeightE
0x0000007102BEF782,_ZN17GroundCrackAttack13PauseForDebugE
0x0000007102BEF784,_ZN17GroundCrackAttack5CountE
0x0000007102BEF788,bUseMoreBendyGroundAttack
0x0000007102BEF789,_ZN17GroundCrackAttack10DrawPointsE
0x0000007102BEF78C,_ZN17GroundCrackAttack10RenderModeE
0x0000007102BEF7B8,theFootPrintManager
0x0000007102BEF7C0,_ZN16FootPrintManager17s_CriticalSectionE
0x0000007102BEF808,theGizFlowHelper
0x0000007102BEF8A8,gScene
0x0000007102BEF8B0,raycast_result
0x0000007102BEF950,WallSplinesOnly
0x0000007102BEF954,TerrImpact
0x0000007102BEF958,TerrImpactPos
0x0000007102BEF964,TerrImpactNormal
0x0000007102BEF970,TerrShadowCastMotionTypes
0x0000007102BEF974,ShadNorm
0x0000007102BEF980,EShadY
0x0000007102BEF984,EShadNorm
0x0000007102BEF990,ShadRoofY
0x0000007102BEF994,ShadRoofNorm
0x0000007102BEF9A0,EShadRoofY
0x0000007102BEF9A4,EShadRoofNorm
0x0000007102BEF9D8,LEGOFX_PHYSICS_LAUNCH_LAND
0x0000007102BEF9DA,LEGOFX_PHYSICS_LAUNCH_EXPLODE
0x0000007102BEF9DC,LEGOFX_PHYSICS_LAUNCH_EXPLODE2
0x0000007102BEFA30,kCutCamAdapter
0x0000007102BF0170,GameLoddingWorldInfo
0x0000007102BF0178,_ZN31cSplitScreenSegmentInterfaceMgr33m_eOptionsSelectedSplitScreenModeE
0x0000007102BF017C,_ZN20ClassManagerAccessorI25SplitControlVolumeManagerE10MANAGER_IDE
0x0000007102BF0180,_ZGVN20ClassManagerAccessorI25SplitControlVolumeManagerE10MANAGER_IDE
0x0000007102BF0188,_ZN20ClassManagerAccessorI15LegoSplitScreenE10MANAGER_IDE
0x0000007102BF0190,_ZGVN20ClassManagerAccessorI15LegoSplitScreenE10MANAGER_IDE
0x0000007102BF01E8,UsingExtraActionsFn
0x0000007102BF0228,DRAWCMODELCALLS
0x0000007102BF022C,g_ApiCharShowLodInfo
0x0000007102BF0230,_ZN18GAMEANIMDATAHelper14mFlagEnumItemsE
0x0000007102BF0240,_ZN32LegoAnimTriggerContextDataHelper17mContextEnumItemsE
0x0000007102BF0250,_ZN31LegoAnimTriggerImpactDataHelper20mImpactFlagEnumItemsE
0x0000007102BF0260,_ZN33LegoAnimTriggerFootStepDataHelper22mFootStepFlagEnumItemsE
0x0000007102BF0270,_ZN33LegoAnimTriggerFootStepDataHelper20mFootstepTriggerTypeE
0x0000007102BF0278,_ZN33LegoAnimTriggerGamePlayDataHelper22mFootStepFlagEnumItemsE
0x0000007102BF0288,_ZN15CharDefGameData22iconTexturePakFilePathE
0x0000007102BF0290,StandardCharReactionEnum
0x0000007102BF02A0,APISeekValF
0x0000007102BF02A8,APIActionInfo
0x0000007102BF02B0,APIExtraActionData
0x0000007102BF02B8,GameExtraActionData
0x0000007102BF02C0,_ZN9SingletonI18GAMEANIMDATAHelperE9mInstanceE
0x0000007102BF02C8,_ZN9SingletonI32LegoAnimTriggerContextDataHelperE9mInstanceE
0x0000007102BF02D0,_ZN9SingletonI36LegoAnimTriggerCameraShakeDataHelperE9mInstanceE
0x0000007102BF02D8,_ZN9SingletonI31LegoAnimTriggerImpactDataHelperE9mInstanceE
0x0000007102BF02E0,_ZN9SingletonI33LegoAnimTriggerFootStepDataHelperE9mInstanceE
0x0000007102BF02E8,_ZN9SingletonI33LegoAnimTriggerGamePlayDataHelperE9mInstanceE
0x0000007102BF02F0,_ZN9SingletonI21CharDefGameDataHelperE9mInstanceE
0x0000007102BF02F8,_ZN9SingletonI26CharSkeletonGameDataHelperE9mInstanceE
0x0000007102BF0300,_ZN9SingletonI40LegoAnimTriggerSpawnLayerPartsDataHelperE9mInstanceE
0x0000007102BF0988,ADataList
0x0000007102BF0990,AREACOUNT
0x0000007102BF0998,HUB_ADATA
0x0000007102BF09A0,MAININTRO_ADATA
0x0000007102BF09A8,MAINOUTRO_ADATA
0x0000007102BF09B0,reset_game_progress
0x0000007102BF09B4,reset_bounty_hunter_mission
0x0000007102BF09B8,VehicleArea
0x0000007102BF09BC,g_pvpNoCoinMultiplierArea
0x0000007102BF09C0,BonusArea
0x0000007102BF09C4,SuperBonusArea
0x0000007102BF09C8,DrivingVehicleArea
0x0000007102BF09CC,FlyingVehicleArea
0x0000007102BF09D0,FloatingVehicleArea
0x0000007102BF09D4,g_areaGlobalsData
0x0000007102BF0A30,Area_PlayerIDList
0x0000007102BF0A5C,Area_PlayerModelCount
0x0000007102BF0A60,Area_PlayerModelList
0x0000007102BF0AB4,Area_StoryModelCount
0x0000007102BF0AB8,Area_StoryModelList
0x0000007102BF0DDC,Area_FreePlayModelCount
0x0000007102BF0DE0,Area_FreePlayModelList
0x0000007102BF1104,Area_MissionModelCount
0x0000007102BF1108,Area_MissionModelList
0x0000007102BF1430,Game_AreaSave
0x0000007102BF1438,addtomodellist_addextrasanyway
0x0000007102BF1439,MAXGAMECMODELSWarningGiven
0x0000007102BF1440,CurrentCList
0x0000007102BF1448,CurrentEditedCList
0x0000007102BF1450,CurrentEditedStoryCList
0x0000007102BF1458,Areas_LooseList
0x0000007102BF1460,LOOSEAREACOUNT
0x0000007102BF14B8,thingsLevelContainer
0x0000007102BF14C0,thingsResourceHndl
0x0000007102BF14C8,vfxBoltsLEGOHndl
0x0000007102BF14D0,vfxBoltsHndl
0x0000007102BF14D8,things_scene
0x0000007102BF14E0,vfxBoltsLEGOScene
0x0000007102BF14E8,vfxBoltsScene
0x0000007102BF14F0,ropes_scene
0x0000007102BF14F8,vehicle_scene
0x0000007102BF1500,area_scene
0x0000007102BF1508,editbuffer_end
0x0000007102BF1510,EDITBUFFERENDSIZE
0x0000007102BF1610,BackgroundCam
0x0000007102BF1618,GameCam
0x0000007102BF1620,PlayerGameCam
0x0000007102BF1628,SplitGameCam
0x0000007102BF1630,MiniCutTgtGameCam
0x0000007102BF1638,pNuCam
0x0000007102BF1640,LookAtBoth
0x0000007102BF1644,DRAWSOCK
0x0000007102BF1648,DRAWERRORS
0x0000007102BF164C,newgamecam
0x0000007102BF1650,newgamecamtime
0x0000007102BF1654,gDisableGameCamera
0x0000007102BF1658,Cam_ShouldSnapFn
0x0000007102BF1660,DisableCameraLookRot
0x0000007102BF1664,DisableCameraLeftStickStableTargetingTicker
0x0000007102BF1668,PlayPlane
0x0000007102BF16F8,CurrentSpeedOverride
0x0000007102BF16FC,avg_currentspeed_mul
0x0000007102BF1700,g_eGameDofMode
0x0000007102BF19D8,GCDataList
0x0000007102BF19E0,Game_CharacterSave
0x0000007102BF19E8,LEGOID_HOVERBROOM
0x0000007102BF19F0,g_bAllowStreamingResidents
0x0000007102BF19F4,drawcharicon_shadow
0x0000007102BF19F8,drawcharicon_silhouette
0x0000007102BF19FC,drawcharicon_enable
0x0000007102BF1A00,disable_icon
0x0000007102BF1A04,disable_shadow
0x0000007102BF1A08,disable_frame
0x0000007102BF1A10,GCDATA_DEFAULT
0x0000007102BF1C90,IDLESPEEDINNARROWSOCKSONLY
0x0000007102BF1C98,default_hose_mtl
0x0000007102BF1CA0,hose_2d_mtl
0x0000007102BF30D4,SecondCharConfigure
0x0000007102BF30D8,configureallcharacters_perm
0x0000007102BF30E0,charconfig
0x0000007102BF31A8,AwkwardShapes_ExtraChecksFn
0x0000007102BF31D8,ShadowMat
0x0000007102BF3268,EventCheatTurnedOn
0x0000007102BF3290,EventCheatUnlocked
0x0000007102BF32B8,Game_CheatSave
0x0000007102BF32C0,BuilderSecretCodeFn
0x0000007102BF32C8,GameSecretCodeFn
0x0000007102BF32D0,Cheats_CanUseCheatFn
0x0000007102BF32D8,Game_RedBrickPickupSave
0x0000007102BF3338,Chooser_CreateChooserFn
0x0000007102BF3340,Chooser_PlayerHasMenuFn
0x0000007102BF3348,Chooser_UpdateMenuFn
0x0000007102BF3350,Chooser_ChosenItemFn
0x0000007102BF3358,Chooser_ActivateItemFn
0x0000007102BF3360,Chooser_UpdateOpenFn
0x0000007102BF3368,Chooser_UpdateClosedFn
0x0000007102BF3370,Chooser_CycleIconFn
0x0000007102BF3378,Chooser_PanelFn
0x0000007102BF33A8,MAGNETOFFSET
0x0000007102BF33AC,ROOFMAGNETOFFSET
0x0000007102BF33B0,g_canClimbFromFlyHover
0x0000007102BF33B1,g_canClimbFromFalling
0x0000007102BF33E0,CollectList
0x0000007102BF33E8,CollectCount
0x0000007102BF33EC,COLLECTION_COMPLETIONCOUNT
0x0000007102BF33F0,MasterCollection
0x0000007102BF3428,CharacterCollection
0x0000007102BF3460,CollectCatCount
0x0000007102BF3470,CollectCatIndex
0x0000007102BF3480,CollectCatTime
0x0000007102BF3490,CollectCatDuration
0x0000007102BF34A0,characterselect_i
0x0000007102BF34A8,g_collectionCharacterIconsPerm
0x0000007102BF34C0,collection_createcustom_builder
0x0000007102BF34C1,collection_createcustom_cats
0x0000007102BF34C2,ShopCollection_TokenOnly
0x0000007102BF34C4,collection_draw_hack
0x0000007102BF34C8,collection_draw_ignorefadecheck
0x0000007102BF34CC,drawcollection_midx
0x0000007102BF34D0,drawcollection_midy
0x0000007102BF34D4,drawcollection_x0
0x0000007102BF34D8,drawcollection_y0
0x0000007102BF34DC,drawcollection_dx
0x0000007102BF34E0,drawcollection_dy
0x0000007102BF34E4,drawcollection_overridenotcollectedalpha
0x0000007102BF34E8,drawcollection_rows
0x0000007102BF34EC,drawcollection_columns
0x0000007102BF34F0,Collection_DrawIconCursors_Silhouette
0x0000007102BF34F8,EventAddedToCollection
0x0000007102BF3520,g_pAddedToCollectionCallback
0x0000007102BF3550,LegoPickupBricksSys
0x0000007102BF3578,DrawColouredBrickTime
0x0000007102BF357C,ColouredBrickSlideTime
0x0000007102BF3580,ColouredBrickScale
0x0000007102BF35B0,theSpellChooser
0x0000007102BF35B8,Chooser_On
0x0000007102BF35BC,Chooser_SwitchSpellControls
0x0000007102BF35C0,ChooserCrossFadeIcon
0x0000007102BF35E0,ChooserCrossFadeMul
0x0000007102BF35E8,_ZN22LegoContextHandlerBaseI23TightropeContextHandlerE19m_contextInstanceIdE
0x0000007102BF3660,CreditList
0x0000007102BF3668,CreditsAlpha
0x0000007102BF366C,CreditsPreTime
0x0000007102BF3670,CreditsTime
0x0000007102BF3674,CreditsFinishedTime
0x0000007102BF3678,CreditsCongratsDonkCount
0x0000007102BF3680,CreditsJingleSfxResHndl
0x0000007102BF3688,CreditsBGMtl
0x0000007102BF36D8,_ZN18CustomiserResource19s_maxFileNameLengthE
0x0000007102BF36E0,g_pCustomiserSaveData
0x0000007102BF36E8,EventLeavingCustomiser
0x0000007102BF3710,_ZN20ClassManagerAccessorI15LegoCustomisersE10MANAGER_IDE
0x0000007102BF3718,_ZGVN20ClassManagerAccessorI15LegoCustomisersE10MANAGER_IDE
0x0000007102BF3748,drop_out_counter
0x0000007102BF3750,drop_back_in_timer
0x0000007102BF3754,inhibit_dropin_timer
0x0000007102BF3758,nupad_queue
0x0000007102BF3778,nupad_queue_size
0x0000007102BF3828,EDataList
0x0000007102BF3830,EPISODECOUNT
0x0000007102BF3838,Game_EpisodeSave
0x0000007102BF3840,EpCompleteCount
0x0000007102BF3844,EpCompleteTotal
0x0000007102BF3848,EpMiniKitCount
0x0000007102BF384C,EpMiniKitTotal
0x0000007102BF3850,EpCharKitCount
0x0000007102BF3854,EpCharKitTotal
0x0000007102BF3858,EpTrueHeroCount
0x0000007102BF385C,EpTrueHeroTotal
0x0000007102BF3860,EpHappyTokenCount
0x0000007102BF3864,EpHappyTokenTotal
0x0000007102BF3868,EpPerilCount
0x0000007102BF386C,EpPerilTotal
0x0000007102BF3870,EpChooserCount
0x0000007102BF3874,EpChooserTotal
0x0000007102BF3878,EpStoryTrueHeroCount
0x0000007102BF387C,EpStoryTrueHeroTotal
0x0000007102BF3880,EpFreePlayTrueHeroCount
0x0000007102BF3884,EpFreePlayTrueHeroTotal
0x0000007102BF3888,EpRedBrickCount
0x0000007102BF388C,EpRedBrickTotal
0x0000007102BF3890,EpGoldBrickCount
0x0000007102BF3894,EpGoldBrickTotal
0x0000007102BF38C0,wait_till_next_frame
0x0000007102BF38C4,g_BlackCrossFadeColour
0x0000007102BF38C8,g_bBlackCrossFadeForceOpaque
0x0000007102BF38F8,gameanimsysprogress
0x0000007102BF3938,GameMessage
0x0000007102BF3940,i_player
0x0000007102BF3948,g_gameMessagesOverrideLevelContainer
0x0000007102BF3950,GameMsg_GetExtraObjFn
0x0000007102BF3984,gotTrueHeroThisLevel
0x0000007102BF3988,BuilderActive
0x0000007102BF398C,ForceBuilderActiveOff
0x0000007102BF3990,RePlay
0x0000007102BF3994,FreePlay
0x0000007102BF3998,NextArea_FreePlay
0x0000007102BF399C,SuperStory
0x0000007102BF39A0,LevelPlay
0x0000007102BF39A4,LevelPlay_TimeTrial
0x0000007102BF39A8,ResetBits
0x0000007102BF39B0,CheckLostDataFn
0x0000007102BF39B8,CanStartTargettingFn
0x0000007102BF39C0,StartTargettingFn
0x0000007102BF39C8,Game_CompletionSave
0x0000007102BF39D0,Game_CoinTotalSave
0x0000007102BF39D8,CompletionPointInfo
0x0000007102BF3A0C,CompletionInfoSet
0x0000007102BF3A0D,POINTS_PER_CHARACTER
0x0000007102BF3A0E,POINTS_PER_SUPERSTORY
0x0000007102BF3A0F,POINTS_PER_SUPERBONUSCOMPLETE
0x0000007102BF3A10,POINTS_PER_TIMETRIAL
0x0000007102BF3A11,POINTS_PER_STORYAREA
0x0000007102BF3A12,POINTS_PER_LEVEL
0x0000007102BF3A13,POINTS_PER_CHALLENGE
0x0000007102BF3A14,POINTS_PER_MINIKIT
0x0000007102BF3A15,POINTS_PER_TRUEHERO
0x0000007102BF3A16,POINTS_PER_REDBRICK
0x0000007102BF3A17,POINTS_PER_MISSION
0x0000007102BF3A18,POINTS_PER_CHEAT
0x0000007102BF3A19,POINTS_PER_HINT
0x0000007102BF3A1A,POINTS_PER_GOLDBRICK
0x0000007102BF3A1B,POINTS_PER_HAPPYTOKEN
0x0000007102BF3A1C,POINTS_PER_PERIL
0x0000007102BF3A1D,POINTS_PER_BUILDERLEVELCOMPLETE
0x0000007102BF3A1E,POINTS_PER_CHOOSERNODE
0x0000007102BF3A1F,POINTS_PER_LESSON
0x0000007102BF3A20,COMPLETIONPOINTS
0x0000007102BF3A24,SHOPGOLDBRICKS
0x0000007102BF3A28,BOTHTRUEHEROGOLDBRICKS
0x0000007102BF3A2C,GOLDBRICK_FOR_STORY
0x0000007102BF3A2D,GOLDBRICK_FOR_MINIKIT
0x0000007102BF3A2E,GOLDBRICK_FOR_CHOOSER
0x0000007102BF3A2F,GOLDBRICK_FOR_TRUEHERO
0x0000007102BF3A30,GOLDBRICK_FOR_SUPERBONUS
0x0000007102BF3A31,GOLDBRICK_FOR_SUPERSTORY
0x0000007102BF3A32,GOLDBRICK_FOR_CHALLENGE
0x0000007102BF3A33,GOLDBRICK_FOR_TIMETRIAL
0x0000007102BF3A34,GOLDBRICK_FOR_MISSION
0x0000007102BF3A35,GOLDBRICK_FOR_HAPPYTOKENS
0x0000007102BF3A36,GOLDBRICK_FOR_PERIL
0x0000007102BF3A37,GOLDBRICK_FOR_BUILDERLEVELCOMPLETE
0x0000007102BF3A38,GOLDBRICKPOINTS
0x0000007102BF3A3C,GoldBrickTotals
0x0000007102BF3A5C,TREASUREPOINTS
0x0000007102BF3A60,OBSTACLES_CAN_BE_PUNCHED
0x0000007102BF3A64,DrawTrueHeroTime
0x0000007102BF3A68,trueherotime
0x0000007102BF3A70,TrueHeroTotal
0x0000007102BF3A78,TrueHeroScale
0x0000007102BF3A7C,TrueHeroDone
0x0000007102BF3A80,Game_HeroesAndVillains
0x0000007102BF3A84,DropOutDisappear
0x0000007102BF3A88,NetPaused
0x0000007102BF3A8C,g_bDebugWasPausedBeforeScreenDump
0x0000007102BF3A90,PauseGame_ExtraCodeFn
0x0000007102BF3A98,ResumeGame_ExtraCodeFn
0x0000007102BF3AA0,SuperStoryScore
0x0000007102BF3AA8,ChallengeMode
0x0000007102BF3AAC,GAMEDEMO
0x0000007102BF3AB0,Demo_FreePlay
0x0000007102BF3AB4,Demo_GoingToFreePlay
0x0000007102BF3AB8,demo_inactivity
0x0000007102BF3AC0,Game_100PercentFn
0x0000007102BF3AC8,Requested_CompletionPoints
0x0000007102BF3AD0,Game_AllGoldBricksFn
0x0000007102BF3AD8,BonusScore
0x0000007102BF3AE0,OldBonusScore
0x0000007102BF3AE8,BonusWinFlag
0x0000007102BF3AEC,BonusWinnerCamAng
0x0000007102BF3AF0,BonusCoinTotal
0x0000007102BF3AF8,BonusCoinTarget
0x0000007102BF3B00,Challenges_Available
0x0000007102BF3B04,ChallengeTimer
0x0000007102BF3B18,VersionName
0x0000007102BF3B58,Game_SuperCounter
0x0000007102BF3B60,Game_SuperCounterSave
0x0000007102BF3B68,Game_SuperCounterCount
0x0000007102BF3B70,s_GameConfig_CheckpointsCreated
0x0000007102BF3B98,Game_DifficultySave
0x0000007102BF3BA0,LevelPlay_ClearCoins
0x0000007102BF3D78,g_debug_SkipLevelInterfaceCreation
0x0000007102BF3D7C,_ZN20ClassManagerAccessorI30LegoFlowInterface_LevelManagerE10MANAGER_IDE
0x0000007102BF3D80,_ZGVN20ClassManagerAccessorI30LegoFlowInterface_LevelManagerE10MANAGER_IDE
0x0000007102BF3D88,_ZN20ClassManagerAccessorI33LegoFlowInterface_CutsceneManagerE10MANAGER_IDE
0x0000007102BF3D90,_ZGVN20ClassManagerAccessorI33LegoFlowInterface_CutsceneManagerE10MANAGER_IDE
0x0000007102BF3E60,HatInitFn
0x0000007102BF3E68,DontLoseHats
0x0000007102BF3E6C,test_early
0x0000007102BF3E9C,HintConditions
0x0000007102BF3EA0,Hints
0x0000007102C05EA0,DynamicHints
0x0000007102C05EA8,NumOfDynamicHints
0x0000007102C05EB0,ResetGameHintsFn
0x0000007102C05EB8,EventListenerHintsFn
0x0000007102C05EC0,s_HintColourCollides
0x0000007102C05F00,hintsys
0x0000007102C05FB0,Hint_AlphaTargetFn
0x0000007102C05FE0,DieAir_Enabled
0x0000007102C05FE1,DieAir_NoGravityChance
0x0000007102C05FE4,ObjHitObj_KillPartsSpeed_PUNCH
0x0000007102C05FE8,ObjHitObj_KillPartsSpeed_EXPLOSION
0x0000007102C05FEC,ObjHitObj_AlwaysLoseHat
0x0000007102C05FF0,objhitobj_bolt
0x0000007102C05FF8,objhitobj_nohurtsfx
0x0000007102C05FF9,objhitobj_noimpactsfx
0x0000007102C05FFA,objhitobj_throwkillpartsup
0x0000007102C05FFB,objhitobj_nostun
0x0000007102C05FFC,objhitobj_frommudkill
0x0000007102C06000,objhitobj_killparts_yrot
0x0000007102C06030,HubConfig
0x0000007102C06034,hub_area
0x0000007102C06038,hub_area_time
0x0000007102C0603C,hub_episode
0x0000007102C06040,hub_episode_time
0x0000007102C06044,HUB_EPISODEB
0x0000007102C06048,shop_from_cutsceneplayer
0x0000007102C06050,shop_cutscenePlayerOriginalPos
0x0000007102C06070,Hub_PanelBusyFn
0x0000007102C06078,hub_selectarea_hubareainfo
0x0000007102C06080,hub_selectarea_hubepisodeinfo
0x0000007102C06088,Hub_PadSpeed
0x0000007102C06090,Hub_PadAngle
0x0000007102C06094,Hub_AbilityBits
0x0000007102C06098,Hub_ResidentStreamingList
0x0000007102C060A0,Hub_ResidentExpendableStreamingList
0x0000007102C060A8,hub_preventlevelstreaming
0x0000007102C060AC,Hub_CanBuyMiniKits
0x0000007102C060B0,Hub_GoBackToLevel_Override
0x0000007102C060B8,_ZN11HUBAREAINFO17s_HubAreaInfoListE
0x0000007102C060C0,_ZN14HUBEPISODEINFO20s_HubEpisodeInfoListE
0x0000007102C060C8,hubshopactive
0x0000007102C060CC,hubplayersnearshop
0x0000007102C060D0,hub_dib_g
0x0000007102C060D2,hub_dib_extra_x_rot
0x0000007102C060E0,hub_dib_extra_offset
0x0000007102C060F0,hub_dib_glow
0x0000007102C060F4,hub_dib_extra_dz
0x0000007102C060F8,hub_dib_obj_dy
0x0000007102C060FC,HUB_DIB_REDBRICK_DY
0x0000007102C06100,hub_dib_invert
0x0000007102C06102,hub_dib_obj_dxrot
0x0000007102C06104,hub_drawminikitcount_charkit
0x0000007102C06130,InteractiveDisplayQFont3DZ
0x0000007102C06160,theInteractiveDisplayManager
0x0000007102C06340,Jump_GirlsCanHighJump
0x0000007102C06344,Jump_SlowDownOverMud
0x0000007102C06348,WallJump_SlideSpeed
0x0000007102C0634C,WallJump_AnyoneWithAnims
0x0000007102C0634D,WallJump_SingleJumpsOnly
0x0000007102C0634E,Jump_CombatRoll_DefaultToRunSpeed
0x0000007102C06350,flower1_emitter_type
0x0000007102C06358,HighJumpHint_TwirlLedgeAttachOnly
0x0000007102C06359,Jump_LungeSlam
0x0000007102C0635A,DoubleJump_AlwaysReachJump2Height
0x0000007102C0635B,DoubleJump_Slam
0x0000007102C0635C,SingleJump_Slam
0x0000007102C06360,Jump_PreventJumpFn
0x0000007102C06368,Jump_EndOfLandContextFn
0x0000007102C06370,Slam_GetDebrisFn
0x0000007102C06378,CanGlideFn
0x0000007102C06380,BigJump_EndOfLandFn
0x0000007102C06388,FindSlamOrigin_UseCPosFn
0x0000007102C06390,Glide_Banking
0x0000007102C06728,g_activeStatusLevelWorldInfo
0x0000007102C06730,status_coin_total
0x0000007102C06780,status_plr_ids
0x0000007102C067D0,status_plr_active
0x0000007102C067E8,StatusPacket
0x0000007102C06A30,status_prompt
0x0000007102C06A34,player_icons_draw
0x0000007102C06A38,currentminikit
0x0000007102C06A3C,currentsuperkit
0x0000007102C06A40,superkittype
0x0000007102C06A44,StatusCollectList
0x0000007102C06A54,slideseek
0x0000007102C06A58,iconalphaoverride
0x0000007102C06A5C,newminikitcount
0x0000007102C06A60,pop_timer
0x0000007102C06A64,status_simplechapters
0x0000007102C06A65,status_coinphasefirst
0x0000007102C06A66,status_keepstuffonscreen
0x0000007102C06A67,SfxLock
0x0000007102C06A70,Status_AllMiniKits_CharID
0x0000007102C06A78,ContinueStoryDoorName
0x0000007102C06A98,LastContinueStoryDoorName
0x0000007102C06AB8,ContinueStoryLevelName
0x0000007102C06AD8,STATUS_TRUE_HERO_PROMPT_X
0x0000007102C06ADC,STATUS_GOLD_BRICK_PROMPT_TEXT_X_OFFSET
0x0000007102C06AE0,STATUS_MINI_CENTERPOS_X
0x0000007102C06AE4,STATUS_MINI_X
0x0000007102C06AE8,STATUS_MINI_Y
0x0000007102C06AEC,STATUS_TREASURE_X
0x0000007102C06AF0,STATUS_TREASURE_Y
0x0000007102C06AF4,STATUS_BIGNAME_ALIGN
0x0000007102C06AF8,STATUS_COINS_B
0x0000007102C06AFC,STATUS_HINT_Y
0x0000007102C06B00,STATUS_HINT_MENU_Y
0x0000007102C06B04,STATUS_TREASURE_PROMPT_TEXT_X_OFFSET
0x0000007102C06B08,StatusStages
0x0000007102C07690,LegoGameText
0x0000007102C07778,CharacterGridEvent
0x0000007102C077A0,_ZN20ClassManagerAccessorI22LegoMenuCharacterGridsE10MANAGER_IDE
0x0000007102C077A8,_ZGVN20ClassManagerAccessorI22LegoMenuCharacterGridsE10MANAGER_IDE
0x0000007102C077B0,_ZN22LegoContextHandlerBaseI21CharStreamWaitContextE19m_contextInstanceIdE
0x0000007102C08018,_ZN9LegoRopes30m_defaultRopeMaterialTypeIndexE
0x0000007102C08020,theRopeLocatorHelper
0x0000007102C08028,_ZN9LegoRopes14EventDestroyedE
0x0000007102C08050,_ZN9LegoRopes14LEGOROPE_CHAINE
0x0000007102C08051,_ZN9LegoRopes13LEGOROPE_WHIPE
0x0000007102C08052,_ZN9LegoRopes14LEGOROPE_SNAKEE
0x0000007102C08053,_ZN9LegoRopes15LEGOROPE_ZIPUPSE
0x0000007102C08054,_ZN9LegoRopes21LEGOROPE_SIMPLEZIPUPSE
0x0000007102C08055,_ZN9LegoRopes16LEGOROPE_GRAPPLEE
0x0000007102C08056,_ZN9LegoRopes18LEGOROPE_TIGHTROPEE
0x0000007102C08057,_ZN8LegoRope17s_ForceShadowOnlyE
0x0000007102C08058,_ZN20ClassManagerAccessorI16LegoRopesManagerE10MANAGER_IDE
0x0000007102C0805C,_ZN20ClassManagerAccessorI9LegoRopesE10MANAGER_IDE
0x0000007102C08060,_ZGVN20ClassManagerAccessorI9LegoRopesE10MANAGER_IDE
0x0000007102C08068,_ZGVN20ClassManagerAccessorI16LegoRopesManagerE10MANAGER_IDE
0x0000007102C08098,_ZN22LegoContextHandlerBaseI30MechContextRemoteBarrelHandlerE19m_contextInstanceIdE
0x0000007102C080EC,_ZN18LegoProgressSystem26s_serialisationSafetyCheckE
0x0000007102C080F0,_ZN20ClassManagerAccessorI18LegoProgressSystemE10MANAGER_IDE
0x0000007102C080F8,_ZGVN20ClassManagerAccessorI18LegoProgressSystemE10MANAGER_IDE
0x0000007102C08150,_ZN20ClassManagerAccessorI12LegoSaveGameE10MANAGER_IDE
0x0000007102C08158,_ZGVN20ClassManagerAccessorI12LegoSaveGameE10MANAGER_IDE
0x0000007102C08188,theLegoSetCollection
0x0000007102C08190,_ZN17LegoSetCollection21s_globalLegoSetsScopeE
0x0000007102C08194,_ZN17LegoSetCollection13m_resetGizmosE
0x0000007102C081C0,collisionCallBack
0x0000007102C081C8,_ZN11LegoSpecial22smNoDrawNoPhysicsLayerE
0x0000007102C081CC,_ZN11LegoSpecial13smNoDrawLayerE
0x0000007102C08238,gdv_DefaultCameraPosition
0x0000007102C08244,fmvSkipPrompt
0x0000007102C08248,_ZN15LegoLoadScreens30EventOverrideAreaLoadingScreenE
0x0000007102C08270,_ZN14LegoLoadScreen16s_AddOnOwnerTypeE
0x0000007102C08274,_ZN20ClassManagerAccessorI15LegoLoadScreensE10MANAGER_IDE
0x0000007102C08278,_ZGVN20ClassManagerAccessorI15LegoLoadScreensE10MANAGER_IDE
0x0000007102C08280,_ZN20ClassManagerAccessorI10FMVManagerE10MANAGER_IDE
0x0000007102C08288,_ZGVN20ClassManagerAccessorI10FMVManagerE10MANAGER_IDE
0x0000007102C08290,_ZN20ClassManagerAccessorI20LevelMusicCueManagerE10MANAGER_IDE
0x0000007102C08298,_ZGVN20ClassManagerAccessorI20LevelMusicCueManagerE10MANAGER_IDE
0x0000007102C082C8,theLevelLoader
0x0000007102C08308,_ZN11LevelLoader24m_levelContainerAccessCSE
0x0000007102C08328,_ZN11LevelLoader27m_AllLevelContainerAccessCSE
0x0000007102C08398,LDataList
0x0000007102C083A0,LastLData
0x0000007102C083A8,ForwardLData
0x0000007102C083B0,LEVELCOUNT
0x0000007102C083B8,levelconfig_levInstSettings
0x0000007102C083C0,levelconfig_lworldinfo
0x0000007102C083C8,TITLES_LDATA
0x0000007102C083D0,NEWGAME_LDATA
0x0000007102C083D8,LOADGAME_LDATA
0x0000007102C083E0,HUB_LDATA
0x0000007102C083E8,HUB_NEW_LDATA
0x0000007102C083F0,CUTSCENEPLAYER_LDATA
0x0000007102C083F8,STATUS_LDATA
0x0000007102C08400,CREDITS_LDATA
0x0000007102C08408,LEVELPLAY_LDATA
0x0000007102C08410,Level
0x0000007102C08414,enable_LevelTrueHero
0x0000007102C08418,disable_LevelTrueHero
0x0000007102C08420,Level_ConfigBeforeLoad_GameKeywords
0x0000007102C08428,Level_ConfigAfterLoad_GameKeywords
0x0000007102C08430,LevGameObject
0x0000007102C08470,LevelTimerHackFn
0x0000007102C08478,LevSplList
0x0000007102C08480,LEVELSPLINECOUNT
0x0000007102C08488,ObjTabList
0x0000007102C08490,LEVELOBJECTCOUNT
0x0000007102C08494,EXTRALEVELOBJECTCOUNT
0x0000007102C08498,no_fighting_zone
0x0000007102C084A0,Game_LevelSave
0x0000007102C084A8,LevFlag
0x0000007102C084B8,LevLock
0x0000007102C084C8,LevTime
0x0000007102C08508,TitleStartMode
0x0000007102C0850C,newlevelfrommenu_newmenuy
0x0000007102C08510,LevelNameOn
0x0000007102C08514,LevelName_HubRooms
0x0000007102C08518,LevelNameTime
0x0000007102C08520,LevelNameText
0x0000007102C08530,LevelNameMul
0x0000007102C08538,MAININTRO_FORWARDLDATA
0x0000007102C08548,getreplayplayers_players_used
0x0000007102C08550,UpdateLeaderBoardBestTimeFn
0x0000007102C085C0,Lighting_BlueFlickerFn
0x0000007102C085C8,CreatureLights_NoHitFlash
0x0000007102C085CC,ResetOldFStop
0x0000007102C08620,PauseMenus_Align
0x0000007102C08624,PauseMenus_X
0x0000007102C08628,QUICKMENUENABLED
0x0000007102C0862C,uprepeattime
0x0000007102C08634,downrepeattime
0x0000007102C0863C,leftrepeattime
0x0000007102C08644,rightrepeattime
0x0000007102C0864C,uprepeatcount
0x0000007102C0864E,downrepeatcount
0x0000007102C08650,leftrepeatcount
0x0000007102C08652,rightrepeatcount
0x0000007102C08654,tagrepeattime
0x0000007102C0865C,specialrepeattime
0x0000007102C08664,actionrepeattime
0x0000007102C0866C,jumprepeattime
0x0000007102C08674,tagrepeatcount
0x0000007102C08676,specialrepeatcount
0x0000007102C08678,actionrepeatcount
0x0000007102C0867A,jumprepeatcount
0x0000007102C0867C,MenuPacket
0x0000007102C086AC,LEGOFX_MINDCONTROL_SPARK
0x0000007102C086D8,g_miniCam
0x0000007102C086E0,ObstacleCamTime
0x0000007102C086E4,ObstacleCamEnd
0x0000007102C086E8,ObstacleCamBlendOutTime
0x0000007102C086EC,ObstacleCamRotZ
0x0000007102C086F0,ObstacleCamFocalRegion
0x0000007102C086F4,ObstacleCamLookAtPlayer
0x0000007102C086F5,ObstacleCamAlwaysSnapAngles
0x0000007102C086F8,ObstacleCamSpl
0x0000007102C08700,ObstacleCamStart
0x0000007102C08704,ObstacleCamBlendInTime
0x0000007102C08708,ObstacleCamCutTgtPtr
0x0000007102C08710,ObstacleCamCutCamPtr
0x0000007102C08718,ObstacleCamBorders
0x0000007102C0871C,ObstacleCamHoldUntilPlayersMove
0x0000007102C08720,ObstacleCamCutSpline
0x0000007102C08740,ObstacleCamTargetGuid
0x0000007102C08744,ObstacleCamAllowInputDuringBlendOut
0x0000007102C08750,ObstacleCamCutPts
0x0000007102C08790,Char_MiniKit
0x0000007102C08798,MiniKitDrawTime
0x0000007102C0879C,MiniKitFlashTime
0x0000007102C087A0,NewMiniPiece
0x0000007102C08908,minikittime
0x0000007102C0890C,MiniKitScale
0x0000007102C08910,DrawMiniKitTime
0x0000007102C08918,Game_MiniKitCompleteCount
0x0000007102C08920,Game_MinikitsBought
0x0000007102C08928,Game_SuperKitPieces
0x0000007102C08930,Panel_GameMsg_EndFn
0x0000007102C08938,MiniKitCollected
0x0000007102C0893C,MiniKitSlammed
0x0000007102C08970,g_FMV_Subtitles
0x0000007102C08978,g_FMV_SubtitleDrawer
0x0000007102C08988,g_FmvCustomAudioStreamCallbacks
0x0000007102C08990,MovieProperSkipTime
0x0000007102C089F0,_ZN19MovingCharacterIcon15m_pMaskMaterialE
0x0000007102C089F8,_ZN19MovingCharacterIcon19m_pBossMaskMaterialE
0x0000007102C08A00,_ZN19MovingCharacterIcon15m_pIconMaterialE
0x0000007102C08A08,_ZN19MovingCharacterIcon10m_bEnabledE
0x0000007102C08A10,_ZN19MovingCharacterIcon7m_iconsE
0x0000007102C08A90,CharacterLightDirs
0x0000007102C08AC0,CharacterLightCols
0x0000007102C08AF0,CharacterLightAmb
0x0000007102C08B28,LEGOFX_MIST
0x0000007102C08B2C,DRAWGUIDEDEBUG
0x0000007102C08BA8,happytokentime
0x0000007102C08BB0,_ZN5Panel22m_kRedBrickOnScreenPosE
0x0000007102C08BC0,_ZN5Panel23m_kRedBrickOffScreenPosE
0x0000007102C08BD0,_ZN5Panel22m_kTreasureOnScreenPosE
0x0000007102C08BE0,_ZN5Panel23m_kTreasureOffScreenPosE
0x0000007102C08BF0,_ZN5Panel24m_kPowerBrickOnScreenPosE
0x0000007102C08C00,_ZN5Panel25m_kPowerBrickOffScreenPosE
0x0000007102C08C10,_ZN5Panel26m_kMiniKitTotalOnScreenPosE
0x0000007102C08C20,_ZN5Panel27m_kMiniKitTotalOffScreenPosE
0x0000007102C08C30,_ZN5Panel27m_kPerilTotalHubOnScreenPosE
0x0000007102C08C40,_ZN5Panel28m_kPerilTotalHubOffScreenPosE
0x0000007102C08C50,_ZN5Panel29m_kPerilTotalStoryOnScreenPosE
0x0000007102C08C60,_ZN5Panel30m_kPerilTotalStoryOffScreenPosE
0x0000007102C08C70,_ZN5Panel27m_kTrueHeroTotalOnScreenPosE
0x0000007102C08C80,_ZN5Panel28m_kTrueHeroTotalOffScreenPosE
0x0000007102C08C90,_ZN5Panel26m_kChooserTotalOnScreenPosE
0x0000007102C08CA0,_ZN5Panel27m_kChooserTotalOffScreenPosE
0x0000007102C08CB0,_ZN5Panel21m_kChooserOnScreenPosE
0x0000007102C08CC0,_ZN5Panel22m_kChooserOffScreenPosE
0x0000007102C08CD0,_ZN5Panel28m_kGoldBrickTotalOnScreenPosE
0x0000007102C08CE0,_ZN5Panel29m_kGoldBrickTotalOffScreenPosE
0x0000007102C08CF0,_ZN5Panel24m_kPercentageOnScreenPosE
0x0000007102C08D00,_ZN5Panel25m_kPercentageOffScreenPosE
0x0000007102C08D10,_ZN20ClassManagerAccessorI5PanelE10MANAGER_IDE
0x0000007102C08D14,DrawPlayerIconPrompts_OverrideX
0x0000007102C08D18,DrawPlayerIconPrompts_OverrideY
0x0000007102C08D20,GetExtraPanelInfoFn
0x0000007102C08D28,TrueHero_Bottom
0x0000007102C08D2C,DRAWSAFEAREA
0x0000007102C08D30,collectalpha
0x0000007102C08D50,_ZGVN20ClassManagerAccessorI5PanelE10MANAGER_IDE
0x0000007102C08D90,brickimpactwait
0x0000007102C08DC0,player
0x0000007102C08DD8,player2
0x0000007102C08DF0,PLAYERCOUNT
0x0000007102C08DF4,UsePlayerList
0x0000007102C08DF8,PlayerProgress
0x0000007102C09118,PlayerStart
0x0000007102C09258,plr_lastpos
0x0000007102C09268,Game_PlayerSave
0x0000007102C09270,Player_NotHiddenFn
0x0000007102C09278,Player_2HeartsIn1
0x0000007102C0927C,ShowPlayerCoordinate
0x0000007102C09280,PlayerUIColour
0x0000007102C092D0,thePlayerDataMgr
0x0000007102C092E8,PlayerHeartPos
0x0000007102C094C8,IsWearingBackPackFn
0x0000007102C094D0,SetPlayerControlExtraFn
0x0000007102C094D8,FULLDEBUGTOGGLE
0x0000007102C094DC,LIFTPLAYER
0x0000007102C094E0,Player_ToggleSubCharacterFn
0x0000007102C094E8,Player_ToggledCharacterFn
0x0000007102C094F0,LegoCityPlayer_CanToggleCharacterFn
0x0000007102C094F8,PlayerToggle_DebrisAtOrigin
0x0000007102C09500,drawbosshitpoints
0x0000007102C09508,drawbosshitpoints2
0x0000007102C09510,Players_CanBlipHearts
0x0000007102C09511,g_uBusStopMaxPartySize
0x0000007102C09518,g_pBusStopPartyList
0x0000007102C095B8,set_taggable_when_not_in_new_hub
0x0000007102C095E4,PowerUp_Time
0x0000007102C095E8,POWERUP_TEXTID
0x0000007102C095EC,PowerUp_PanelPosMul
0x0000007102C095F4,PowerUp_PanelYRot
0x0000007102C09690,PushObstHelp_PullOnly
0x0000007102C09694,PUSHOBSTHELP_GAMEFLAG_SUPERSTRENGTH
0x0000007102C09698,PushObstHelp_SuperStrengthOnly
0x0000007102C09699,PushObstHelp_ImplementShrug
0x0000007102C0969A,ShowPushObstHelpHint
0x0000007102C096F8,FadeSys
0x0000007102C09700,fade
0x0000007102C09728,fadeWipe
0x0000007102C09750,fadeStillWipe
0x0000007102C09778,fadeStill
0x0000007102C097A0,fadeSpinWipe
0x0000007102C097C8,fadeCrossFade
0x0000007102C097F0,fadeCrossBlack
0x0000007102C09818,FadeMtl
0x0000007102C09820,FadeMtl2
0x0000007102C09828,ScreenFadeMtl
0x0000007102C09830,CutBorderMtl
0x0000007102C09838,FadeLoop_ObjScene
0x0000007102C09840,FadeLoop_ObjHSpecial
0x0000007102C09850,backdrop_top_r
0x0000007102C09854,backdrop_top_g
0x0000007102C09858,backdrop_top_b
0x0000007102C0985C,backdrop_bot_r
0x0000007102C09860,backdrop_bot_g
0x0000007102C09864,back_rgba
0x0000007102C0986C,backdrop_black
0x0000007102C09870,dof_fstop
0x0000007102C09874,MainRenderTime
0x0000007102C09878,MainRenderTargetTime
0x0000007102C0987C,g_bDebugScreenDump
0x0000007102C09880,g_bStillRenderDraw
0x0000007102C09884,GrabScreenWhenFading
0x0000007102C09888,NextFadeUp_Wipe
0x0000007102C09890,pause_fade_mtl
0x0000007102C09898,grab_screen_image
0x0000007102C0989C,pause_fade
0x0000007102C098A0,g_bStillScreenDebug
0x0000007102C098A8,PauseRenderOffFn
0x0000007102C09D98,Game_SpecialMoveFixup
0x0000007102C09DA0,SpecialMoves_ForceStun
0x0000007102C09DB0,specialMoveRayResult
0x0000007102C09E60,_ZN22LegoContextHandlerBaseI33SpecialMoveAttackerContextHandlerE19m_contextInstanceIdE
0x0000007102C09E64,_ZN22LegoContextHandlerBaseI31SpecialMoveVictimContextHandlerE19m_contextInstanceIdE
0x0000007102C09E90,_ZN13SpecialSystem16s_AddOnOwnerTypeE
0x0000007102C09E98,_ZN17LegoSpecialSystem14EventDestroyedE
0x0000007102C09EC0,_ZN17LegoSpecialSystem22GameObjHitRagDollEventE
0x0000007102C09EE8,_ZN17LegoSpecialSystem25GameObjHitNonRagDollEventE
0x0000007102C09F10,_ZN20ClassManagerAccessorI17LegoSpecialSystemE10MANAGER_IDE
0x0000007102C09F18,_ZGVN20ClassManagerAccessorI17LegoSpecialSystemE10MANAGER_IDE
0x0000007102C09FB0,kSabreZBias
0x0000007102C09FB4,kGlowFadeDist
0x0000007102C09FB8,kGlowFadeStr
0x0000007102C09FC0,_ZN14StreakDataList16s_streakDataListE
0x0000007102C09FD8,_ZN10StreakData17parsingStreakDataE
0x0000007102C0A010,Area_SuperCounter
0x0000007102C0A018,Area_SuperCounterCount
0x0000007102C0A058,TERRAINMASK_NONDROID
0x0000007102C0A05C,TERRAINMASK_NONHAZARD
0x0000007102C0A060,TERRAINMASK_NONHEAT
0x0000007102C0A064,SURFACEBITS_DUST
0x0000007102C0A068,SURFACEBITS_NODUST
0x0000007102C0A070,TerSurface
0x0000007102C0A6D0,TerLayer
0x0000007102C0AA00,SurfaceInfo_ExtraReflectFn
0x0000007102C0AA08,g_surfaceTypeFromPhysicsChar
0x0000007102C0AA0C,Goop_Nearby
0x0000007102C0AAE8,Tag_DrawIconFn
0x0000007102C0AAF0,Tag_NoHiddenIconFn
0x0000007102C0AAF8,TAKEOVER_JUMPTOEXIT
0x0000007102C0AAFC,Tag_DoneFirst
0x0000007102C0AB00,TakeOver_NoExitWhileJumping
0x0000007102C0AB08,player_tag_to
0x0000007102C0AB10,player_tag_from
0x0000007102C0AB18,player_tag_timer
0x0000007102C0AB1C,do_player_tag
0x0000007102C0AB20,Tag_SpecialFn
0x0000007102C0AB28,theTaggingChooser
0x0000007102C0AB30,takeoverobjects
0x0000007102C0ACB0,num_takeoverobjects
0x0000007102C0ACB4,Hint_AlterEgo
0x0000007102C0ACB5,Hint_CanFreePlayToggle
0x0000007102C0ACB6,Hint_CanSuperFreePlay
0x0000007102C0ACB8,BuckStartExtraFn
0x0000007102C0ACC0,g_bDisableReleaseTakeOver
0x0000007102C0ACC8,TakeOver_SetAction_OverrideFn
0x0000007102C0AD88,TTab
0x0000007102C0AD90,LEGOASCII_UP
0x0000007102C0AD98,LEGOASCII_DOWN
0x0000007102C0ADA0,LEGOASCII_LEFT
0x0000007102C0ADA8,LEGOASCII_RIGHT
0x0000007102C0ADB0,legoapi_tNULL
0x0000007102C0ADB8,legoapi_tUNKNOWN
0x0000007102C0ADC0,legoapi_tSKIP
0x0000007102C0ADC8,legoapi_tCONTINUESTORY
0x0000007102C0ADD0,legoapi_tEXIT
0x0000007102C0ADD8,legoapi_tFINALCHAPTERLOCKED
0x0000007102C0ADE0,legoapi_tFINISHSTORY
0x0000007102C0ADE8,legoapi_tFREEPLAY
0x0000007102C0ADF0,legoapi_tLEVELCOMPLETE
0x0000007102C0ADF8,legoapi_tHUB
0x0000007102C0AE00,legoapi_tMINIKIT
0x0000007102C0AE08,legoapi_tMISSIONCOMPLETE
0x0000007102C0AE10,legoapi_tNEWBESTTIME
0x0000007102C0AE18,legoapi_tNEXTCHAPTERLOCKED
0x0000007102C0AE20,legoapi_tNONEWBESTTIME
0x0000007102C0AE28,legoapi_tRESTART
0x0000007102C0AE30,legoapi_tSUPERSTORYCOMPLETE
0x0000007102C0AE38,legoapi_tTRUEHERO
0x0000007102C0AE40,legoapi_tTRUEVILLAIN
0x0000007102C0AE48,legoapi_tEXITTOWINDOWS
0x0000007102C0AE50,legoapi_tCHALLENGECOMPLETE
0x0000007102C0AE58,legoapi_tPOWERBRICK
0x0000007102C0AE60,legoapi_tLOCKED
0x0000007102C0AE68,legoapi_tON
0x0000007102C0AE70,legoapi_tOFF
0x0000007102C0AE78,legoapi_tAVAILABLETOBUY
0x0000007102C0AE80,legoapi_tOUTOFTIME
0x0000007102C0AE88,Text_GameSetLanguageFn
0x0000007102C0AE90,Text_ButtonPrompPlayerList
0x0000007102C0AE98,Text_ButtonPrompPlayerList_Count
0x0000007102C0AEC4,PAL
0x0000007102C0AEC8,DEFAULTFRAMETIME
0x0000007102C0AECC,MAXFRAMETIME
0x0000007102C0AED0,DEFAULTFPS
0x0000007102C0AED4,FPSDISPLAY
0x0000007102C0AED8,game_pulse
0x0000007102C0AEDC,global_pulse
0x0000007102C0AEE0,GlobalTimer
0x0000007102C0AEF4,GameTimer
0x0000007102C0AF08,GamePlayTimer
0x0000007102C0AF1C,OverallGamePlayTimer
0x0000007102C0AF30,PauseTimer
0x0000007102C0AF44,JoinInTimer
0x0000007102C0AF58,SuperStoryTimer
0x0000007102C0AF6C,BonusTimer
0x0000007102C0AF80,LevelTimer
0x0000007102C0AF94,LevelGamePlayTimer
0x0000007102C0AFA8,AreaTimer
0x0000007102C0AFBC,AreaGamePlayTimer
0x0000007102C0AFD0,DoubleScoreTime
0x0000007102C0AFD8,UpdateMenuTextColoursFn
0x0000007102C0AFE0,TimingBarSet
0x0000007102C0AFE4,app_tbgameset
0x0000007102C0AFE8,app_tbplayerset
0x0000007102C0AFEC,app_tbaiset
0x0000007102C0AFF0,app_tbdrawset
0x0000007102C0AFF4,ENGINETIMEBAR
0x0000007102C0AFF8,do_multiframe_update
0x0000007102C0AFFC,MainFrameCounters
0x0000007102C0B004,PickupFlickerFrame
0x0000007102C0B030,ManualTurnAvailable
0x0000007102C0B034,VehiclePickupsToPanel
0x0000007102C0B038,Vehicles_WheelYLimits_Up
0x0000007102C0B03C,Vehicles_WheelYLimits_Down
0x0000007102C0B040,Vehicles_NarrowSockButtonSpeedup
0x0000007102C0B044,GAMEPAD_WHEELIE
0x0000007102C0B078,BYOA_UseMiniCutLevels
0x0000007102C0B07C,next_level
0x0000007102C0B080,builder_scene
0x0000007102C0B088,builderweapon_scene
0x0000007102C0B090,builder_scene_terrain
0x0000007102C0B0FC,MiniCutCam
0x0000007102C0B100,CAMERA_IN_TAGHINT_MODE
0x0000007102C0B108,MoveGameCam_WobbleFn
0x0000007102C0B110,LOOK_AT_BOTH
0x0000007102C0B114,PlayerVehicleDeathCamTimer
0x0000007102C0B11C,kMiniCutForceFinishTimer
0x0000007102C0B148,CHOOSEROFF
0x0000007102C0B14C,NOWORLDMAP
0x0000007102C0B150,NOCUSTOMISER
0x0000007102C0B154,USEOLDVEHICLES
0x0000007102C0B158,g_PakFileOptions
0x0000007102C0B188,CanUseAbilityFn
0x0000007102C0B190,CharacterCollection_WithCats
0x0000007102C0B1C8,VehicleCollection
0x0000007102C0B200,MiniKitCollection
0x0000007102C0B238,ShopCollection
0x0000007102C0B270,InGameSelectCollection
0x0000007102C0B2A8,PolyjuiceSelectCollection_Y2Potions
0x0000007102C0B2E0,PolyjuiceSelectCollection_Super
0x0000007102C0B318,PolyjuiceSelectCollection_Dig
0x0000007102C0B350,DrivingVehicleCollection
0x0000007102C0B388,FloatingVehicleCollection
0x0000007102C0B3C0,FlyingVehicleCollection
0x0000007102C0B3F8,HubFlyingVehicleCollection
0x0000007102C0B430,g_pCollectionIDList
0x0000007102C0B438,id_DEFAULTCHARACTER
0x0000007102C0B460,makeplayerlist_freeplay
0x0000007102C0B468,g_overrideDefaultCamGCData
0x0000007102C0B470,g_overrideDefaultCamName
0x0000007102C0B478,rotorder
0x0000007102C0B4A4,g_testBringInModeDist
0x0000007102C0B4A8,g_testAllocCollisionAfterManualDist
0x0000007102C0B4AC,g_testCloseDistanceCamMoveWithPlayer
0x0000007102C0B4B0,g_testCloseDistanceCamMoveWithPlayerScale
0x0000007102C0B4B4,g_testBringInModeSnapRecoverDist
0x0000007102C0B4B8,g_testBringInModeSnapRecoverRadius
0x0000007102C0B4BC,g_forcedOutOfManualPanModeScaleSpeed
0x0000007102C0B4C0,gdv_fMaxDistBeforeSnap
0x0000007102C0B4C4,gdv_fMaxMoveBeforeSnap
0x0000007102C0B4C8,gdv_fReCenterSpeed
0x0000007102C0B4CC,gdv_fMinTempZoom
0x0000007102C0B4D0,gdv_fNearClipOverride
0x0000007102C0B4D4,gdv_fSmallCollisionDiscardGizmoSize
0x0000007102C0B4D8,gdv_fSmallCollisionDiscardSize
0x0000007102C0B4DC,gdv_fSmallCollisionDiscardDist
0x0000007102C0B4E0,gdv_fCamUnembedRadius
0x0000007102C0B4E4,gdv_fCamProxReset
0x0000007102C0B4E8,gdv_fCamProxReset2
0x0000007102C0B4EC,gdv_fCamProxReset2Speed
0x0000007102C0B4F0,gdv_fCamProxReset3Speed
0x0000007102C0B4F4,gdv_fCamProxRetreat
0x0000007102C0B4F8,gdv_fCamProxRetreat2
0x0000007102C0B4FC,gdv_fCamProxRetreatMul
0x0000007102C0B500,gdv_fGameCamPosSeekScale
0x0000007102C0B504,gdv_fGameCamAngSeekScale
0x0000007102C0B508,gdv_fGameCamPosVehicleSeekScale
0x0000007102C0B50C,gdv_fGameCamAngVehicleSeekScale
0x0000007102C0B510,gChaseCamera
0x0000007102C120B0,gChaseCameraDefaultUpdateVelocity
0x0000007102C12140,gChaseCameraDefaultUpdateTarget
0x0000007102C12160,_ZN11ChaseCamera15s_isInitialisedE
0x0000007102C12161,g_CanUse3rdPersonCam
0x0000007102C12162,g_IgnoreSocks
0x0000007102C12228,Trailer
0x0000007102C12230,ExtraModelList_Game
0x0000007102C12260,g_gamePtr
0x0000007102C12268,prodcode
0x0000007102C12278,StandardAlterEgoDuration
0x0000007102C1227C,ColdLevel
0x0000007102C1227D,MAGICHUD
0x0000007102C1227E,MAGICICONS
0x0000007102C1227F,WANDFLOURISH
0x0000007102C12280,WANDSHOOTTAP
0x0000007102C12281,WANDSHOOTTARGET
0x0000007102C12282,SIMPLETARGETING
0x0000007102C12283,TAGONRELEASE
0x0000007102C12284,LOSECOINSWHENDAMAGED
0x0000007102C12285,AREACOLLECTION
0x0000007102C12288,TempOptions
0x0000007102C122B0,Game_PoliceStationGoldBrickSave
0x0000007102C122B8,Game_ExtraGoldBrickSave
0x0000007102C122C0,scriptOtherMusic
0x0000007102C122C4,audio_play_action_music_timer
0x0000007102C122C8,scriptActionMusic
0x0000007102C122D0,NewGameDefaultStateExtraFn
0x0000007102C122D8,checkresetbits_keepmessages
0x0000007102C122DC,makebaddiesforgetinresetbits
0x0000007102C122E0,reset_restart
0x0000007102C122E4,reset_reimport
0x0000007102C122E8,moving_kill_parts_mom
0x0000007102C12344,tieonsfxwait
0x0000007102C12348,tieoffsfxwait
0x0000007102C1234C,TESTAMMO
0x0000007102C12350,done_keeponscreen
0x0000007102C12354,g_killPartyTakeOverObj
0x0000007102C12355,createkillparts_nosfx
0x0000007102C14E08,party_under_cover
0x0000007102C14E0C,party_cant_be_under_cover
0x0000007102C14E10,party_follow_offsets
0x0000007102C14E60,ai_fighting
0x0000007102C14E68,Decoy_PlacedFn
0x0000007102C14E70,WALKSTEALTH
0x0000007102C14E78,alert_obj
0x0000007102C14E80,alert_pos
0x0000007102C14E8C,alert_timer
0x0000007102C14E90,cower_alert_obj
0x0000007102C14E98,cower_alert_pos
0x0000007102C14EA4,cower_alert_timer
0x0000007102C14EA8,nbaddies_can_see_players
0x0000007102C14EAC,nbaddies_can_see_player1
0x0000007102C14EB0,nbaddies_can_see_player2
0x0000007102C14EC0,aicreature_sets_alive
0x0000007102C14EE0,debug_ignore_players
0x0000007102C14EE8,lastPlayer1
0x0000007102C14EF0,lastPlayer2
0x0000007102C14EF8,lastPlayer1phys
0x0000007102C14F00,lastPlayer2phys
0x0000007102C14F48,allow_fighting_in_minicut
0x0000007102C14F50,HeadIcon
0x0000007102C14F60,lego_aiactiondefs
0x0000007102C16D30,DrawPanelExtraFn
0x0000007102C16D38,g_pHUBSuperCounterRender
0x0000007102C16D40,g_pHUBContentUnlocked
0x0000007102C16D48,_ZN9GamePanel21s_suppressPanelTickerE
0x0000007102C16D50,DrawDropInTxt
0x0000007102C16D60,DrawDropInX
0x0000007102C16D68,DrawDropInY
0x0000007102C16D70,DrawDropInAlign
0x0000007102C16D78,DrawDropInWidth
0x0000007102C16D80,DrawDropInNumLines
0x0000007102C16D88,DrawDropInA
0x0000007102C16D90,TESTPLAYERSTATS
0x0000007102C16F18,statusCamPos
0x0000007102C16F28,status_scene
0x0000007102C17C10,aimsg_IsHubSuperkitComplete
0x0000007102C17C18,aimsg_ActiveSelectAreaEpisode
0x0000007102C17C20,hub_selectmode
0x0000007102C17C24,hub_bonusmode
0x0000007102C17C28,hub_freeplaysource
0x0000007102C17C2C,hub_bonusepisode
0x0000007102C17C30,hub_newgoldbricks
0x0000007102C17C34,Hub_HologramAlpha
0x0000007102C17C38,Hub_HologramTargetAlpha
0x0000007102C17C3C,hub_forceshopsave
0x0000007102C17C40,Hub_PreventDropOutTime
0x0000007102C17C44,no_crawl_episode_heading
0x0000007102C17C48,hub_buildit
0x0000007102C17C4C,hub_buildit_time
0x0000007102C17C50,hub_minikitarea
0x0000007102C17C58,hub_minikitviewer_camspl
0x0000007102C17C60,hub_minikitviewer_move
0x0000007102C17C64,hub_minikitviewer_movewait
0x0000007102C17C68,hub_minikitarea_time
0x0000007102C17C6C,hub_minikitarea_opentime
0x0000007102C17C70,minikit_Select
0x0000007102C17C74,cost
0x0000007102C17C78,menu_save_done
0x0000007102C17C7C,just_bought
0x0000007102C17C80,hub_drawminikits_y
0x0000007102C17C88,aimsg_Beam_On
0x0000007102C17C90,aimsg_Crank
0x0000007102C17C98,FindCrank
0x0000007102C17CA0,Crank
0x0000007102C17CA8,hub_door_name
0x0000007102C17CB0,ContinueStoryDoorLock
0x0000007102C17CB4,ShopSys
0x0000007102C17CF0,g_pLevelSelectedCutscene
0x0000007102C17CF8,bonusmodearcade
0x0000007102C17CFC,selectmodemode
0x0000007102C17D00,selectmodetime
0x0000007102C17D04,ArcadeFromCmdLine
0x0000007102C17D08,Arcade_tNEEDTWOPLAYERS
0x0000007102C17D10,Arcade_AData
0x0000007102C17D18,Hub_TrueHeroY
0x0000007102C17D20,dummyCharData
0x0000007102C17D50,next_hub_unlockepisodes
0x0000007102C17D54,Hub_ModelList
0x0000007102C17DC8,TTBATIDENT_LDATA
0x0000007102C17DD0,LevAlpha
0x0000007102C17DE0,LevMtx
0x0000007102C17E60,MiscTime
0x0000007102C17E64,LevSfxFlag
0x0000007102C17E78,LevInstAnim
0x0000007102C17E98,LevHSpecial
0x0000007102C18418,LevHSpecialExists
0x0000007102C18420,LevAIMessage
0x0000007102C18460,LevGamePart
0x0000007102C184A0,LevCharCounter
0x0000007102C184B0,LevelCodeSpline
0x0000007102C184F0,LevelLocator
0x0000007102C18530,LevPlatID
0x0000007102C18538,LevSfxId
0x0000007102C18548,LevBuildIt
0x0000007102C18568,LevGizmo
0x0000007102C185C8,LevGizObst
0x0000007102C18668,LevGizPanel
0x0000007102C18670,LevCrainController
0x0000007102C18678,LevSoundHandle
0x0000007102C186C8,BigPartyFn
0x0000007102C186D0,sfxlockbits
0x0000007102C186D4,FreePlayModelCount
0x0000007102C186D8,FreePlayResidentCount
0x0000007102C186DC,FreePlayBonusCount
0x0000007102C186E0,FreePlayPartySize
0x0000007102C186E4,FreePlayModelList
0x0000007102C18A08,TitlesAlpha
0x0000007102C18A0C,LevDeaths
0x0000007102C18A10,LevelChangesInArea
0x0000007102C18A14,drawingpressstart
0x0000007102C18A18,area_characterbufferoverflow
0x0000007102C18A20,g_areaSceneHndl
0x0000007102C18A28,area_characterresources
0x0000007102C18A40,DEFAULT_TERTOL
0x0000007102C18A44,g_bAutoStartLevelAfterLoad
0x0000007102C18A48,LevelConfigKeywords_AfterLoad
0x0000007102C18A58,coinCreditsTally
0x0000007102C18AC4,MenuSetColoursDone
0x0000007102C18AC8,new_level_from_menu
0x0000007102C18ACC,from_save_and_exit
0x0000007102C18AD0,save_go_through_door
0x0000007102C18AD8,isLegoExclusiveDemo
0x0000007102C18AD9,g_ForceReturnLevelAsTitles
0x0000007102C18ADC,memtest_done
0x0000007102C18AE0,loadsave_iSlot
0x0000007102C18AE4,MENUEXITB
0x0000007102C18AE5,MENULOSTB1
0x0000007102C18AE6,MENULOSTB2
0x0000007102C18AE8,MINIKIT_QUESTIONTEXT
0x0000007102C18AEC,MINIKIT_COSTTEXT
0x0000007102C18AF0,newgame_menudrawoff
0x0000007102C18AF4,newgamealpha
0x0000007102C18AF8,newgamefade
0x0000007102C18AFC,startnewgame_initiated
0x0000007102C18B00,startnewgame
0x0000007102C18B04,g_menuContentUnlocked
0x0000007102C18B78,g_punchStreakScale
0x0000007102C18B7C,g_punchStreakTime
0x0000007102C18B80,g_dieAirStreakWidth
0x0000007102C18B84,g_dieAirStreakTime
0x0000007102C18B88,sabrerubwait
0x0000007102C18B8C,testlaser_type
0x0000007102C18B90,save
0x0000007102C18B98,LEGO_SET_SLOWDOWNFN
0x0000007102C18BA0,ContextStunned_CanUseDefaultMom
0x0000007102C18BA4,First_Anim_In_Combo
0x0000007102C18BA8,Easy_Combos
0x0000007102C18BB0,StreakTab
0x0000007102C18D18,VehicleAreaRememberSpeed
0x0000007102C18D1C,got_paddle
0x0000007102C18D20,test_hoverheight
0x0000007102C18D24,Combo_DrawStreaks
0x0000007102C18D28,_ZN24HitWallCollisionListener23yNormSinAngleTolleranceE
0x0000007102C18D2C,_ZN24HitWallCollisionListener28facingWallSufficientlyMinDotE
0x0000007102C18D58,NETCRASH
0x0000007102C18D5C,netcamera
0x0000007102C18D60,Net_CLoaded
0x0000007102C19160,NetFreePlayModelList
0x0000007102C19484,net_recievedFreePlayList
0x0000007102C19485,net_FreePlayModelCount
0x0000007102C19488,LevelHackData
0x0000007102C19490,OldLevelHackData
0x0000007102C19498,LevelHackSize
0x0000007102C1949C,LevelHackSendTimer
0x0000007102C194C8,g_TheSaveManager
0x0000007102C19520,global_object_sys
0x0000007102C19740,AreaFileOverrideString
0x0000007102C19780,VARIPTR_DUMMY
0x0000007102C19788,perm_characterresources
0x0000007102C197A0,LoadPerm_StringsLoaded
0x0000007102C197D0,theStartupScreens
0x0000007102C197D8,_ZN14StartupScreens18NewStartupStageSetE
0x0000007102C19828,_ZN13LegoFadeAddOn8s_hashIdE
0x0000007102C19854,_ZN23BlendObstacleSpeedAddOn8s_hashIdE
0x0000007102C198A8,_ZN21ExpandingPushOutAddOn8s_hashIdE
0x0000007102C198D4,_ZN23CylinderConstraintAddOn8s_hashIdE
0x0000007102C19950,_ZN23MechFlowObjectGlowAddOn8s_hashIdE
0x0000007102C19954,_ZN23MechFlowObjectGlowAddOn20s_lastFrameEvaluatedE
0x0000007102C19980,_ZN11SatNavAddOn21s_AddOnHashedTypeNameE
0x0000007102C19984,s_fStudDrawDistance
0x0000007102C19988,s_fStudDrawFrequency
0x0000007102C1998C,s_fStudStartRenderOffsetDist
0x0000007102C19990,s_fStudRenderOffsetHeight
0x0000007102C19994,s_fStudStartRenderFadeDist
0x0000007102C19998,s_fStudEndRenderFadeDist
0x0000007102C1999C,s_fPulseStartOffsetDist
0x0000007102C199A0,s_fPulseSpeed
0x0000007102C199A4,s_fPulseWidth
0x0000007102C199A8,s_fPulseMinAlpha
0x0000007102C199AC,s_fStudCollectRadius
0x0000007102C199B0,s_fFadeOutTime
0x0000007102C199B4,s_fFadeInTime
0x0000007102C199B8,s_fPathLostDistance
0x0000007102C199BC,s_fPathLostDistanceTime
0x0000007102C199C0,s_fTargetMovedMinRefreshTime
0x0000007102C199C4,s_fTargetMovedMaxRefreshTime
0x0000007102C199C8,s_fTargetMovedDistanceRange
0x0000007102C199CC,s_fTargetMovedLostDistance
0x0000007102C199D0,s_fStartAndEndLinkTestRadii
0x0000007102C199D4,s_fTargetArrivedDistance
0x0000007102C199D8,s_fTargetArrivedVerticalDistance
0x0000007102C199DC,_ZN12SatNavSystem20s_ClearOnArrivalHashE
0x0000007102C199E0,_ZN12SatNavSystem20s_HideGhostStudsHashE
0x0000007102C199E8,_ZN11SatNavAddOn20PathCalculatingEventE
0x0000007102C19A10,_ZN11SatNavAddOn19PathCalculatedEventE
0x0000007102C19A38,_ZN11SatNavAddOn17PathInactiveEventE
0x0000007102C19A60,_ZN11SatNavAddOn15PathFailedEventE
0x0000007102C19A88,_ZN11SatNavAddOn23DestinationReachedEventE
0x0000007102C19AB0,_ZN20ClassManagerAccessorI12SatNavSystemE10MANAGER_IDE
0x0000007102C19AB8,_ZGVN20ClassManagerAccessorI12SatNavSystemE10MANAGER_IDE
0x0000007102C19B28,_ZN22BlowUpToObstacleDriver6HashIdE
0x0000007102C19B54,_ZN16BalanceBeamAddOn8s_typeIDE
0x0000007102C19B80,_ZN12JetPackAddOn17s_hashedAddonNameE
0x0000007102C19BC8,_ZN12SkyDiveAddon16s_parametersSetsE
0x0000007102C1B298,_ZN12SkyDiveAddon18s_maxParametersSetE
0x0000007102C1B2A0,_ZN12SkyDiveAddon24s_currentStateParametersE
0x0000007102C1B2B0,_ZN12SkyDiveAddon17s_constantMoveVecE
0x0000007102C1B2D0,_ZN12SkyDiveAddon20s_contantMoveEnabledE
0x0000007102C1B2D2,_ZN12SkyDiveAddon20s_isPlayer1SkydivingE
0x0000007102C1B2D4,_ZN12SkyDiveAddon5PFX_1E
0x0000007102C1B2D6,_ZN12SkyDiveAddon5PFX_2E
0x0000007102C1B2D8,_ZN12SkyDiveAddon18m_bEnableWindSoundE
0x0000007102C1B2DC,_ZN12SkyDiveAddon17s_HashedAddonNameE
0x0000007102C1B308,_ZN23GizmoProgressMeterAddon8s_hashIdE
0x0000007102C1B334,_ZN12CamTiltAddon6HashIdE
0x0000007102C1B368,_ZN12GameFrontend31m_StreamingRestartFrontendEventE
0x0000007102C1B3B8,_ZN22LegoContextHandlerBaseI28MechContextRemoteZorbHandlerE19m_contextInstanceIdE
0x0000007102C1B40C,ps2video_ignore_frameout
0x0000007102C1B410,ps2video_novsync
0x0000007102C1B414,PS3LicenseArea
0x0000007102C1B418,app_path
0x0000007102C1B498,used_path
0x0000007102C1B49C,SUPERBUFFERSIZE
0x0000007102C1B5B8,_ZN16FrontendSaveData31sShowCreditsCheckpointCompletedE
0x0000007102C1B5C0,_ZN16FrontendSaveData27FrontendSaveDataLoadedEventE
0x0000007102C1B610,_ZN26LegoFlowInterface_Cutscene7m_ClassE
0x0000007102C1B618,theLegoFlowInterface_CutsceneHelper
0x0000007102C1B648,_ZN23LegoFlowInterface_Level7m_ClassE
0x0000007102C1B650,theLegoFlowInterface_LevelHelper
0x0000007102C1B720,_ZN25LegoCutsceneAudioInstance12sSfxBusFaderE
0x0000007102C1B750,CutScene_RigidReflectFn
0x0000007102C1B758,_ZN31CutscenePlayerItemRigidCallback12m_configDataE
0x0000007102C1B770,_ZN27CutsceneCustomRigidCallback12m_configDataE
0x0000007102C1B7B0,_ZN13LegoElectrics19m_faceOpponentOnZapE
0x0000007102C1B7B1,_ZN13LegoElectrics20m_zapDestroysBlowUpsE
0x0000007102C1B7B4,_ZN20ClassManagerAccessorI13LegoElectricsE10MANAGER_IDE
0x0000007102C1B7B8,_ZGVN20ClassManagerAccessorI13LegoElectricsE10MANAGER_IDE
0x0000007102C1B7E8,_ZN20ClassManagerAccessorI14LegoLevelThingE10MANAGER_IDE
0x0000007102C1B7EC,_ZN20ClassManagerAccessorI22LegoProcessBeforeLevelE10MANAGER_IDE
0x0000007102C1B7F0,_ZN20ClassManagerAccessorI21LegoProcessAfterLevelE10MANAGER_IDE
0x0000007102C1B7F8,_ZGVN20ClassManagerAccessorI14LegoLevelThingE10MANAGER_IDE
0x0000007102C1B800,_ZGVN20ClassManagerAccessorI22LegoProcessBeforeLevelE10MANAGER_IDE
0x0000007102C1B808,_ZGVN20ClassManagerAccessorI21LegoProcessAfterLevelE10MANAGER_IDE
0x0000007102C1B838,_ZN33CharAnimTriggerItemTypeDataHelper21m_itemTypeTriggerTypeE
0x0000007102C1B840,_ZN9SingletonI33CharAnimTriggerItemTypeDataHelperE9mInstanceE
0x0000007102C1B848,_ZN9SingletonI34LegoAnimTriggerScaleItemDataHelperE9mInstanceE
0x0000007102C1B850,_ZN9SingletonI37LegoAnimTriggerItemModifierDataHelperE9mInstanceE
0x0000007102C1B858,_ZN9SingletonI41LegoAnimTriggerItemTypeModifierDataHelperE9mInstanceE
0x0000007102C1B860,_ZN9SingletonI36LegoAnimTriggerItemLocatorDataHelperE9mInstanceE
0x0000007102C1B8E0,_ZN22LegoContextHandlerBaseI25LegoSpellItContextHandlerE19m_contextInstanceIdE
0x0000007102C1B960,theGizFlowObjectHelper
0x0000007102C1B990,theGizFlowRandomHelper
0x0000007102C1B9C0,theGizFlowTargetHelper
0x0000007102C1B9F0,theGizFlowTimerHelper
0x0000007102C1BAA0,_ZN22DynamicMaterialManager12m_pSingletonE
0x0000007102C1BAD0,_ZN19HiresTextureManager12m_oSingletonE
0x0000007102C1BBD8,TEXTCRAWL_ENABLED
0x0000007102C1BBDC,tNULL
0x0000007102C1BBDE,tUNKNOWN
0x0000007102C1BBE0,tENGLISH
0x0000007102C1BBE2,tFRENCH
0x0000007102C1BBE4,tGERMAN
0x0000007102C1BBE6,tITALIAN
0x0000007102C1BBE8,tSPANISH
0x0000007102C1BBEA,tDANISH
0x0000007102C1BBEC,tDUTCH
0x0000007102C1BBEE,tGAMENAME
0x0000007102C1BBF0,tTRUEHERO
0x0000007102C1BBF2,tTRUEVILLAIN
0x0000007102C1BBF4,tMISSIONCOMPLETE
0x0000007102C1BBF6,tSKIP
0x0000007102C1BBF8,tVSYNC
0x0000007102C1BBFA,tHACKING
0x0000007102C1BBFC,tACTIVATING
0x0000007102C1BBFE,tCHALLENGECOMPLETE
0x0000007102C1BC00,tOUTOFTIME
0x0000007102C1BC02,tMAP
0x0000007102C1BC04,tEXITTOMAP
0x0000007102C1BC06,tEXITWITHOUTSAVING
0x0000007102C1BC08,tCONTINUESTORY
0x0000007102C1BC0A,tLOCKED
0x0000007102C1BC0C,tCHARACTERS
0x0000007102C1BC0E,tCHAPTER
0x0000007102C1BC10,tBONUSUNLOCKED
0x0000007102C1BC12,tBESTTIME
0x0000007102C1BC14,tHIGHSCORE
0x0000007102C1BC16,tNEWBESTTIME
0x0000007102C1BC18,tNEWHIGHSCORE
0x0000007102C1BC1A,tSUPERSTORY
0x0000007102C1BC1C,tCHARACTERBONUS
0x0000007102C1BC1E,tVEHICLEBONUS
0x0000007102C1BC20,tLEVELCOMPLETE
0x0000007102C1BC22,tFREEPLAYUNLOCKED
0x0000007102C1BC24,tSUPERSTORYUNLOCKED
0x0000007102C1BC26,tNONEWBESTTIME
0x0000007102C1BC28,tNONEWHIGHSCORE
0x0000007102C1BC2A,tSUPERSTORYCOMPLETE
0x0000007102C1BC2C,tALLMINIKITSBUILT
0x0000007102C1BC2E,tFINISHSTORY
0x0000007102C1BC30,tUNLOCKED
0x0000007102C1BC32,tPOWERBRICK
0x0000007102C1BC34,tHEROPOWERBRICK
0x0000007102C1BC36,tVILLAINPOWERBRICK
0x0000007102C1BC38,tSWAP
0x0000007102C1BC3A,tSAVEANDEXIT
0x0000007102C1BC3C,tRANDOM
0x0000007102C1BC3E,tWINNER
0x0000007102C1BC40,tCONFIRM
0x0000007102C1BC42,tAVAILABLETOBUY
0x0000007102C1BC44,tUNLOCK
0x0000007102C1BC46,tCHALLENGE
0x0000007102C1BC48,tBONUSLEVELS
0x0000007102C1BC4A,tBOUNTY
0x0000007102C1BC4C,tGOLDBRICK
0x0000007102C1BC4E,tGOLDBRICKS
0x0000007102C1BC50,tEDITNAME
0x0000007102C1BC52,tUSEEDITNAME
0x0000007102C1BC54,tUSEAUTONAME
0x0000007102C1BC56,tFINALCHAPTERLOCKED
0x0000007102C1BC58,tNEXTCHAPTERLOCKED
0x0000007102C1BC5A,tGAMEPROGRESSWILLBELOST
0x0000007102C1BC5C,tPLAYERSCORESWILLBELOST
0x0000007102C1BC5E,tALLCHARACTERS
0x0000007102C1BC60,tJEDICHARACTERS
0x0000007102C1BC62,tBLASTERCHARACTERS
0x0000007102C1BC64,tBOUNTYHUNTERCHARACTERS
0x0000007102C1BC66,tARCADEMODE_DUEL
0x0000007102C1BC68,tARCADEMODE_BATTLE
0x0000007102C1BC6A,tARCADEMODE_COLLECT
0x0000007102C1BC6C,tARCADE_NAME
0x0000007102C1BC6E,tARCADE_NAME_SHORT
0x0000007102C1BC70,tARCADE_NEEDTWOPLAYERS
0x0000007102C1BC72,tARCADE_LEVELLOCKED
0x0000007102C1BC74,tARCADE_NOTENOUGHCHARACTERS
0x0000007102C1BC76,tARCADE_RESETSCORES
0x0000007102C1BC78,tARCADE_OPPONENTWIN
0x0000007102C1BC7A,tARCADE_NOWIN
0x0000007102C1BC7C,tALL
0x0000007102C1BC7E,tBLASTER
0x0000007102C1BC80,tMODE
0x0000007102C1BC82,tBONUS2
0x0000007102C1BC84,tTRAILERS2
0x0000007102C1BC86,tATTRACTSEQUENCE
0x0000007102C1BC88,tTHRILLVILLE
0x0000007102C1BC8A,tREVERSEUPDOWN
0x0000007102C1BC8C,tTARGET
0x0000007102C1BC8E,tPOINTS
0x0000007102C1BC90,tSTOREPROGRESSANDEXIT
0x0000007102C1BC92,tSTORYCLIPS
0x0000007102C1BC94,tCLIPi
0x0000007102C1BC96,tINTRO
0x0000007102C1BC98,tMIDTRO
0x0000007102C1BC9A,tOUTRO
0x0000007102C1BC9C,tENDING
0x0000007102C1BC9E,tCHAPTERINTRO
0x0000007102C1BCA0,tCHAPTEROUTRO
0x0000007102C1BCA2,tCURRENTGAME
0x0000007102C1BCA4,tGAME
0x0000007102C1BCA6,tNEWGAME
0x0000007102C1BCA8,tDEMO
0x0000007102C1BCAA,tBONUS
0x0000007102C1BCAC,tEXTRA
0x0000007102C1BCAE,tPAUSED
0x0000007102C1BCB0,tRESUME
0x0000007102C1BCB2,tRESTART
0x0000007102C1BCB4,tRESTARTLEVEL
0x0000007102C1BCB6,tEXIT
0x0000007102C1BCB8,tEXITLEVEL
0x0000007102C1BCBA,tQUITGAME
0x0000007102C1BCBC,tOPTIONS
0x0000007102C1BCBE,tFINISH
0x0000007102C1BCC0,tCONTINUE
0x0000007102C1BCC2,tRETRY
0x0000007102C1BCC4,tQUIT
0x0000007102C1BCC6,tYES
0x0000007102C1BCC8,tREADY
0x0000007102C1BCCA,tGO
0x0000007102C1BCCC,tWIN
0x0000007102C1BCCE,tNO
0x0000007102C1BCD0,tON
0x0000007102C1BCD2,tOFF
0x0000007102C1BCD4,tDONE
0x0000007102C1BCD6,tACCEPT
0x0000007102C1BCD8,tSELECT
0x0000007102C1BCDA,tBACK
0x0000007102C1BCDC,tCANCEL
0x0000007102C1BCDE,tPLAYER1
0x0000007102C1BCE0,tPLAYER2
0x0000007102C1BCE2,tDROPOUT
0x0000007102C1BCE4,tDROPOUTOFGAME
0x0000007102C1BCE6,tSTORY
0x0000007102C1BCE8,tFREEPLAY
0x0000007102C1BCEA,tLANDINGSHIP
0x0000007102C1BCEC,tCHARVIEWER
0x0000007102C1BCEE,tVIEWCAM
0x0000007102C1BCF0,tREPLAYSTORY
0x0000007102C1BCF2,tCHANGE
0x0000007102C1BCF4,tPLAY
0x0000007102C1BCF6,tBUY
0x0000007102C1BCF8,tOK
0x0000007102C1BCFA,tSUPERKITPIECE
0x0000007102C1BCFC,tMINIKIT
0x0000007102C1BCFE,tHEROSUPERKIT
0x0000007102C1BD00,tVILLAINSUPERKIT
0x0000007102C1BD02,tCOINTOTAL
0x0000007102C1BD04,tSTUDS
0x0000007102C1BD06,tLEVEL
0x0000007102C1BD08,tCOMPLETE
0x0000007102C1BD0A,tTIME
0x0000007102C1BD0C,tTOOSLOW
0x0000007102C1BD0E,tRESTARTDEMO
0x0000007102C1BD10,tRESTARTDEMO2
0x0000007102C1BD12,tLOAD
0x0000007102C1BD14,tSAVE
0x0000007102C1BD16,tLOADGAME
0x0000007102C1BD18,tSAVEGAME
0x0000007102C1BD1A,tHINTS
0x0000007102C1BD1C,tENTERCODE
0x0000007102C1BD1E,tEXTRAS
0x0000007102C1BD20,tALLLEVELPROGRESSWILLBELOST
0x0000007102C1BD22,tALLSUPERSTORYPROGRESSWILLBELOST
0x0000007102C1BD24,tAUDIOVOLUME
0x0000007102C1BD26,tAUDIO
0x0000007102C1BD28,tWIDESCREEN
0x0000007102C1BD2A,tVIBRATION
0x0000007102C1BD2C,tSURROUNDSOUND
0x0000007102C1BD2E,tSOUNDVOLUME
0x0000007102C1BD30,tSOUND
0x0000007102C1BD32,tMUSICVOLUME
0x0000007102C1BD34,tMUSIC
0x0000007102C1BD36,tSTEREO
0x0000007102C1BD38,tMONO
0x0000007102C1BD3A,tADJUSTSCREEN
0x0000007102C1BD3C,tHORIZONTAL
0x0000007102C1BD3E,tVERTICAL
0x0000007102C1BD40,tDROPIN_INSERTCONTROLLER
0x0000007102C1BD42,tDROPIN_ASSIGNCONTROLLER
0x0000007102C1BD44,tDROPIN_PRESSSTART
0x0000007102C1BD46,tPRESSSTART
0x0000007102C1BD48,tBUYKIT
0x0000007102C1BD4A,tPIECESCANSTILLBEFOUND
0x0000007102C1BD4C,tDOUBLESCOREZONE
0x0000007102C1BD4E,tCHEAT_EXTRATOGGLE
0x0000007102C1BD50,tCHEAT_DISGUISE
0x0000007102C1BD52,tCHEAT_SUPERBLASTERS
0x0000007102C1BD54,tCHEAT_FASTMAGIC
0x0000007102C1BD56,tCHEAT_INVINCIBILITY
0x0000007102C1BD58,tCHEAT_X2
0x0000007102C1BD5A,tCHEAT_FASTBUILD
0x0000007102C1BD5C,tCHEAT_X4
0x0000007102C1BD5E,tCHEAT_REGENERATE
0x0000007102C1BD60,tCHEAT_MINIKITDETECTOR
0x0000007102C1BD62,tCHEAT_X6
0x0000007102C1BD64,tCHEAT_SUPERZAPPER
0x0000007102C1BD66,tCHEAT_ROCKETS
0x0000007102C1BD68,tCHEAT_X8
0x0000007102C1BD6A,tCHEAT_X10
0x0000007102C1BD6C,tCHEAT_ADAPTIVEDIFFICULTY
0x0000007102C1BD6E,tCHEAT_SILHOUETTES
0x0000007102C1BD70,tCHEAT_SONAR_360
0x0000007102C1BD72,tCHEAT_DETONATORX6
0x0000007102C1BD74,tCHEAT_GLIDESLAM
0x0000007102C1BD76,tCHEAT_MAGNETMOVE
0x0000007102C1BD78,tCHEAT_MIXERSPEED
0x0000007102C1BD7A,tCHEAT_TECHNODECOY
0x0000007102C1BD7C,tCHEAT_SHARDDETECTOR
0x0000007102C1BD7E,tCHEAT_SONAR_BATS
0x0000007102C1BD80,tCHEAT_FASTGRAPPLE
0x0000007102C1BD82,tCHEAT_ARMOURPLATING
0x0000007102C1BD84,tHERO_HUB
0x0000007102C1BD86,tHERO_EXITTOHUB
0x0000007102C1BD88,tVILLAIN_HUB
0x0000007102C1BD8A,tVILLAIN_EXITTOHUB
0x0000007102C1BD8C,tSELECTED
0x0000007102C1BD8E,tSELECTING
0x0000007102C1BD90,tYOUDIDNTCOLLECTALL10CANISTERS
0x0000007102C1BD92,tEPISODE2UNLOCKED
0x0000007102C1BD94,tEPISODE3UNLOCKED
0x0000007102C1BD96,tBOUNTYHUNTERMISSIONS
0x0000007102C1BD98,tBRIGHTNESS
0x0000007102C1BD9A,tLOADING
0x0000007102C1BD9C,tNOSPACE
0x0000007102C1BD9E,tEMPTY
0x0000007102C1BDA0,tCONFIRMED
0x0000007102C1BDA2,tCOMINGSOON
0x0000007102C1BDA4,tALLSTUDSCOLLECTED
0x0000007102C1BDA6,tALLEXTRASUNLOCKED
0x0000007102C1BDA8,t360_CHOOSESTORAGEDEVICE
0x0000007102C1BDAA,tPOWERUP
0x0000007102C1BDAC,tSTRANGER
0x0000007102C1BDAE,tCONTROLLEROPTIONS
0x0000007102C1BDB0,tCHEAT_PURPLEMAGIC
0x0000007102C1BDB2,tCHEAT_C3POBITS
0x0000007102C1BDB4,tCHEAT_POO
0x0000007102C1BDB6,tCHEAT_USEOLDSAVE
0x0000007102C1BDB8,tCHEAT_USEOLDCHARACTERS
0x0000007102C1BDBA,tCHEAT_DAISYCHAINS
0x0000007102C1BDBC,tCHEAT_TOWDEATHSTAR
0x0000007102C1BDBE,tCHEAT_SELFDESTRUCT
0x0000007102C1BDC0,tCHEAT_INFINITETORPEDOS
0x0000007102C1BDC2,tCHEAT_TRACTORBEAM
0x0000007102C1BDC4,tCHEAT_SUPEREWOKCATAPULT
0x0000007102C1BDC6,tCHEAT_SUPERGONK
0x0000007102C1BDC8,tCHEAT_BEEPBEEP
0x0000007102C1BDCA,tCHEAT_COINMAGNET
0x0000007102C1BDCC,tCHEAT_POOMONEY
0x0000007102C1BDCE,tCHEAT_POWERBRICKDETECTOR
0x0000007102C1BDD0,tCHEAT_SUPERSLAP
0x0000007102C1BDD2,tCHEAT_DEFLECTBOLTS
0x0000007102C1BDD4,tCHEAT_MAGIC_ZIPUP
0x0000007102C1BDD6,tCHEAT_SUPERTHERMALDETONATOR
0x0000007102C1BDD8,tCHEAT_DISARMTROOPERS
0x0000007102C1BDDA,tCHEAT_EXPLODINGBLASTERBOLTS
0x0000007102C1BDDC,tCHEAT_VEHICLESMARTBOMB
0x0000007102C1BDDE,tCHEAT_WALKIETALKIEDISABLE
0x0000007102C1BDE0,tCHEAT_PERFECTDEFLECT
0x0000007102C1BDE2,tCHEAT_MAGIC_PULL
0x0000007102C1BDE4,tCHEAT_SUPERASTROMECH
0x0000007102C1BDE6,tCHEAT_DARKSIDE
0x0000007102C1BDE8,tCHEAT_SUPERJEDISLAM
0x0000007102C1BDEA,tCHEAT_CHARACTERSTUDS
0x0000007102C1BDEC,tCHEAT_FASTDIG
0x0000007102C1BDEE,tCHEAT_FASTFIX
0x0000007102C1BDF0,tCHEAT_SONAR_DISABLE
0x0000007102C1BDF2,tCHEAT_ICERINK
0x0000007102C1BDF4,tCHEAT_HIT_BUBBLES
0x0000007102C1BDF6,tCHEAT_INSTANTCABLEZAP
0x0000007102C1BDF8,tCHEAT_SUPERFREEZE
0x0000007102C1BDFA,tCHEAT_IMMUNETOFREEZE
0x0000007102C1BDFC,tCHEAT_EXTRAHEARTS
0x0000007102C1BDFE,tCHEAT_ALWAYSSCOREMULTIPLY
0x0000007102C1BE00,tTEST
0x0000007102C1BE02,tCTRL_SETTINGS
0x0000007102C1BE04,tCHANGE_DEV
0x0000007102C1BE06,tWAITING_INPUT
0x0000007102C1BE08,tWAIT_DEV
0x0000007102C1BE0A,tNO_DEV
0x0000007102C1BE0C,tMOVELEFT
0x0000007102C1BE0E,tMOVERIGHT
0x0000007102C1BE10,tMOVEUP
0x0000007102C1BE12,tMOVEDOWN
0x0000007102C1BE14,tTAG
0x0000007102C1BE16,tSPECIAL
0x0000007102C1BE18,tJUMP
0x0000007102C1BE1A,tACTION
0x0000007102C1BE1C,tCHARTOGUP
0x0000007102C1BE1E,tCHARTOGDOWN
0x0000007102C1BE20,tLASTSPELL
0x0000007102C1BE22,tNEXTSPELL
0x0000007102C1BE24,tSTARTPAUSE
0x0000007102C1BE26,tLOOKLEFT
0x0000007102C1BE28,tLOOKRIGHT
0x0000007102C1BE2A,tLOOKUP
0x0000007102C1BE2C,tLOOKDOWN
0x0000007102C1BE2E,tADJDZMS
0x0000007102C1BE30,tEDIT_VALUE
0x0000007102C1BE32,tMENU_OPTION
0x0000007102C1BE34,tESC_CAN
0x0000007102C1BE36,tADJUST_DZ
0x0000007102C1BE38,tADJUST_MS
0x0000007102C1BE3A,tAdjDZ
0x0000007102C1BE3C,tAdjMS
0x0000007102C1BE3E,tENTERADJUST
0x0000007102C1BE40,tCURSORNAV
0x0000007102C1BE42,tJPDEADZONE
0x0000007102C1BE44,tMOUSESENSE
0x0000007102C1BE46,tUP
0x0000007102C1BE48,tRIGHT
0x0000007102C1BE4A,tDOWN
0x0000007102C1BE4C,tLEFT
0x0000007102C1BE4E,tRESETDEFAULTS
0x0000007102C1BE50,tWALK
0x0000007102C1BE52,tRUN
0x0000007102C1BE54,tENABLEMOUSE
0x0000007102C1BE56,tDISABLED
0x0000007102C1BE80,LEGOHINT_CHARFLAG_AND
0x0000007102C1BE84,LEGOHINT_CHARFLAG_NOTHAVE
0x0000007102C1BED8,_ZN11NuBackTrace15m_instanceCountE
0x0000007102C1BEDC,NuSymbolQuery_initialised
0x0000007102C1BEE0,_ZN11NuSerialize29ms_lastFieldConversionOutcomeE
0x0000007102C1BEE8,_ZN11NuSerialize17ms_IFFToFieldTypeE
0x0000007102C1BF00,_ZN3DDS13sm_ddsControlE
0x0000007102C1BF08,g_FieldTypeMap
0x0000007102C1BF28,g_bind_var336
0x0000007102C1BF29,g_bind_var337
0x0000007102C1BF2A,g_bind_var338
0x0000007102C1BF2B,g_bind_var339
0x0000007102C1BF2C,g_bind_var340
0x0000007102C1BF2D,g_bind_var341
0x0000007102C1BF2E,g_bind_var342
0x0000007102C1BF2F,g_bind_var343
0x0000007102C1BF30,g_bind_var344
0x0000007102C1BF31,g_bind_var345
0x0000007102C1BF32,g_bind_var346
0x0000007102C1BF33,g_bind_var348
0x0000007102C1BF34,g_bind_var350
0x0000007102C1BF35,g_bind_var352
0x0000007102C1BF36,g_bind_var354
0x0000007102C1BF37,g_bind_var356
0x0000007102C1BF38,g_bind_var357
0x0000007102C1BF39,g_bind_var358
0x0000007102C1BF3A,g_bind_var359
0x0000007102C1BF3B,g_bind_var360
0x0000007102C1BF3C,g_bind_var361
0x0000007102C1BF3D,g_bind_var362
0x0000007102C1BF3E,g_bind_var363
0x0000007102C1BF3F,g_bind_var364
0x0000007102C1BF40,g_bind_var365
0x0000007102C1BF41,g_bind_var366
0x0000007102C1BF42,g_bind_var367
0x0000007102C1BF43,g_bind_var368
0x0000007102C1BF44,_ZN23NuClassAbstractInstance16ms_instanceCountE
0x0000007102C1C060,_ZN14NuClassManager15m_classRegistryE
0x0000007102C1C0DC,_ZN21AbstractMemoryTracker16ms_creationCountE
0x0000007102C1C0E0,_ZN9NuArchive21ms_currentLEDFileNameE
0x0000007102C1C0E8,decompressedSize
0x0000007102C1C2F8,_ZN11NuPadSystem27ms_NuPadPairingChangedEventE
0x0000007102C1C320,_ZN11NuPadSystem19ms_NuPadSignInEventE
0x0000007102C1C348,_ZN11NuPadSystem20ms_NuPadSignOutEventE
0x0000007102C1C370,_ZN11NuPadSystem27ms_NuPadSignOutWarningEventE
0x0000007102C1C398,_ZN11NuPadSystem28ms_NuPadSignOutRecoveryEventE
0x0000007102C1C3C0,padrec
0x0000007102C1C408,g_nupadScannedPads
0x0000007102C1C418,g_atLeastOnePadBeenActivated
0x0000007102C1C41C,g_nupadMapping
0x0000007102C1C450,_ZN12NUGENERICPAD19m_PadActivatedEventE
0x0000007102C1C480,_ZN12NUGENERICPAD19m_PadConnectedEventE
0x0000007102C1C4A8,PausePlayerStack
0x0000007102C1C4C8,NumPausePlayers
0x0000007102C1C4D0,_ZN11NuSingletonI11NuPadSystemE10m_instanceE
0x0000007102C1C4D8,_ZN22NuPlayerProfileManager20m_SignInChangedEventE
0x0000007102C1C500,_ZN22NuPlayerProfileManager33m_profileManagerAddedGamePadEventE
0x0000007102C1C528,_ZN22NuPlayerProfileManager17ms_systemInstanceE
0x0000007102C1C530,DISABLE_RUMBLE
0x0000007102C1C538,_ZN10NuProfiler12m_memoryPoolE
0x0000007102C1C540,_ZN10NuProfiler13m_theInstanceE
0x0000007102C1C548,g_profileCategory
0x0000007102C1C54C,g_useStartTime
0x0000007102C1C568,IgnoredExtensions
0x0000007102C1C578,_ZZNK6NuTreeIN10NuFileTree11StringIndexEE3EndEvE5itEnd
0x0000007102C1C580,_ZGVZNK6NuTreeIN10NuFileTree11StringIndexEE3EndEvE5itEnd
0x0000007102C1C588,g_nuResourceHandleNull
0x0000007102C1C590,_ZN16NuResourceLoader19m_theResourceLoaderE
0x0000007102C1C5C0,PS2_SCRATCH_BASE
0x0000007102C1C5D0,_ZN14NuSystemEvents16sSystemMenuEventE
0x0000007102C1C5F8,_ZN14NuSystemEvents20sSystemShutdownEventE
0x0000007102C1C620,_ZN14NuSystemEvents23sSystemWindowFocusEventE
0x0000007102C1C648,implode
0x0000007102C21A80,implodeCompressorContext
0x0000007102C22E00,write_byte
0x0000007102C22E08,get_next_block
0x0000007102C22E10,gImplodeInitialised
0x0000007102C242D0,g_numRenderGroups
0x0000007102C242D4,g_numRenderCompounds
0x0000007102C242D8,g_invalidateAllCompounds
0x0000007102C242DC,NuRndrDebBase
0x0000007102C242E8,NuRndrDebRange
0x0000007102C283A8,_ZN17ApiRopeTypeHelper11eRenderModeE
0x0000007102C283B8,_ZN9SingletonI17ApiRopeTypeHelperE9mInstanceE
0x0000007102C283C0,theKeyframeEventPauseHelperPtr
0x0000007102C283C8,theBeamSplineHelperPtr
0x0000007102C283D0,theBeamSplineKnotHelperPtr
0x0000007102C283D8,s_criticalSectionForBeamDescriptors
0x0000007102C283F8,_ZZNK14SplineManagerTI10BeamSplineE14GetManagerNameEvE22initialisedManagerName
0x0000007102C28400,_ZZNK14SplineManagerTI10BeamSplineE14GetManagerNameEvE11managerName
0x0000007102C28450,_ZGVZNK14SplineManagerTI10BeamSplineE14GetManagerNameEvE11managerName
0x0000007102C28458,theCameraHelperPtr
0x0000007102C28460,_ZN20ClassManagerAccessorI13CameraManagerE10MANAGER_IDE
0x0000007102C28468,_ZGVN20ClassManagerAccessorI13CameraManagerE10MANAGER_IDE
0x0000007102C28470,theEdCutsceneCameraHelperPtr
0x0000007102C28478,_ZN20ClassManagerAccessorI23EdCutsceneCameraManagerE10MANAGER_IDE
0x0000007102C28480,_ZGVN20ClassManagerAccessorI23EdCutsceneCameraManagerE10MANAGER_IDE
0x0000007102C28488,_ZN15ParticlesHelper14sEmitterJetRefE
0x0000007102C28490,theParticlesHelperPtr
0x0000007102C28498,_ZN20ClassManagerAccessorI16ParticlesManagerE10MANAGER_IDE
0x0000007102C284A0,_ZGVN20ClassManagerAccessorI16ParticlesManagerE10MANAGER_IDE
0x0000007102C284A8,_ZN18NuFixablePtrHelper18s_ClassRelationMapE
0x0000007102C284B8,g_LogMessageListCleaner
0x0000007102C284D8,theEdSoundLevelConfigHelperPtr
0x0000007102C284E0,cutsceneTime
0x0000007102C284E8,_ZN16PostEffectObject7sHelperE
0x0000007102C284F0,_ZN16PostEffectHelper17mExclusionBoxRefsE
0x0000007102C28518,PostEffectRenderColour
0x0000007102C28590,_ZN20ClassManagerAccessorI17PostEffectManagerE10MANAGER_IDE
0x0000007102C287A8,_ZGVN20ClassManagerAccessorI17PostEffectManagerE10MANAGER_IDE
0x0000007102C287B0,_ZN22ReflectionCapturePoint7sHelperE
0x0000007102C287B8,_ZN14ReflectionZone7sHelperE
0x0000007102C287C8,_ZN15FMVPlayerHelper9mInstanceE
0x0000007102C287D0,_ZN21CutsceneCharDefHelper7mHelperE
0x0000007102C287D8,_ZN20ClassManagerAccessorI15FootNoteManagerE10MANAGER_IDE
0x0000007102C287E0,_ZGVN20ClassManagerAccessorI15FootNoteManagerE10MANAGER_IDE
0x0000007102C287E8,_ZN13CodeScoreCard9s_EnabledE
0x0000007102C287EC,_ZN20ClassManagerAccessorI13CodeScoreCardE10MANAGER_IDE
0x0000007102C287F0,_ZN13CodeScoreCard17s_CriticalSectionE
0x0000007102C28818,_ZGVN20ClassManagerAccessorI13CodeScoreCardE10MANAGER_IDE
0x0000007102C28820,_ZN17ScreenNoteManager17s_CriticalSectionE
0x0000007102C28848,ParsingDataBlock
0x0000007102C28850,ParsingDataBlockCfgLoader
0x0000007102C288F8,spawnPointSelectionTypes
0x0000007102C289D8,theKrawlieAreaKnotHelperPtr
0x0000007102C28A08,theFixedCylinderHelperPtr
0x0000007102C28A10,_ZN20ClassManagerAccessorI20FixedCylinderManagerE10MANAGER_IDE
0x0000007102C28A18,_ZGVN20ClassManagerAccessorI20FixedCylinderManagerE10MANAGER_IDE
0x0000007102C28A70,_ZN20ClassManagerAccessorI22MechLevelInstanceFlagsE10MANAGER_IDE
0x0000007102C28A78,_ZGVN20ClassManagerAccessorI22MechLevelInstanceFlagsE10MANAGER_IDE
0x0000007102C28AA8,_ZN24SplitControlVolumeHelper29s_theSplitControlVolumeHelperE
0x0000007102C28AB0,_ZN20ClassManagerAccessorI24SplitControlVolumeSystemE10MANAGER_IDE
0x0000007102C28AB8,_ZGVN20ClassManagerAccessorI24SplitControlVolumeSystemE10MANAGER_IDE
0x0000007102C28AE8,_ZN16CameraZoneHelper21s_theCameraZoneHelperE
0x0000007102C28AF0,_ZN20ClassManagerAccessorI17CameraZoneManagerE10MANAGER_IDE
0x0000007102C28AF8,_ZGVN20ClassManagerAccessorI17CameraZoneManagerE10MANAGER_IDE
0x0000007102C28B00,_ZN20ClassManagerAccessorI16CameraZoneSystemE10MANAGER_IDE
0x0000007102C28B08,_ZGVN20ClassManagerAccessorI16CameraZoneSystemE10MANAGER_IDE
0x0000007102C28B38,theMechGadgetObstacleTemplateHelper
0x0000007102C28B40,theMechGadgetObstacleInstanceHelper
0x0000007102C28B70,theMechGadgetTriggerAreaTemplateHelper
0x0000007102C28B78,theMechGadgetTriggerAreaInstanceHelper
0x0000007102C28C90,_ZN10NaviSystem19EventMapListCreatedE
0x0000007102C28CB8,_ZN10NaviSystem21EventMapListDestroyedE
0x0000007102C28CE0,_ZN10NaviSystem14EventMapLoadedE
0x0000007102C28D08,_ZN10NaviSystem17EventMapDestroyedE
0x0000007102C28D30,_ZN20ClassManagerAccessorI10NaviSystemE10MANAGER_IDE
0x0000007102C28D38,_ZGVN20ClassManagerAccessorI10NaviSystemE10MANAGER_IDE
0x0000007102C28D40,s_invalidEntryHash
0x0000007102C28D6C,_ZN20ClassManagerAccessorI23MechDecalSpecialManagerE10MANAGER_IDE
0x0000007102C28D70,_ZN20ClassManagerAccessorI22MechDecalSpecialSystemE10MANAGER_IDE
0x0000007102C28D78,_ZGVN20ClassManagerAccessorI22MechDecalSpecialSystemE10MANAGER_IDE
0x0000007102C28D80,_ZGVN20ClassManagerAccessorI23MechDecalSpecialManagerE10MANAGER_IDE
0x0000007102C28DB0,_ZN20ClassManagerAccessorI10MechShapesE10MANAGER_IDE
0x0000007102C28DB8,_ZGVN20ClassManagerAccessorI10MechShapesE10MANAGER_IDE
0x0000007102C28DE8,_ZN20MechShapeArrowHelper8m_helperE
0x0000007102C28E18,_ZN15NuFixablePtrApi13FixupCallbackE
0x0000007102C28E20,_ZN15NuFixablePtrApi13ResetCallbackE
0x0000007102C28E50,_ZN18cMechTokeniserItem8mTrueTagE
0x0000007102C28E54,_ZN18cMechTokeniserItem9mFalseTagE
0x0000007102C28E80,_ZN12ScriptHelper14ms_colourTableE
0x0000007102C28F08,_ZN15ParseTargetType21ms_targetTypeNameHashE
0x0000007102C28F48,gScriptSupport
0x0000007102C28F78,_ZN13SVarAddOnList16s_AddOnOwnerTypeE
0x0000007102C29460,_ZN13ETAddOnHelper30ms_extendedTargetAddOnNameHashE
0x0000007102C29638,_ZN9GoalIcons20event_GoalIcons_LeftE
0x0000007102C29660,_ZN9GoalIcons21event_GoalIcons_RightE
0x0000007102C29688,_ZN9GoalIcons22event_GoalIcons_CentreE
0x0000007102C29728,gActivityChooserEvent
0x0000007102C297A0,_ZN10AttachObjs8s_hashIdE
0x0000007102C298BC,_ZN8ShowHint10s_SuppressE
0x0000007102C29B18,_ZN12AIShootBurst17ms_pLOSQueueStartE
0x0000007102C29B20,_ZN12AIShootBurst15ms_pLOSQueueEndE
0x0000007102C29B28,_ZN12AIShootBurst22ms_pLOSQueueAutoRemoveE
0x0000007102C29B30,_ZN12AIShootBurst23ms_iLOSQueueUpdateFrameE
0x0000007102C29C28,_ZN13CreatureGroup14EventDestroyedE
0x0000007102C29C78,theCreatureGroupHelper
0x0000007102C29C80,_ZN19CreatureGroupHelper11smCharNamesE
0x0000007102C2A480,_ZN19CreatureGroupHelper13smScriptNamesE
0x0000007102C2AC80,_ZN19CreatureGroupHelper10smLocNamesE
0x0000007102C2B480,_ZN19CreatureGroupHelper13smLocSetNamesE
0x0000007102C2BC80,_ZN19CreatureGroupHelper11smAreaNamesE
0x0000007102C2C4A8,theCreatureDataHelper
0x0000007102C2C4B0,theCreatureDataListHelper
0x0000007102C2C4E0,theSpawnPointHelper
0x0000007102C2C510,theVolumeTriggerHelper
0x0000007102C2C540,theMessageTriggerHelper
0x0000007102C2C570,theCheckPointTriggerHelper
0x0000007102C2C5A0,theCharacterUnlockedTriggerHelper
0x0000007102C2C760,_ZN8Material13MaterialTableE
0x0000007102C32160,m
0x0000007102C32164,o
0x0000007102C32168,_ZN9DynoScene13mListenerListE
0x0000007102C32174,_ZN6Island15m_collisionOnlyE
0x0000007102C32188,_ZN10EntityPair9PairTableE
0x0000007102C32988,_ZN5Agent10AgentTableE
0x0000007102C33294,_ZN17ConvexConvexAgent17m_allowedToiDepthE
0x0000007102C33298,_ZN6Entity20mDontSleepForJointedE
0x0000007102C33299,_ZN9Character17mFastPlatformHackE
0x0000007102C3C2C8,_ZN5Water12m_FluidTypesE
0x0000007102C3C418,_ZN12ContactJoint12FrictionHackE
0x0000007102C3C419,_ZN4Geom9ClothHackE
0x0000007102C3C41A,_ZN4Geom10LogicalNotE
0x0000007102C3C41B,_ZN4Geom13RenderNormalsE
0x0000007102C3C41C,_ZN4Geom16mRenderTypeNamesE
0x0000007102C3C41D,_ZN4Geom20mRenderTerrExtraOnlyE
0x0000007102C3C420,_ZN4Geom12mColourTableE
0x0000007102C3C820,_ZN4Geom10s_renderFnE
0x0000007102C3C828,_ZN12CylinderGeom20BaseVertsInitializedE
0x0000007102C3C830,_ZN12CylinderGeom9BaseVertsE
0x0000007102C3C8B0,_ZZN13NuVector3Base6Get101EvE5s_101
0x0000007102C3C8C0,_ZGVZN13NuVector3Base6Get101EvE5s_101
0x0000007102C3C8C8,_ZN10GhkFeature5DoComE
0x0000007102C3C8C9,_ZN10GhkFeature7mRenderE
0x0000007102C3C8CC,_ZN12TriangleGeom7mRadiusE
0x0000007102C3C8D0,GHK_TwoDimensions
0x0000007102C3C8D4,_ZZN10GhkSimplex13ContainsPointERK13NuVector3BaseE5Small
0x0000007102C3C8D8,_ZGVZN10GhkSimplex13ContainsPointERK13NuVector3BaseE5Small
0x0000007102C3C8E0,_ZN10DynoMemory5mPoolE
0x0000007102C3C8E8,StringHack
0x0000007102C3C8E9,MatrixHack
0x0000007102C3C8F0,StartBuffer
0x0000007102C3C8F8,ExportBuffer
0x0000007102C3C900,_ZN12PinnerEntity11FileVersionE
0x0000007102C3C904,_ZN10PinnerGeom11FileVersionE
0x0000007102C3C908,_ZN11PinnerJoint11FileVersionE
0x0000007102C3C90C,_ZN12PinnerMatrix11FileVersionE
0x0000007102C3C910,_ZN10PinnerMesh11FileVersionE
0x0000007102C3C914,_ZN12PinnerSpline11FileVersionE
0x0000007102C3C918,_ZN12PinnerString11FileVersionE
0x0000007102C3C91C,_ZN13PinnerTileMap11FileVersionE
0x0000007102C3C920,_ZN12DynoImporter15ForceRigidSleepE
0x0000007102C3C921,_ZN9KdTerrain23m_collectSingleTerrTypeE
0x0000007102C3C922,_ZN9KdTerrain19m_terrTypeToCollectE
0x0000007102C3C960,_ZN19KdTerrainDescriptor11FileVersionE
0x0000007102C3C964,_ZN16PinnerController11FileVersionE
0x0000007102C3C968,_ZN16PinnerConvexMesh11FileVersionE
0x0000007102C3C998,_ZN20MechCharacterCutOuts15s_paramNameListE
0x0000007102C3D310,_ZN20MechCharacterCutOuts14s_cutOutGroupsE
0x0000007102C3D378,pfnc_nvnDeviceBuilderSetDefaults
0x0000007102C3D380,pfnc_nvnDeviceBuilderSetFlags
0x0000007102C3D388,pfnc_nvnDeviceInitialize
0x0000007102C3D390,pfnc_nvnDeviceFinalize
0x0000007102C3D398,pfnc_nvnDeviceSetDebugLabel
0x0000007102C3D3A0,pfnc_nvnDeviceGetProcAddress
0x0000007102C3D3A8,pfnc_nvnDeviceGetInteger
0x0000007102C3D3B0,pfnc_nvnDeviceGetCurrentTimestampInNanoseconds
0x0000007102C3D3B8,pfnc_nvnDeviceSetIntermediateShaderCache
0x0000007102C3D3C0,pfnc_nvnDeviceGetTextureHandle
0x0000007102C3D3C8,pfnc_nvnDeviceGetTexelFetchHandle
0x0000007102C3D3D0,pfnc_nvnDeviceGetImageHandle
0x0000007102C3D3D8,pfnc_nvnDeviceInstallDebugCallback
0x0000007102C3D3E0,pfnc_nvnDeviceSetWindowOriginMode
0x0000007102C3D3E8,pfnc_nvnDeviceSetDepthMode
0x0000007102C3D3F0,pfnc_nvnDeviceRegisterFastClearColor
0x0000007102C3D3F8,pfnc_nvnDeviceRegisterFastClearColori
0x0000007102C3D400,pfnc_nvnDeviceRegisterFastClearColorui
0x0000007102C3D408,pfnc_nvnDeviceRegisterFastClearDepth
0x0000007102C3D410,pfnc_nvnDeviceGetWindowOriginMode
0x0000007102C3D418,pfnc_nvnDeviceGetDepthMode
0x0000007102C3D420,pfnc_nvnDeviceGetTimestampInNanoseconds
0x0000007102C3D428,pfnc_nvnDeviceApplyDeferredFinalizes
0x0000007102C3D430,pfnc_nvnDeviceFinalizeCommandHandle
0x0000007102C3D438,pfnc_nvnDeviceWaitForError
0x0000007102C3D440,pfnc_nvnQueueGetError
0x0000007102C3D448,pfnc_nvnQueueGetTotalCommandMemoryUsed
0x0000007102C3D450,pfnc_nvnQueueGetTotalControlMemoryUsed
0x0000007102C3D458,pfnc_nvnQueueGetTotalComputeMemoryUsed
0x0000007102C3D460,pfnc_nvnQueueResetMemoryUsageCounts
0x0000007102C3D468,pfnc_nvnQueueBuilderSetDevice
0x0000007102C3D470,pfnc_nvnQueueBuilderSetDefaults
0x0000007102C3D478,pfnc_nvnQueueBuilderSetFlags
0x0000007102C3D480,pfnc_nvnQueueBuilderSetCommandMemorySize
0x0000007102C3D488,pfnc_nvnQueueBuilderSetComputeMemorySize
0x0000007102C3D490,pfnc_nvnQueueBuilderSetControlMemorySize
0x0000007102C3D498,pfnc_nvnQueueBuilderGetQueueMemorySize
0x0000007102C3D4A0,pfnc_nvnQueueBuilderSetQueueMemory
0x0000007102C3D4A8,pfnc_nvnQueueBuilderSetCommandFlushThreshold
0x0000007102C3D4B0,pfnc_nvnQueueInitialize
0x0000007102C3D4B8,pfnc_nvnQueueFinalize
0x0000007102C3D4C0,pfnc_nvnQueueSetDebugLabel
0x0000007102C3D4C8,pfnc_nvnQueueSubmitCommands
0x0000007102C3D4D0,pfnc_nvnQueueFlush
0x0000007102C3D4D8,pfnc_nvnQueueFinish
0x0000007102C3D4E0,pfnc_nvnQueuePresentTexture
0x0000007102C3D4E8,pfnc_nvnQueueAcquireTexture
0x0000007102C3D4F0,pfnc_nvnWindowBuilderSetDevice
0x0000007102C3D4F8,pfnc_nvnWindowBuilderSetDefaults
0x0000007102C3D500,pfnc_nvnWindowBuilderSetNativeWindow
0x0000007102C3D508,pfnc_nvnWindowBuilderSetTextures
0x0000007102C3D510,pfnc_nvnWindowBuilderSetPresentInterval
0x0000007102C3D518,pfnc_nvnWindowBuilderGetNativeWindow
0x0000007102C3D520,pfnc_nvnWindowBuilderGetPresentInterval
0x0000007102C3D528,pfnc_nvnWindowInitialize
0x0000007102C3D530,pfnc_nvnWindowFinalize
0x0000007102C3D538,pfnc_nvnWindowSetDebugLabel
0x0000007102C3D540,pfnc_nvnWindowAcquireTexture
0x0000007102C3D548,pfnc_nvnWindowGetNativeWindow
0x0000007102C3D550,pfnc_nvnWindowGetPresentInterval
0x0000007102C3D558,pfnc_nvnWindowSetPresentInterval
0x0000007102C3D560,pfnc_nvnWindowSetCrop
0x0000007102C3D568,pfnc_nvnProgramInitialize
0x0000007102C3D570,pfnc_nvnProgramFinalize
0x0000007102C3D578,pfnc_nvnProgramSetDebugLabel
0x0000007102C3D580,pfnc_nvnProgramSetShaders
0x0000007102C3D588,pfnc_nvnMemoryPoolBuilderSetDevice
0x0000007102C3D590,pfnc_nvnMemoryPoolBuilderSetDefaults
0x0000007102C3D598,pfnc_nvnMemoryPoolBuilderSetStorage
0x0000007102C3D5A0,pfnc_nvnMemoryPoolBuilderSetFlags
0x0000007102C3D5A8,pfnc_nvnMemoryPoolBuilderGetMemory
0x0000007102C3D5B0,pfnc_nvnMemoryPoolBuilderGetSize
0x0000007102C3D5B8,pfnc_nvnMemoryPoolBuilderGetFlags
0x0000007102C3D5C0,pfnc_nvnMemoryPoolInitialize
0x0000007102C3D5C8,pfnc_nvnMemoryPoolSetDebugLabel
0x0000007102C3D5D0,pfnc_nvnMemoryPoolFinalize
0x0000007102C3D5D8,pfnc_nvnMemoryPoolMap
0x0000007102C3D5E0,pfnc_nvnMemoryPoolFlushMappedRange
0x0000007102C3D5E8,pfnc_nvnMemoryPoolInvalidateMappedRange
0x0000007102C3D5F0,pfnc_nvnMemoryPoolGetBufferAddress
0x0000007102C3D5F8,pfnc_nvnMemoryPoolMapVirtual
0x0000007102C3D600,pfnc_nvnMemoryPoolGetSize
0x0000007102C3D608,pfnc_nvnMemoryPoolGetFlags
0x0000007102C3D610,pfnc_nvnTexturePoolInitialize
0x0000007102C3D618,pfnc_nvnTexturePoolSetDebugLabel
0x0000007102C3D620,pfnc_nvnTexturePoolFinalize
0x0000007102C3D628,pfnc_nvnTexturePoolRegisterTexture
0x0000007102C3D630,pfnc_nvnTexturePoolRegisterImage
0x0000007102C3D638,pfnc_nvnTexturePoolGetMemoryPool
0x0000007102C3D640,pfnc_nvnTexturePoolGetMemoryOffset
0x0000007102C3D648,pfnc_nvnTexturePoolGetSize
0x0000007102C3D650,pfnc_nvnSamplerPoolInitialize
0x0000007102C3D658,pfnc_nvnSamplerPoolSetDebugLabel
0x0000007102C3D660,pfnc_nvnSamplerPoolFinalize
0x0000007102C3D668,pfnc_nvnSamplerPoolRegisterSampler
0x0000007102C3D670,pfnc_nvnSamplerPoolGetMemoryPool
0x0000007102C3D678,pfnc_nvnSamplerPoolGetMemoryOffset
0x0000007102C3D680,pfnc_nvnSamplerPoolGetSize
0x0000007102C3D688,pfnc_nvnBufferBuilderSetDevice
0x0000007102C3D690,pfnc_nvnBufferBuilderSetDefaults
0x0000007102C3D698,pfnc_nvnBufferBuilderSetStorage
0x0000007102C3D6A0,pfnc_nvnBufferBuilderGetMemoryPool
0x0000007102C3D6A8,pfnc_nvnBufferBuilderGetMemoryOffset
0x0000007102C3D6B0,pfnc_nvnBufferBuilderGetSize
0x0000007102C3D6B8,pfnc_nvnBufferInitialize
0x0000007102C3D6C0,pfnc_nvnBufferSetDebugLabel
0x0000007102C3D6C8,pfnc_nvnBufferFinalize
0x0000007102C3D6D0,pfnc_nvnBufferMap
0x0000007102C3D6D8,pfnc_nvnBufferGetAddress
0x0000007102C3D6E0,pfnc_nvnBufferFlushMappedRange
0x0000007102C3D6E8,pfnc_nvnBufferInvalidateMappedRange
0x0000007102C3D6F0,pfnc_nvnBufferGetMemoryPool
0x0000007102C3D6F8,pfnc_nvnBufferGetMemoryOffset
0x0000007102C3D700,pfnc_nvnBufferGetSize
0x0000007102C3D708,pfnc_nvnBufferGetDebugID
0x0000007102C3D710,pfnc_nvnTextureBuilderSetDevice
0x0000007102C3D718,pfnc_nvnTextureBuilderSetDefaults
0x0000007102C3D720,pfnc_nvnTextureBuilderSetFlags
0x0000007102C3D728,pfnc_nvnTextureBuilderSetTarget
0x0000007102C3D730,pfnc_nvnTextureBuilderSetWidth
0x0000007102C3D738,pfnc_nvnTextureBuilderSetHeight
0x0000007102C3D740,pfnc_nvnTextureBuilderSetDepth
0x0000007102C3D748,pfnc_nvnTextureBuilderSetSize1D
0x0000007102C3D750,pfnc_nvnTextureBuilderSetSize2D
0x0000007102C3D758,pfnc_nvnTextureBuilderSetSize3D
0x0000007102C3D760,pfnc_nvnTextureBuilderSetLevels
0x0000007102C3D768,pfnc_nvnTextureBuilderSetFormat
0x0000007102C3D770,pfnc_nvnTextureBuilderSetSamples
0x0000007102C3D778,pfnc_nvnTextureBuilderSetSwizzle
0x0000007102C3D780,pfnc_nvnTextureBuilderSetDepthStencilMode
0x0000007102C3D788,pfnc_nvnTextureBuilderGetStorageSize
0x0000007102C3D790,pfnc_nvnTextureBuilderGetStorageAlignment
0x0000007102C3D798,pfnc_nvnTextureBuilderSetStorage
0x0000007102C3D7A0,pfnc_nvnTextureBuilderSetPackagedTextureData
0x0000007102C3D7A8,pfnc_nvnTextureBuilderSetPackagedTextureLayout
0x0000007102C3D7B0,pfnc_nvnTextureBuilderSetStride
0x0000007102C3D7B8,pfnc_nvnTextureBuilderSetGLTextureName
0x0000007102C3D7C0,pfnc_nvnTextureBuilderGetStorageClass
0x0000007102C3D7C8,pfnc_nvnTextureBuilderGetFlags
0x0000007102C3D7D0,pfnc_nvnTextureBuilderGetTarget
0x0000007102C3D7D8,pfnc_nvnTextureBuilderGetWidth
0x0000007102C3D7E0,pfnc_nvnTextureBuilderGetHeight
0x0000007102C3D7E8,pfnc_nvnTextureBuilderGetDepth
0x0000007102C3D7F0,pfnc_nvnTextureBuilderGetLevels
0x0000007102C3D7F8,pfnc_nvnTextureBuilderGetFormat
0x0000007102C3D800,pfnc_nvnTextureBuilderGetSamples
0x0000007102C3D808,pfnc_nvnTextureBuilderGetSwizzle
0x0000007102C3D810,pfnc_nvnTextureBuilderGetDepthStencilMode
0x0000007102C3D818,pfnc_nvnTextureBuilderGetPackagedTextureData
0x0000007102C3D820,pfnc_nvnTextureBuilderGetStride
0x0000007102C3D828,pfnc_nvnTextureBuilderGetSparseTileLayout
0x0000007102C3D830,pfnc_nvnTextureBuilderGetGLTextureName
0x0000007102C3D838,pfnc_nvnTextureBuilderGetZCullStorageSize
0x0000007102C3D840,pfnc_nvnTextureBuilderGetMemoryPool
0x0000007102C3D848,pfnc_nvnTextureBuilderGetMemoryOffset
0x0000007102C3D850,pfnc_nvnTextureViewSetDefaults
0x0000007102C3D858,pfnc_nvnTextureViewSetLevels
0x0000007102C3D860,pfnc_nvnTextureViewSetLayers
0x0000007102C3D868,pfnc_nvnTextureViewSetFormat
0x0000007102C3D870,pfnc_nvnTextureViewSetSwizzle
0x0000007102C3D878,pfnc_nvnTextureViewSetDepthStencilMode
0x0000007102C3D880,pfnc_nvnTextureViewSetTarget
0x0000007102C3D888,pfnc_nvnTextureViewGetLevels
0x0000007102C3D890,pfnc_nvnTextureViewGetLayers
0x0000007102C3D898,pfnc_nvnTextureViewGetFormat
0x0000007102C3D8A0,pfnc_nvnTextureViewGetSwizzle
0x0000007102C3D8A8,pfnc_nvnTextureViewGetDepthStencilMode
0x0000007102C3D8B0,pfnc_nvnTextureViewGetTarget
0x0000007102C3D8B8,pfnc_nvnTextureViewCompare
0x0000007102C3D8C0,pfnc_nvnTextureInitialize
0x0000007102C3D8C8,pfnc_nvnTextureGetZCullStorageSize
0x0000007102C3D8D0,pfnc_nvnTextureFinalize
0x0000007102C3D8D8,pfnc_nvnTextureSetDebugLabel
0x0000007102C3D8E0,pfnc_nvnTextureGetStorageClass
0x0000007102C3D8E8,pfnc_nvnTextureGetViewOffset
0x0000007102C3D8F0,pfnc_nvnTextureGetFlags
0x0000007102C3D8F8,pfnc_nvnTextureGetTarget
0x0000007102C3D900,pfnc_nvnTextureGetWidth
0x0000007102C3D908,pfnc_nvnTextureGetHeight
0x0000007102C3D910,pfnc_nvnTextureGetDepth
0x0000007102C3D918,pfnc_nvnTextureGetLevels
0x0000007102C3D920,pfnc_nvnTextureGetFormat
0x0000007102C3D928,pfnc_nvnTextureGetSamples
0x0000007102C3D930,pfnc_nvnTextureGetSwizzle
0x0000007102C3D938,pfnc_nvnTextureGetDepthStencilMode
0x0000007102C3D940,pfnc_nvnTextureGetStride
0x0000007102C3D948,pfnc_nvnTextureGetTextureAddress
0x0000007102C3D950,pfnc_nvnTextureGetSparseTileLayout
0x0000007102C3D958,pfnc_nvnTextureWriteTexels
0x0000007102C3D960,pfnc_nvnTextureReadTexels
0x0000007102C3D968,pfnc_nvnTextureFlushTexels
0x0000007102C3D970,pfnc_nvnTextureInvalidateTexels
0x0000007102C3D978,pfnc_nvnTextureGetMemoryPool
0x0000007102C3D980,pfnc_nvnTextureGetMemoryOffset
0x0000007102C3D988,pfnc_nvnTextureGetStorageSize
0x0000007102C3D990,pfnc_nvnTextureCompare
0x0000007102C3D998,pfnc_nvnTextureGetDebugID
0x0000007102C3D9A0,pfnc_nvnSamplerBuilderSetDevice
0x0000007102C3D9A8,pfnc_nvnSamplerBuilderSetDefaults
0x0000007102C3D9B0,pfnc_nvnSamplerBuilderSetMinMagFilter
0x0000007102C3D9B8,pfnc_nvnSamplerBuilderSetWrapMode
0x0000007102C3D9C0,pfnc_nvnSamplerBuilderSetLodClamp
0x0000007102C3D9C8,pfnc_nvnSamplerBuilderSetLodBias
0x0000007102C3D9D0,pfnc_nvnSamplerBuilderSetCompare
0x0000007102C3D9D8,pfnc_nvnSamplerBuilderSetBorderColor
0x0000007102C3D9E0,pfnc_nvnSamplerBuilderSetBorderColori
0x0000007102C3D9E8,pfnc_nvnSamplerBuilderSetBorderColorui
0x0000007102C3D9F0,pfnc_nvnSamplerBuilderSetMaxAnisotropy
0x0000007102C3D9F8,pfnc_nvnSamplerBuilderSetReductionFilter
0x0000007102C3DA00,pfnc_nvnSamplerBuilderGetMinMagFilter
0x0000007102C3DA08,pfnc_nvnSamplerBuilderGetWrapMode
0x0000007102C3DA10,pfnc_nvnSamplerBuilderGetLodClamp
0x0000007102C3DA18,pfnc_nvnSamplerBuilderGetLodBias
0x0000007102C3DA20,pfnc_nvnSamplerBuilderGetCompare
0x0000007102C3DA28,pfnc_nvnSamplerBuilderGetBorderColor
0x0000007102C3DA30,pfnc_nvnSamplerBuilderGetBorderColori
0x0000007102C3DA38,pfnc_nvnSamplerBuilderGetBorderColorui
0x0000007102C3DA40,pfnc_nvnSamplerBuilderGetMaxAnisotropy
0x0000007102C3DA48,pfnc_nvnSamplerBuilderGetReductionFilter
0x0000007102C3DA50,pfnc_nvnSamplerInitialize
0x0000007102C3DA58,pfnc_nvnSamplerFinalize
0x0000007102C3DA60,pfnc_nvnSamplerSetDebugLabel
0x0000007102C3DA68,pfnc_nvnSamplerGetMinMagFilter
0x0000007102C3DA70,pfnc_nvnSamplerGetWrapMode
0x0000007102C3DA78,pfnc_nvnSamplerGetLodClamp
0x0000007102C3DA80,pfnc_nvnSamplerGetLodBias
0x0000007102C3DA88,pfnc_nvnSamplerGetCompare
0x0000007102C3DA90,pfnc_nvnSamplerGetBorderColor
0x0000007102C3DA98,pfnc_nvnSamplerGetBorderColori
0x0000007102C3DAA0,pfnc_nvnSamplerGetBorderColorui
0x0000007102C3DAA8,pfnc_nvnSamplerGetMaxAnisotropy
0x0000007102C3DAB0,pfnc_nvnSamplerGetReductionFilter
0x0000007102C3DAB8,pfnc_nvnSamplerCompare
0x0000007102C3DAC0,pfnc_nvnSamplerGetDebugID
0x0000007102C3DAC8,pfnc_nvnBlendStateSetDefaults
0x0000007102C3DAD0,pfnc_nvnBlendStateSetBlendTarget
0x0000007102C3DAD8,pfnc_nvnBlendStateSetBlendFunc
0x0000007102C3DAE0,pfnc_nvnBlendStateSetBlendEquation
0x0000007102C3DAE8,pfnc_nvnBlendStateSetAdvancedMode
0x0000007102C3DAF0,pfnc_nvnBlendStateSetAdvancedOverlap
0x0000007102C3DAF8,pfnc_nvnBlendStateSetAdvancedPremultipliedSrc
0x0000007102C3DB00,pfnc_nvnBlendStateSetAdvancedNormalizedDst
0x0000007102C3DB08,pfnc_nvnBlendStateGetBlendTarget
0x0000007102C3DB10,pfnc_nvnBlendStateGetBlendFunc
0x0000007102C3DB18,pfnc_nvnBlendStateGetBlendEquation
0x0000007102C3DB20,pfnc_nvnBlendStateGetAdvancedMode
0x0000007102C3DB28,pfnc_nvnBlendStateGetAdvancedOverlap
0x0000007102C3DB30,pfnc_nvnBlendStateGetAdvancedPremultipliedSrc
0x0000007102C3DB38,pfnc_nvnBlendStateGetAdvancedNormalizedDst
0x0000007102C3DB40,pfnc_nvnColorStateSetDefaults
0x0000007102C3DB48,pfnc_nvnColorStateSetBlendEnable
0x0000007102C3DB50,pfnc_nvnColorStateSetLogicOp
0x0000007102C3DB58,pfnc_nvnColorStateSetAlphaTest
0x0000007102C3DB60,pfnc_nvnColorStateGetBlendEnable
0x0000007102C3DB68,pfnc_nvnColorStateGetLogicOp
0x0000007102C3DB70,pfnc_nvnColorStateGetAlphaTest
0x0000007102C3DB78,pfnc_nvnChannelMaskStateSetDefaults
0x0000007102C3DB80,pfnc_nvnChannelMaskStateSetChannelMask
0x0000007102C3DB88,pfnc_nvnChannelMaskStateGetChannelMask
0x0000007102C3DB90,pfnc_nvnMultisampleStateSetDefaults
0x0000007102C3DB98,pfnc_nvnMultisampleStateSetMultisampleEnable
0x0000007102C3DBA0,pfnc_nvnMultisampleStateSetSamples
0x0000007102C3DBA8,pfnc_nvnMultisampleStateSetAlphaToCoverageEnable
0x0000007102C3DBB0,pfnc_nvnMultisampleStateSetAlphaToCoverageDither
0x0000007102C3DBB8,pfnc_nvnMultisampleStateGetMultisampleEnable
0x0000007102C3DBC0,pfnc_nvnMultisampleStateGetSamples
0x0000007102C3DBC8,pfnc_nvnMultisampleStateGetAlphaToCoverageEnable
0x0000007102C3DBD0,pfnc_nvnMultisampleStateGetAlphaToCoverageDither
0x0000007102C3DBD8,pfnc_nvnMultisampleStateSetRasterSamples
0x0000007102C3DBE0,pfnc_nvnMultisampleStateGetRasterSamples
0x0000007102C3DBE8,pfnc_nvnMultisampleStateSetCoverageModulationMode
0x0000007102C3DBF0,pfnc_nvnMultisampleStateGetCoverageModulationMode
0x0000007102C3DBF8,pfnc_nvnMultisampleStateSetCoverageToColorEnable
0x0000007102C3DC00,pfnc_nvnMultisampleStateGetCoverageToColorEnable
0x0000007102C3DC08,pfnc_nvnMultisampleStateSetCoverageToColorOutput
0x0000007102C3DC10,pfnc_nvnMultisampleStateGetCoverageToColorOutput
0x0000007102C3DC18,pfnc_nvnMultisampleStateSetSampleLocationsEnable
0x0000007102C3DC20,pfnc_nvnMultisampleStateGetSampleLocationsEnable
0x0000007102C3DC28,pfnc_nvnMultisampleStateGetSampleLocationsGrid
0x0000007102C3DC30,pfnc_nvnMultisampleStateSetSampleLocationsGridEnable
0x0000007102C3DC38,pfnc_nvnMultisampleStateGetSampleLocationsGridEnable
0x0000007102C3DC40,pfnc_nvnMultisampleStateSetSampleLocations
0x0000007102C3DC48,pfnc_nvnPolygonStateSetDefaults
0x0000007102C3DC50,pfnc_nvnPolygonStateSetCullFace
0x0000007102C3DC58,pfnc_nvnPolygonStateSetFrontFace
0x0000007102C3DC60,pfnc_nvnPolygonStateSetPolygonMode
0x0000007102C3DC68,pfnc_nvnPolygonStateSetPolygonOffsetEnables
0x0000007102C3DC70,pfnc_nvnPolygonStateGetCullFace
0x0000007102C3DC78,pfnc_nvnPolygonStateGetFrontFace
0x0000007102C3DC80,pfnc_nvnPolygonStateGetPolygonMode
0x0000007102C3DC88,pfnc_nvnPolygonStateGetPolygonOffsetEnables
0x0000007102C3DC90,pfnc_nvnDepthStencilStateSetDefaults
0x0000007102C3DC98,pfnc_nvnDepthStencilStateSetDepthTestEnable
0x0000007102C3DCA0,pfnc_nvnDepthStencilStateSetDepthWriteEnable
0x0000007102C3DCA8,pfnc_nvnDepthStencilStateSetDepthFunc
0x0000007102C3DCB0,pfnc_nvnDepthStencilStateSetStencilTestEnable
0x0000007102C3DCB8,pfnc_nvnDepthStencilStateSetStencilFunc
0x0000007102C3DCC0,pfnc_nvnDepthStencilStateSetStencilOp
0x0000007102C3DCC8,pfnc_nvnDepthStencilStateGetDepthTestEnable
0x0000007102C3DCD0,pfnc_nvnDepthStencilStateGetDepthWriteEnable
0x0000007102C3DCD8,pfnc_nvnDepthStencilStateGetDepthFunc
0x0000007102C3DCE0,pfnc_nvnDepthStencilStateGetStencilTestEnable
0x0000007102C3DCE8,pfnc_nvnDepthStencilStateGetStencilFunc
0x0000007102C3DCF0,pfnc_nvnDepthStencilStateGetStencilOp
0x0000007102C3DCF8,pfnc_nvnVertexAttribStateSetDefaults
0x0000007102C3DD00,pfnc_nvnVertexAttribStateSetFormat
0x0000007102C3DD08,pfnc_nvnVertexAttribStateSetStreamIndex
0x0000007102C3DD10,pfnc_nvnVertexAttribStateGetFormat
0x0000007102C3DD18,pfnc_nvnVertexAttribStateGetStreamIndex
0x0000007102C3DD20,pfnc_nvnVertexStreamStateSetDefaults
0x0000007102C3DD28,pfnc_nvnVertexStreamStateSetStride
0x0000007102C3DD30,pfnc_nvnVertexStreamStateSetDivisor
0x0000007102C3DD38,pfnc_nvnVertexStreamStateGetStride
0x0000007102C3DD40,pfnc_nvnVertexStreamStateGetDivisor
0x0000007102C3DD48,pfnc_nvnCommandBufferInitialize
0x0000007102C3DD50,pfnc_nvnCommandBufferFinalize
0x0000007102C3DD58,pfnc_nvnCommandBufferSetDebugLabel
0x0000007102C3DD60,pfnc_nvnCommandBufferSetMemoryCallback
0x0000007102C3DD68,pfnc_nvnCommandBufferSetMemoryCallbackData
0x0000007102C3DD70,pfnc_nvnCommandBufferAddCommandMemory
0x0000007102C3DD78,pfnc_nvnCommandBufferAddControlMemory
0x0000007102C3DD80,pfnc_nvnCommandBufferGetCommandMemorySize
0x0000007102C3DD88,pfnc_nvnCommandBufferGetCommandMemoryUsed
0x0000007102C3DD90,pfnc_nvnCommandBufferGetCommandMemoryFree
0x0000007102C3DD98,pfnc_nvnCommandBufferGetControlMemorySize
0x0000007102C3DDA0,pfnc_nvnCommandBufferGetControlMemoryUsed
0x0000007102C3DDA8,pfnc_nvnCommandBufferGetControlMemoryFree
0x0000007102C3DDB0,pfnc_nvnCommandBufferBeginRecording
0x0000007102C3DDB8,pfnc_nvnCommandBufferEndRecording
0x0000007102C3DDC0,pfnc_nvnCommandBufferCallCommands
0x0000007102C3DDC8,pfnc_nvnCommandBufferCopyCommands
0x0000007102C3DDD0,pfnc_nvnCommandBufferBindBlendState
0x0000007102C3DDD8,pfnc_nvnCommandBufferBindChannelMaskState
0x0000007102C3DDE0,pfnc_nvnCommandBufferBindColorState
0x0000007102C3DDE8,pfnc_nvnCommandBufferBindMultisampleState
0x0000007102C3DDF0,pfnc_nvnCommandBufferBindPolygonState
0x0000007102C3DDF8,pfnc_nvnCommandBufferBindDepthStencilState
0x0000007102C3DE00,pfnc_nvnCommandBufferBindVertexAttribState
0x0000007102C3DE08,pfnc_nvnCommandBufferBindVertexStreamState
0x0000007102C3DE10,pfnc_nvnCommandBufferBindProgram
0x0000007102C3DE18,pfnc_nvnCommandBufferBindVertexBuffer
0x0000007102C3DE20,pfnc_nvnCommandBufferBindVertexBuffers
0x0000007102C3DE28,pfnc_nvnCommandBufferBindUniformBuffer
0x0000007102C3DE30,pfnc_nvnCommandBufferBindUniformBuffers
0x0000007102C3DE38,pfnc_nvnCommandBufferBindTransformFeedbackBuffer
0x0000007102C3DE40,pfnc_nvnCommandBufferBindTransformFeedbackBuffers
0x0000007102C3DE48,pfnc_nvnCommandBufferBindStorageBuffer
0x0000007102C3DE50,pfnc_nvnCommandBufferBindStorageBuffers
0x0000007102C3DE58,pfnc_nvnCommandBufferBindTexture
0x0000007102C3DE60,pfnc_nvnCommandBufferBindTextures
0x0000007102C3DE68,pfnc_nvnCommandBufferBindImage
0x0000007102C3DE70,pfnc_nvnCommandBufferBindImages
0x0000007102C3DE78,pfnc_nvnCommandBufferSetPatchSize
0x0000007102C3DE80,pfnc_nvnCommandBufferSetInnerTessellationLevels
0x0000007102C3DE88,pfnc_nvnCommandBufferSetOuterTessellationLevels
0x0000007102C3DE90,pfnc_nvnCommandBufferSetPrimitiveRestart
0x0000007102C3DE98,pfnc_nvnCommandBufferBeginTransformFeedback
0x0000007102C3DEA0,pfnc_nvnCommandBufferEndTransformFeedback
0x0000007102C3DEA8,pfnc_nvnCommandBufferPauseTransformFeedback
0x0000007102C3DEB0,pfnc_nvnCommandBufferResumeTransformFeedback
0x0000007102C3DEB8,pfnc_nvnCommandBufferDrawTransformFeedback
0x0000007102C3DEC0,pfnc_nvnCommandBufferDrawArrays
0x0000007102C3DEC8,pfnc_nvnCommandBufferDrawElements
0x0000007102C3DED0,pfnc_nvnCommandBufferDrawElementsBaseVertex
0x0000007102C3DED8,pfnc_nvnCommandBufferDrawArraysInstanced
0x0000007102C3DEE0,pfnc_nvnCommandBufferDrawElementsInstanced
0x0000007102C3DEE8,pfnc_nvnCommandBufferDrawArraysIndirect
0x0000007102C3DEF0,pfnc_nvnCommandBufferDrawElementsIndirect
0x0000007102C3DEF8,pfnc_nvnCommandBufferMultiDrawArraysIndirectCount
0x0000007102C3DF00,pfnc_nvnCommandBufferMultiDrawElementsIndirectCount
0x0000007102C3DF08,pfnc_nvnCommandBufferClearColor
0x0000007102C3DF10,pfnc_nvnCommandBufferClearColori
0x0000007102C3DF18,pfnc_nvnCommandBufferClearColorui
0x0000007102C3DF20,pfnc_nvnCommandBufferClearDepthStencil
0x0000007102C3DF28,pfnc_nvnCommandBufferDispatchCompute
0x0000007102C3DF30,pfnc_nvnCommandBufferDispatchComputeIndirect
0x0000007102C3DF38,pfnc_nvnCommandBufferSetViewport
0x0000007102C3DF40,pfnc_nvnCommandBufferSetViewports
0x0000007102C3DF48,pfnc_nvnCommandBufferSetViewportSwizzles
0x0000007102C3DF50,pfnc_nvnCommandBufferSetScissor
0x0000007102C3DF58,pfnc_nvnCommandBufferSetScissors
0x0000007102C3DF60,pfnc_nvnCommandBufferSetDepthRange
0x0000007102C3DF68,pfnc_nvnCommandBufferSetDepthBounds
0x0000007102C3DF70,pfnc_nvnCommandBufferSetDepthRanges
0x0000007102C3DF78,pfnc_nvnCommandBufferSetTiledCacheAction
0x0000007102C3DF80,pfnc_nvnCommandBufferSetTiledCacheTileSize
0x0000007102C3DF88,pfnc_nvnCommandBufferSetStencilValueMask
0x0000007102C3DF90,pfnc_nvnCommandBufferSetStencilMask
0x0000007102C3DF98,pfnc_nvnCommandBufferSetStencilRef
0x0000007102C3DFA0,pfnc_nvnCommandBufferSetBlendColor
0x0000007102C3DFA8,pfnc_nvnCommandBufferSetPointSize
0x0000007102C3DFB0,pfnc_nvnCommandBufferSetLineWidth
0x0000007102C3DFB8,pfnc_nvnCommandBufferSetPolygonOffsetClamp
0x0000007102C3DFC0,pfnc_nvnCommandBufferSetAlphaRef
0x0000007102C3DFC8,pfnc_nvnCommandBufferSetSampleMask
0x0000007102C3DFD0,pfnc_nvnCommandBufferSetRasterizerDiscard
0x0000007102C3DFD8,pfnc_nvnCommandBufferSetDepthClamp
0x0000007102C3DFE0,pfnc_nvnCommandBufferSetConservativeRasterEnable
0x0000007102C3DFE8,pfnc_nvnCommandBufferSetConservativeRasterDilate
0x0000007102C3DFF0,pfnc_nvnCommandBufferSetSubpixelPrecisionBias
0x0000007102C3DFF8,pfnc_nvnCommandBufferCopyBufferToTexture
0x0000007102C3E000,pfnc_nvnCommandBufferCopyTextureToBuffer
0x0000007102C3E008,pfnc_nvnCommandBufferCopyTextureToTexture
0x0000007102C3E010,pfnc_nvnCommandBufferCopyBufferToBuffer
0x0000007102C3E018,pfnc_nvnCommandBufferClearBuffer
0x0000007102C3E020,pfnc_nvnCommandBufferClearTexture
0x0000007102C3E028,pfnc_nvnCommandBufferClearTexturei
0x0000007102C3E030,pfnc_nvnCommandBufferClearTextureui
0x0000007102C3E038,pfnc_nvnCommandBufferUpdateUniformBuffer
0x0000007102C3E040,pfnc_nvnCommandBufferReportCounter
0x0000007102C3E048,pfnc_nvnCommandBufferResetCounter
0x0000007102C3E050,pfnc_nvnCommandBufferReportValue
0x0000007102C3E058,pfnc_nvnCommandBufferSetRenderEnable
0x0000007102C3E060,pfnc_nvnCommandBufferSetRenderEnableConditional
0x0000007102C3E068,pfnc_nvnCommandBufferSetRenderTargets
0x0000007102C3E070,pfnc_nvnCommandBufferDiscardColor
0x0000007102C3E078,pfnc_nvnCommandBufferDiscardDepthStencil
0x0000007102C3E080,pfnc_nvnCommandBufferDownsample
0x0000007102C3E088,pfnc_nvnCommandBufferTiledDownsample
0x0000007102C3E090,pfnc_nvnCommandBufferBarrier
0x0000007102C3E098,pfnc_nvnCommandBufferWaitSync
0x0000007102C3E0A0,pfnc_nvnCommandBufferFenceSync
0x0000007102C3E0A8,pfnc_nvnCommandBufferSetTexturePool
0x0000007102C3E0B0,pfnc_nvnCommandBufferSetSamplerPool
0x0000007102C3E0B8,pfnc_nvnCommandBufferSetShaderScratchMemory
0x0000007102C3E0C0,pfnc_nvnCommandBufferSaveZCullData
0x0000007102C3E0C8,pfnc_nvnCommandBufferRestoreZCullData
0x0000007102C3E0D0,pfnc_nvnCommandBufferSetCopyRowStride
0x0000007102C3E0D8,pfnc_nvnCommandBufferSetCopyImageStride
0x0000007102C3E0E0,pfnc_nvnCommandBufferGetCopyRowStride
0x0000007102C3E0E8,pfnc_nvnCommandBufferGetCopyImageStride
0x0000007102C3E0F0,pfnc_nvnCommandBufferDrawTexture
0x0000007102C3E0F8,pfnc_nvnProgramSetSubroutineLinkage
0x0000007102C3E100,pfnc_nvnCommandBufferSetProgramSubroutines
0x0000007102C3E108,pfnc_nvnCommandBufferBindCoverageModulationTable
0x0000007102C3E110,pfnc_nvnCommandBufferResolveDepthBuffer
0x0000007102C3E118,pfnc_nvnCommandBufferPushDebugGroup
0x0000007102C3E120,pfnc_nvnCommandBufferPopDebugGroup
0x0000007102C3E128,pfnc_nvnCommandBufferInsertDebugMarker
0x0000007102C3E130,pfnc_nvnCommandBufferGetMemoryCallback
0x0000007102C3E138,pfnc_nvnCommandBufferGetMemoryCallbackData
0x0000007102C3E140,pfnc_nvnCommandBufferIsRecording
0x0000007102C3E148,pfnc_nvnSyncInitialize
0x0000007102C3E150,pfnc_nvnSyncFinalize
0x0000007102C3E158,pfnc_nvnSyncSetDebugLabel
0x0000007102C3E160,pfnc_nvnQueueFenceSync
0x0000007102C3E168,pfnc_nvnSyncWait
0x0000007102C3E170,pfnc_nvnQueueWaitSync
